age,education,experience,jobclass,region,salary
56,SomeCollege,9,Industrial,South,76496
46,SomeCollege,20,Information,West,60938
32,HS,19,Information,West,25206
60,Advanced,7,Information,East,57042
25,College,35,Industrial,East,27456
38,College,28,Information,East,25560
56,SomeCollege,11,Information,West,56801
36,SomeCollege,13,Industrial,East,61171
40,College,20,Information,East,56881
28,SomeCollege,21,Information,West,78193
28,<HS,20,Information,East,55531
41,SomeCollege,29,Industrial,West,52551
53,College,38,Information,West,31759
57,SomeCollege,19,Industrial,South,62864
41,<HS,23,Industrial,South,25228
20,College,22,Information,West,80305
39,HS,6,Information,West,63061
19,HS,8,Information,South,91846
41,HS,0,Industrial,East,55839
61,HS,25,Industrial,East,63802
47,College,37,Information,East,45842
55,SomeCollege,37,Industrial,West,49350
19,HS,21,Information,South,34226
38,College,9,Information,East,28284
50,College,5,Industrial,South,52842
29,College,16,Industrial,South,49262
39,HS,37,Information,West,33860
61,SomeCollege,23,Industrial,East,36519
42,Advanced,9,Industrial,South,50487
44,College,7,Industrial,West,33603
59,<HS,20,Industrial,West,55349
45,<HS,5,Industrial,West,34068
33,SomeCollege,20,Information,East,53837
32,Advanced,38,Industrial,East,32739
64,SomeCollege,23,Information,West,32802
61,SomeCollege,32,Industrial,East,14566
20,HS,17,Information,East,47595
54,College,27,Industrial,South,71810
24,College,31,Information,West,70959
38,HS,11,Information,West,54861
26,College,26,Information,East,19984
56,Advanced,9,Industrial,West,62658
35,HS,31,Industrial,West,53384
21,SomeCollege,25,Information,West,43902
42,HS,24,Industrial,East,68110
31,College,10,Industrial,East,59231
26,SomeCollege,22,Industrial,East,79423
43,SomeCollege,33,Information,South,28915
19,College,39,Industrial,West,30088
37,HS,22,Information,South,32615
45,Advanced,28,Industrial,East,45724
64,SomeCollege,30,Industrial,South,73822
24,HS,6,Industrial,West,40646
61,College,39,Industrial,West,40966
25,College,32,Information,East,56259
64,HS,20,Information,East,62647
52,College,1,Information,South,16448
31,Advanced,17,Information,East,65595
34,HS,32,Information,South,40171
53,Advanced,36,Industrial,West,48463
57,HS,33,Industrial,West,71273
21,HS,19,Information,West,46753
19,HS,34,Information,West,27021
23,College,17,Information,West,27891
59,College,23,Information,South,49563
21,HS,7,Information,West,44984
46,SomeCollege,29,Industrial,South,50892
35,SomeCollege,9,Information,West,43980
43,<HS,22,Industrial,South,68621
61,College,10,Information,South,50371
51,College,1,Industrial,South,23555
27,SomeCollege,25,Industrial,East,62247
53,Advanced,35,Industrial,South,78594
31,SomeCollege,32,Industrial,South,52323
48,Advanced,12,Industrial,West,53488
32,College,39,Industrial,South,38301
25,SomeCollege,24,Industrial,South,46363
31,HS,3,Information,East,57543
40,College,18,Information,West,66976
57,SomeCollege,17,Information,East,56690
38,HS,36,Industrial,East,77270
33,<HS,29,Information,East,51477
62,SomeCollege,18,Industrial,South,33174
35,SomeCollege,22,Industrial,East,33604
64,College,15,Information,East,68516
41,College,0,Information,West,65106
43,<HS,11,Industrial,West,25330
42,College,23,Information,West,46857
62,HS,33,Industrial,West,47402
58,College,7,Information,East,38727
46,College,17,Industrial,West,28844
32,SomeCollege,4,Information,South,38395
62,College,25,Industrial,East,35699
18,HS,29,Information,West,29202
42,SomeCollege,12,Information,East,62435
24,College,18,Information,West,54244
26,SomeCollege,28,Information,East,43038
41,HS,2,Industrial,West,18941
18,SomeCollege,25,Industrial,South,45513
61,College,39,Information,West,57815
25,HS,11,Information,East,38959
41,HS,1,Information,East,32750
28,College,10,Industrial,South,48154
34,College,27,Industrial,East,55026
25,HS,17,Information,South,20001
52,HS,12,Industrial,East,70310
52,HS,36,Industrial,East,31263
50,HS,21,Industrial,South,43658
22,SomeCollege,11,Industrial,East,67719
59,College,1,Industrial,East,51880
56,College,36,Industrial,South,66441
58,SomeCollege,6,Information,West,73305
45,HS,25,Industrial,South,28104
24,College,25,Information,East,63530
26,SomeCollege,23,Information,West,69882
25,Advanced,11,Information,West,44362
29,SomeCollege,15,Industrial,West,45556
51,HS,22,Information,South,21304
50,College,39,Information,West,61716
40,HS,8,Information,West,11976
41,College,31,Information,West,64532
54,<HS,14,Information,East,28734
52,HS,36,Industrial,South,70860
61,College,12,Industrial,South,55944
57,HS,4,Information,East,65134
39,College,10,Industrial,West,37808
44,HS,9,Industrial,East,29998
52,SomeCollege,12,Information,East,23545
18,College,14,Industrial,West,66368
52,SomeCollege,6,Industrial,West,59944
54,HS,39,Information,South,60476
64,HS,27,Information,West,54371
31,<HS,31,Industrial,East,58158
20,HS,34,Industrial,East,45625
18,College,14,Information,West,55554
22,Advanced,35,Information,South,37147
43,College,20,Information,East,44859
31,College,5,Industrial,West,95649
56,College,0,Information,South,50583
44,College,3,Information,South,20425
26,HS,10,Industrial,East,43871
32,Advanced,25,Information,East,34137
32,College,36,Information,South,52388
43,SomeCollege,22,Information,South,36659
59,HS,28,Industrial,South,46822
30,SomeCollege,20,Information,West,38902
49,SomeCollege,26,Industrial,East,52957
56,College,38,Information,South,40589
49,SomeCollege,39,Information,East,55353
21,HS,12,Information,East,79228
47,Advanced,22,Information,East,32683
54,HS,15,Industrial,South,60857
40,SomeCollege,29,Information,West,13207
56,<HS,3,Industrial,South,46508
62,College,39,Information,East,53433
32,Advanced,15,Industrial,South,38779
60,HS,30,Industrial,South,23189
46,College,24,Industrial,East,49429
53,HS,11,Information,East,72981
30,Advanced,25,Information,South,47803
49,College,36,Information,South,58378
24,College,32,Industrial,South,66903
39,<HS,27,Information,South,87072
45,Advanced,8,Industrial,West,34215
19,College,11,Industrial,South,35763
59,HS,4,Information,West,45616
62,College,27,Industrial,East,59231
23,HS,34,Industrial,West,15189
45,College,4,Industrial,East,59806
45,HS,33,Information,West,52223
61,College,33,Information,East,41990
61,SomeCollege,12,Information,South,56382
37,<HS,38,Industrial,West,63344
47,HS,13,Industrial,West,65420
28,<HS,10,Information,East,50221
45,SomeCollege,37,Industrial,East,54890
42,HS,3,Information,West,54324
56,SomeCollege,32,Industrial,East,68467
50,HS,6,Industrial,South,55718
18,HS,7,Industrial,West,59678
44,College,36,Industrial,South,63389
30,<HS,9,Information,West,79378
58,Advanced,14,Information,South,41212
20,College,37,Industrial,West,74385
56,College,14,Information,East,87066
23,SomeCollege,4,Information,West,42169
25,College,28,Industrial,South,46748
44,HS,18,Information,West,43573
26,<HS,9,Industrial,South,59853
54,HS,11,Industrial,South,22074
50,College,3,Industrial,South,42507
59,<HS,30,Industrial,East,45895
61,SomeCollege,17,Industrial,West,44583
41,Advanced,15,Industrial,South,44432
32,College,39,Industrial,East,42661
49,SomeCollege,35,Information,South,61660
49,<HS,24,Industrial,West,58073
41,College,22,Industrial,East,75551
58,SomeCollege,11,Information,South,61699
29,HS,33,Information,South,33536
56,<HS,35,Industrial,South,47449
19,Advanced,36,Information,West,45856
20,College,2,Industrial,East,53828
54,College,8,Industrial,East,66398
34,College,17,Information,East,52787
19,SomeCollege,34,Industrial,South,52827
19,SomeCollege,33,Information,East,50150
45,SomeCollege,13,Industrial,South,62158
40,HS,3,Information,West,41466
54,SomeCollege,28,Industrial,East,28144
49,College,14,Information,South,59668
50,SomeCollege,27,Information,East,55627
18,College,15,Information,East,69851
36,SomeCollege,11,Information,West,13581
19,SomeCollege,4,Information,East,48494
61,SomeCollege,33,Information,West,51600
43,SomeCollege,0,Information,East,27336
49,College,38,Industrial,East,48701
23,HS,31,Industrial,East,67803
49,SomeCollege,25,Industrial,East,81291
21,HS,16,Industrial,East,64736
28,HS,26,Information,East,45132
34,SomeCollege,23,Information,West,68922
55,College,34,Information,West,63671
41,Advanced,38,Industrial,South,42734
22,SomeCollege,25,Industrial,East,41273
51,College,37,Information,West,47472
23,SomeCollege,22,Information,East,34237
39,SomeCollege,21,Information,East,45338
28,<HS,3,Industrial,West,57301
33,HS,8,Industrial,East,65577
50,HS,3,Information,West,44317
26,SomeCollege,6,Information,West,70826
23,<HS,22,Industrial,South,59751
33,HS,1,Industrial,South,60434
46,HS,23,Information,South,36214
20,Advanced,39,Industrial,South,77116
37,HS,30,Information,East,58300
53,SomeCollege,30,Industrial,East,45009
36,HS,39,Industrial,South,42363
43,SomeCollege,33,Information,West,45343
20,HS,23,Information,West,34724
36,HS,25,Industrial,West,64824
37,SomeCollege,15,Information,West,36261
49,<HS,12,Industrial,East,54347
24,<HS,14,Industrial,West,43251
58,HS,26,Industrial,West,60061
50,<HS,3,Information,South,62100
57,HS,15,Information,West,40341
56,HS,29,Industrial,East,49491
35,College,29,Information,West,28349
57,SomeCollege,35,Industrial,West,75508
18,SomeCollege,2,Industrial,East,66020
28,HS,21,Information,South,29066
45,Advanced,21,Industrial,East,36996
42,HS,11,Information,South,47977
40,<HS,20,Information,West,50581
48,SomeCollege,3,Industrial,South,39709
47,HS,30,Industrial,South,32826
59,HS,30,Information,South,55925
52,SomeCollege,22,Industrial,West,76092
24,College,19,Information,South,50819
33,SomeCollege,14,Information,South,45624
43,College,22,Information,West,44047
19,Advanced,27,Industrial,East,33549
18,HS,15,Information,East,39920
29,HS,36,Information,East,67041
22,HS,20,Information,West,18937
54,SomeCollege,14,Industrial,West,51051
49,SomeCollege,16,Information,East,50419
26,Advanced,36,Information,South,51775
58,College,12,Information,East,60911
52,SomeCollege,18,Industrial,West,50917
36,HS,29,Industrial,South,43190
33,College,17,Information,South,40150
20,Advanced,13,Industrial,West,69475
37,College,35,Information,South,65615
41,<HS,35,Industrial,East,93164
50,SomeCollege,19,Information,West,45785
41,<HS,18,Information,West,40426
28,HS,6,Information,West,56797
25,<HS,3,Industrial,West,56435
53,SomeCollege,33,Industrial,South,59545
55,College,1,Information,West,62706
57,HS,4,Industrial,West,59400
37,HS,9,Information,South,66125
52,SomeCollege,31,Information,West,68120
42,HS,12,Information,South,68387
52,HS,38,Industrial,South,16079
42,SomeCollege,4,Industrial,West,53485
46,College,9,Information,East,36151
35,<HS,9,Information,West,65831
63,<HS,37,Information,East,15765
35,HS,26,Information,South,72038
19,Advanced,20,Information,East,37029
52,College,7,Information,West,33592
33,College,0,Information,West,55343
58,HS,27,Information,East,44400
53,SomeCollege,38,Information,West,76690
50,<HS,13,Information,East,70445
21,SomeCollege,20,Information,South,42337
50,Advanced,29,Industrial,East,65637
31,SomeCollege,20,Information,East,41820
38,College,8,Industrial,East,41691
37,College,16,Information,East,60712
25,HS,4,Information,South,71837
24,Advanced,30,Information,South,43383
20,<HS,39,Information,South,44526
34,SomeCollege,37,Information,East,54518
50,HS,18,Industrial,South,36590
29,<HS,35,Information,West,73481
39,SomeCollege,32,Information,South,36446
39,HS,12,Industrial,East,40502
63,SomeCollege,13,Information,West,76508
47,SomeCollege,32,Industrial,East,53218
55,<HS,28,Information,West,79153
55,HS,35,Industrial,East,46710
62,SomeCollege,9,Information,East,87792
25,HS,30,Information,West,59234
44,College,5,Industrial,South,38713
44,College,0,Information,West,38482
51,College,6,Information,West,28141
38,College,26,Industrial,West,29782
47,SomeCollege,20,Information,West,40107
50,College,27,Information,West,35126
45,HS,15,Industrial,East,11331
64,HS,22,Information,East,62622
50,College,19,Industrial,South,61630
22,SomeCollege,37,Industrial,South,54625
36,College,24,Information,West,32975
21,College,27,Information,South,74701
52,College,4,Information,South,47327
34,Advanced,20,Information,West,37501
61,SomeCollege,17,Industrial,East,53488
45,HS,5,Information,East,52628
47,SomeCollege,28,Information,South,12458
46,HS,18,Industrial,East,49535
63,SomeCollege,32,Industrial,East,51808
23,College,0,Information,South,44318
52,College,2,Information,West,30178
58,HS,20,Industrial,South,30620
54,HS,34,Industrial,South,57710
41,SomeCollege,39,Industrial,South,61424
46,HS,2,Information,West,43279
63,College,24,Information,West,55734
48,HS,37,Information,West,43131
52,HS,19,Information,West,37201
50,<HS,33,Industrial,South,53217
38,SomeCollege,20,Industrial,East,32763
49,SomeCollege,22,Industrial,South,78406
40,HS,5,Information,West,28437
50,<HS,12,Industrial,East,54257
20,SomeCollege,22,Industrial,South,52253
35,HS,8,Industrial,East,50922
42,College,16,Information,West,72250
59,SomeCollege,1,Information,East,9706
48,HS,18,Industrial,East,56175
20,HS,18,Information,West,45899
57,Advanced,6,Industrial,East,58759
63,SomeCollege,19,Information,South,50820
41,College,8,Industrial,East,48874
49,HS,16,Industrial,South,31890
64,SomeCollege,26,Industrial,East,39902
39,<HS,1,Information,East,96972
40,SomeCollege,35,Industrial,West,58896
19,Advanced,18,Industrial,West,65788
44,HS,16,Information,South,44721
59,<HS,4,Industrial,West,37165
19,<HS,38,Information,West,61646
43,HS,17,Information,West,21444
34,HS,6,Information,West,40238
57,<HS,16,Industrial,West,44681
50,College,38,Information,South,64174
26,SomeCollege,35,Industrial,South,56205
60,HS,39,Information,West,42906
56,Advanced,3,Information,West,55534
46,HS,37,Industrial,South,45452
59,Advanced,24,Industrial,East,66050
43,HS,4,Industrial,South,53542
52,College,29,Information,East,76046
42,SomeCollege,11,Information,West,45833
41,College,3,Industrial,West,68380
30,Advanced,23,Industrial,South,51356
24,HS,28,Information,West,39541
53,Advanced,8,Information,East,89023
62,HS,3,Industrial,East,69645
37,HS,23,Information,South,53514
18,HS,13,Industrial,East,61489
25,SomeCollege,4,Information,South,33769
63,HS,17,Information,South,34297
33,SomeCollege,18,Industrial,East,66711
31,SomeCollege,11,Information,East,50071
29,College,17,Information,East,47662
40,College,16,Industrial,East,45680
32,SomeCollege,29,Information,East,52281
45,HS,23,Information,East,46186
51,HS,10,Industrial,East,19517
19,HS,34,Information,West,71238
49,<HS,22,Information,South,48341
40,HS,16,Information,South,77472
39,HS,0,Information,East,23567
42,Advanced,14,Industrial,South,23508
39,SomeCollege,31,Industrial,East,45868
39,HS,8,Information,West,64662
59,SomeCollege,14,Industrial,South,31704
23,HS,27,Industrial,South,31122
32,SomeCollege,23,Information,West,55579
60,SomeCollege,34,Industrial,West,45306
54,SomeCollege,21,Information,West,58161
50,SomeCollege,26,Industrial,South,45575
25,Advanced,18,Industrial,South,55777
61,College,11,Information,West,70491
61,SomeCollege,19,Information,West,31736
22,SomeCollege,0,Information,West,67771
56,SomeCollege,20,Information,West,24437
21,HS,0,Information,West,59140
23,HS,9,Industrial,East,71289
62,<HS,31,Information,West,42138
49,SomeCollege,38,Information,East,59668
47,SomeCollege,21,Industrial,South,42693
64,HS,17,Information,South,58780
52,Advanced,31,Industrial,East,16122
57,Advanced,26,Industrial,West,52432
33,College,27,Information,South,55930
30,SomeCollege,17,Information,West,70170
59,College,38,Information,West,63878
47,HS,28,Industrial,East,47581
36,College,17,Information,South,54020
34,HS,7,Industrial,South,28308
36,College,30,Industrial,East,74661
45,HS,33,Information,West,60367
43,College,6,Industrial,West,22086
54,Advanced,35,Information,South,53689
43,HS,17,Industrial,East,54835
40,SomeCollege,37,Information,East,38390
26,Advanced,8,Industrial,West,51452
29,SomeCollege,8,Information,West,36882
18,College,7,Industrial,East,28931
18,SomeCollege,34,Information,South,40799
64,HS,17,Information,West,52573
51,HS,4,Information,East,63924
49,HS,13,Information,East,51047
42,College,27,Industrial,East,64071
57,HS,29,Industrial,South,59730
62,SomeCollege,3,Information,West,34469
18,SomeCollege,38,Information,West,59616
33,SomeCollege,19,Information,West,60031
56,College,24,Information,South,76127
22,Advanced,27,Information,West,56159
39,SomeCollege,11,Information,West,31479
46,College,1,Information,West,41688
20,College,13,Information,West,22211
29,SomeCollege,21,Industrial,South,57657
43,Advanced,30,Information,East,74809
33,HS,22,Information,East,14132
54,HS,19,Industrial,West,75443
39,College,37,Industrial,West,57458
46,SomeCollege,3,Information,West,33851
31,College,14,Industrial,South,53850
45,College,23,Industrial,West,34335
22,<HS,24,Information,South,56606
64,College,0,Information,West,50950
47,SomeCollege,6,Information,West,54940
63,SomeCollege,30,Information,East,36215
22,SomeCollege,11,Information,West,38400
29,Advanced,4,Industrial,South,57527
33,<HS,37,Information,East,42459
43,SomeCollege,11,Information,South,52235
43,College,38,Information,East,56794
38,College,17,Information,South,46664
56,College,1,Industrial,East,67326
53,HS,9,Information,South,47216
50,HS,14,Industrial,South,46766
47,HS,29,Information,West,40524
54,College,16,Information,East,65599
40,HS,3,Industrial,East,39391
27,HS,6,Information,West,68817
22,Advanced,30,Information,South,52446
53,<HS,38,Industrial,South,90231
51,Advanced,33,Information,East,40093
48,College,5,Industrial,South,69127
27,College,37,Industrial,East,57653
36,HS,33,Information,East,42293
49,<HS,14,Information,South,57855
18,College,13,Information,South,57124
22,College,5,Information,South,45020
62,College,36,Industrial,West,56424
21,HS,31,Industrial,East,67451
33,College,2,Information,South,57670
41,College,2,Information,West,43712
33,College,21,Information,South,42867
19,College,21,Information,East,48688
45,College,9,Industrial,West,66686
49,SomeCollege,2,Information,East,38693
44,<HS,11,Industrial,South,55881
37,SomeCollege,28,Industrial,South,26562
41,<HS,16,Industrial,South,58919
29,SomeCollege,6,Information,West,61276
52,SomeCollege,12,Industrial,West,80414
50,<HS,1,Industrial,West,63879
50,HS,3,Industrial,West,43981
60,HS,9,Information,South,26981
54,College,38,Information,South,57712
29,Advanced,23,Industrial,South,45091
20,<HS,16,Information,West,55011
18,Advanced,5,Information,West,39197
50,SomeCollege,18,Industrial,South,47402
57,HS,4,Information,South,24500
27,<HS,31,Information,West,34306
60,SomeCollege,9,Information,East,32190
61,College,8,Industrial,South,63091
46,College,26,Information,South,37591
30,<HS,12,Industrial,South,70668
29,<HS,18,Information,West,37738
48,SomeCollege,20,Information,South,81439
63,HS,23,Industrial,South,20767
19,HS,37,Information,South,56364
52,HS,3,Industrial,South,50578
40,College,23,Information,South,31828
34,Advanced,34,Information,East,41736
43,SomeCollege,2,Information,East,46080
25,Advanced,3,Information,South,53747
46,HS,36,Industrial,South,35953
43,SomeCollege,39,Industrial,South,56379
27,HS,34,Information,South,51795
43,SomeCollege,30,Information,West,61687
51,Advanced,24,Industrial,West,37064
58,SomeCollege,39,Information,West,43860
24,HS,12,Information,East,71631
21,SomeCollege,3,Industrial,South,36409
62,HS,13,Industrial,West,29112
28,College,12,Industrial,South,40535
46,SomeCollege,26,Industrial,South,23360
53,SomeCollege,5,Industrial,East,75093
42,SomeCollege,16,Information,East,45758
38,SomeCollege,35,Information,West,45903
53,<HS,39,Information,West,61137
27,College,34,Industrial,East,39116
54,HS,16,Industrial,East,46761
26,College,1,Industrial,South,38720
41,College,12,Industrial,South,23674
52,College,1,Industrial,West,50761
52,SomeCollege,27,Industrial,West,65385
53,SomeCollege,25,Information,East,51189
35,HS,21,Industrial,West,63796
56,College,2,Information,South,33563
49,HS,34,Information,East,38689
41,SomeCollege,11,Industrial,South,30585
40,HS,23,Industrial,East,55498
49,HS,4,Information,East,45235
54,SomeCollege,19,Information,South,44674
29,<HS,38,Industrial,West,60034
30,College,38,Industrial,West,42905
40,HS,12,Industrial,West,66195
42,<HS,11,Information,West,53534
52,SomeCollege,12,Information,South,44507
58,<HS,9,Information,East,26725
47,HS,32,Information,South,59949
34,College,39,Information,West,54244
37,<HS,15,Industrial,West,54966
42,College,34,Information,South,55444
39,<HS,2,Information,East,42063
30,HS,4,Information,South,47729
36,College,25,Information,South,43121
53,HS,10,Industrial,South,68750
29,HS,6,Industrial,East,45873
58,HS,9,Industrial,South,40711
36,HS,33,Information,South,69781
29,College,2,Information,West,68149
26,HS,7,Information,South,53545
24,College,30,Information,West,48051
45,College,10,Industrial,West,44306
31,SomeCollege,6,Information,West,49340
48,Advanced,1,Industrial,East,36879
36,HS,5,Information,West,57250
64,Advanced,31,Industrial,South,74787
33,<HS,19,Industrial,South,58439
22,College,33,Industrial,West,33451
52,SomeCollege,15,Information,West,56826
29,HS,24,Industrial,South,52918
42,SomeCollege,11,Industrial,West,56694
38,College,6,Information,East,37706
53,<HS,38,Information,West,50050
40,HS,16,Industrial,East,63246
33,College,10,Industrial,East,33950
56,College,5,Information,East,43263
62,Advanced,22,Information,West,45682
59,College,26,Industrial,East,64975
56,Advanced,5,Information,East,67212
31,College,37,Information,West,21273
48,HS,1,Information,East,64962
22,HS,21,Industrial,West,67684
52,College,19,Information,South,66720
40,SomeCollege,24,Industrial,East,42055
46,<HS,14,Information,West,46552
60,HS,28,Industrial,South,26488
28,Advanced,7,Industrial,East,18575
35,SomeCollege,36,Information,East,44577
64,SomeCollege,32,Information,West,51147
29,SomeCollege,21,Information,South,52651
26,HS,4,Information,West,62317
27,HS,38,Industrial,East,95917
61,HS,17,Information,East,44060
34,<HS,37,Industrial,East,34166
55,College,36,Information,East,58192
24,SomeCollege,29,Information,South,53333
63,College,30,Information,South,41382
30,College,9,Information,West,63662
57,HS,14,Information,West,37820
59,College,17,Industrial,West,48071
26,SomeCollege,22,Information,East,48936
44,College,32,Information,West,35784
19,HS,15,Industrial,South,24354
22,College,37,Industrial,West,53284
46,SomeCollege,34,Information,West,70530
54,HS,33,Industrial,South,64413
55,HS,27,Information,South,65416
36,College,1,Industrial,East,38015
25,College,29,Industrial,South,53211
62,HS,12,Industrial,South,28637
18,SomeCollege,15,Industrial,West,52533
39,HS,4,Information,South,70831
34,College,27,Industrial,East,71297
24,HS,38,Information,West,80456
42,College,19,Information,East,64837
62,HS,23,Information,South,57136
21,HS,26,Industrial,East,63120
53,<HS,29,Industrial,East,60208
23,HS,26,Information,South,37891
48,SomeCollege,25,Industrial,South,27270
36,HS,6,Industrial,West,63241
61,College,37,Information,West,81400
56,<HS,4,Information,West,63859
44,HS,22,Industrial,South,21669
27,HS,27,Information,East,42210
43,<HS,33,Information,East,47049
36,HS,14,Industrial,West,22159
56,SomeCollege,31,Industrial,West,29346
20,SomeCollege,25,Industrial,South,49443
62,SomeCollege,30,Industrial,East,53924
30,SomeCollege,18,Information,West,35209
45,SomeCollege,8,Information,South,28655
37,<HS,28,Industrial,West,67899
45,SomeCollege,38,Information,South,44262
25,Advanced,3,Industrial,East,46408
58,SomeCollege,2,Information,South,41799
56,College,28,Information,West,38432
18,HS,10,Information,West,69541
20,College,32,Industrial,East,36803
30,College,37,Information,East,52695
45,SomeCollege,10,Information,West,50130
42,Advanced,26,Information,West,20777
50,HS,32,Industrial,West,53614
55,<HS,20,Information,East,26840
23,College,38,Information,West,59531
61,College,30,Information,East,32203
62,HS,37,Industrial,West,57830
49,HS,1,Information,South,43557
62,<HS,26,Information,South,39885
64,HS,35,Information,West,53158
38,College,10,Information,South,27922
33,SomeCollege,17,Industrial,East,48961
38,HS,0,Information,South,61733
28,HS,34,Industrial,South,65639
54,<HS,34,Industrial,East,43060
53,HS,30,Information,South,45250
52,SomeCollege,27,Industrial,South,27621
36,Advanced,38,Industrial,West,38739
37,College,0,Industrial,East,26598
35,<HS,24,Information,East,56601
64,College,37,Information,West,62632
58,College,19,Information,West,43186
31,College,2,Industrial,South,34126
32,SomeCollege,1,Information,South,54622
48,HS,17,Information,South,36980
18,HS,9,Information,West,60079
20,<HS,4,Information,East,79031
33,HS,8,Information,South,36733
40,HS,1,Information,West,38874
28,SomeCollege,33,Information,East,28106
29,College,37,Industrial,West,52191
27,SomeCollege,30,Information,South,51171
49,<HS,9,Industrial,West,45941
33,Advanced,11,Information,West,50242
25,Advanced,35,Information,West,34344
55,College,20,Industrial,West,25052
29,Advanced,5,Industrial,East,38613
41,SomeCollege,2,Information,South,21267
45,Advanced,9,Industrial,East,36732
25,<HS,4,Industrial,West,54645
45,HS,25,Industrial,West,50894
53,HS,20,Information,South,23393
43,HS,25,Information,South,65740
25,HS,37,Industrial,East,47081
45,SomeCollege,25,Industrial,East,30510
45,College,7,Information,South,44534
54,SomeCollege,4,Industrial,East,41254
58,HS,14,Information,West,36983
53,College,15,Information,West,62188
44,SomeCollege,0,Information,South,33405
34,HS,15,Industrial,East,52769
26,College,36,Information,West,29880
50,HS,2,Industrial,South,49446
37,HS,30,Information,East,53981
30,Advanced,12,Industrial,West,54010
45,HS,15,Industrial,East,51212
46,SomeCollege,20,Industrial,East,46414
30,College,1,Industrial,East,34038
63,College,26,Information,South,34211
52,<HS,37,Information,West,54482
23,HS,25,Information,South,31078
35,<HS,37,Information,West,27639
22,SomeCollege,24,Industrial,West,71446
64,SomeCollege,10,Information,South,46104
42,HS,7,Information,South,59525
19,Advanced,7,Information,West,63102
27,SomeCollege,32,Information,West,50766
47,HS,6,Information,West,44348
62,SomeCollege,37,Industrial,East,44603
22,College,20,Information,West,74120
50,<HS,7,Information,South,41617
18,HS,20,Industrial,South,52646
35,College,19,Industrial,South,60159
49,SomeCollege,7,Information,West,53760
64,SomeCollege,30,Industrial,West,66265
28,SomeCollege,28,Information,East,44200
38,<HS,8,Information,East,60100
43,HS,14,Information,South,23080
42,SomeCollege,29,Information,East,70203
39,HS,25,Industrial,East,66847
44,<HS,9,Information,South,45433
30,College,28,Information,West,56582
50,Advanced,15,Industrial,East,63365
51,College,35,Information,West,34433
58,College,19,Information,South,47832
52,HS,36,Industrial,South,30413
18,Advanced,21,Information,East,67076
38,HS,6,Industrial,South,62341
23,Advanced,22,Information,South,45785
45,Advanced,39,Industrial,South,44046
34,College,28,Information,East,47765
22,Advanced,15,Industrial,East,36541
48,SomeCollege,37,Information,East,47389
22,HS,27,Industrial,South,34434
55,SomeCollege,37,Information,West,63474
20,SomeCollege,30,Information,South,67054
40,<HS,13,Information,East,64177
54,SomeCollege,32,Industrial,West,32087
54,Advanced,8,Industrial,West,46873
27,HS,26,Information,East,58770
27,College,23,Information,West,61531
36,Advanced,12,Industrial,West,22417
34,Advanced,25,Information,East,61107
38,Advanced,28,Industrial,West,31350
31,SomeCollege,27,Industrial,West,47690
26,Advanced,27,Industrial,East,68862
63,College,7,Information,West,66831
18,HS,22,Information,West,69891
62,SomeCollege,28,Industrial,West,34005
30,College,4,Industrial,West,37710
21,HS,6,Industrial,East,41557
18,SomeCollege,35,Information,South,47803
57,College,26,Information,South,53250
49,HS,1,Information,West,69158
51,SomeCollege,24,Industrial,East,36070
45,College,8,Information,East,40567
48,SomeCollege,26,Information,West,71354
25,<HS,0,Information,South,32614
56,<HS,22,Information,West,60902
43,HS,9,Industrial,East,48670
51,Advanced,24,Information,East,55821
20,HS,2,Information,South,37829
29,SomeCollege,5,Information,East,60607
18,HS,5,Information,East,40186
61,HS,1,Information,East,28706
22,College,17,Information,South,57200
47,College,22,Industrial,East,12453
47,<HS,1,Information,West,41479
34,SomeCollege,11,Information,South,54367
64,<HS,21,Information,West,61366
40,SomeCollege,36,Industrial,West,68397
32,College,19,Information,South,76663
54,HS,38,Industrial,West,72076
38,HS,23,Information,South,52873
31,HS,19,Industrial,West,66884
19,Advanced,0,Information,South,52641
28,Advanced,0,Industrial,East,60288
56,<HS,16,Information,East,41009
55,College,0,Information,West,56931
51,HS,29,Industrial,East,42901
55,HS,2,Information,South,47396
51,College,10,Industrial,West,56978
35,Advanced,23,Information,East,81370
47,Advanced,21,Industrial,East,55921
32,SomeCollege,25,Industrial,West,49824
44,HS,12,Industrial,East,37523
51,College,0,Industrial,East,63443
55,HS,23,Industrial,West,44968
50,SomeCollege,9,Industrial,East,55612
41,HS,34,Information,East,60529
32,College,23,Information,East,68961
47,HS,27,Industrial,East,62635
59,HS,35,Industrial,West,31648
34,Advanced,15,Industrial,South,24242
22,HS,39,Industrial,South,60522
46,SomeCollege,15,Industrial,East,51290
21,HS,16,Information,East,55872
27,<HS,14,Information,South,75796
34,<HS,15,Information,East,40751
27,HS,14,Information,South,69371
34,College,33,Information,West,40900
37,HS,10,Industrial,West,73479
41,Advanced,0,Industrial,West,61257
22,SomeCollege,14,Information,West,27393
51,SomeCollege,25,Information,West,43740
23,SomeCollege,3,Information,West,78735
19,SomeCollege,4,Information,South,76852
30,College,34,Information,East,59063
60,HS,12,Information,South,55313
60,HS,9,Information,West,53596
28,College,10,Information,East,56555
64,Advanced,17,Industrial,East,47887
40,College,33,Information,West,68165
33,SomeCollege,38,Information,West,58667
48,College,22,Information,West,35519
28,SomeCollege,6,Information,West,59824
33,SomeCollege,38,Industrial,West,52474
25,HS,2,Industrial,West,45313
21,SomeCollege,11,Information,East,78477
57,HS,6,Industrial,West,51556
21,HS,25,Information,West,20647
42,College,32,Industrial,East,46379
20,HS,36,Information,South,64902
49,<HS,14,Information,West,36102
20,<HS,1,Industrial,East,64392
44,Advanced,6,Industrial,East,35034
46,SomeCollege,31,Industrial,South,70050
49,SomeCollege,3,Information,West,41411
36,College,19,Information,West,44723
38,College,35,Industrial,West,43611
22,HS,31,Information,East,58961
35,College,27,Information,West,77661
45,College,12,Information,West,50222
59,College,0,Information,West,49836
39,HS,34,Information,West,41400
38,College,29,Information,South,25589
23,SomeCollege,35,Information,South,42897
18,HS,24,Industrial,South,31114
22,SomeCollege,15,Information,West,21690
58,<HS,18,Information,West,48845
29,HS,0,Information,East,41861
43,College,4,Industrial,East,70648
63,<HS,21,Information,East,37165
51,SomeCollege,23,Industrial,West,60055
31,SomeCollege,36,Information,South,59762
43,<HS,35,Industrial,South,70056
62,Advanced,35,Information,South,47236
44,HS,3,Information,West,69785
26,HS,35,Industrial,South,58414
43,HS,17,Industrial,East,67089
64,HS,15,Information,East,85912
39,<HS,17,Information,South,48151
64,College,21,Information,East,52562
47,Advanced,1,Industrial,South,44572
60,HS,20,Information,South,73134
34,College,35,Information,East,89069
43,College,38,Information,East,61012
53,College,38,Industrial,East,25848
18,SomeCollege,28,Industrial,East,36753
25,HS,25,Industrial,South,67393
52,HS,20,Information,East,32834
32,College,16,Industrial,East,40992
64,College,15,Industrial,West,40465
39,HS,30,Industrial,East,48842
31,HS,8,Information,East,53850
43,Advanced,30,Information,South,21658
45,College,13,Industrial,South,27088
40,Advanced,36,Information,West,27446
31,College,1,Information,East,29239
41,HS,13,Industrial,East,50240
19,SomeCollege,32,Industrial,East,52918
62,College,34,Industrial,East,65197
43,<HS,38,Industrial,East,58323
31,SomeCollege,19,Information,East,41266
24,College,1,Information,West,53448
20,HS,18,Information,East,65813
64,College,36,Information,East,46589
40,SomeCollege,17,Information,East,45343
63,Advanced,15,Information,West,35825
60,<HS,3,Information,East,37927
64,HS,11,Industrial,West,60283
62,SomeCollege,28,Industrial,South,49942
35,HS,6,Industrial,East,79375
55,College,13,Industrial,West,39849
52,College,11,Industrial,South,61420
32,HS,34,Industrial,West,55796
42,SomeCollege,4,Industrial,West,48659
54,SomeCollege,16,Industrial,South,43467
45,HS,31,Industrial,East,59001
27,Advanced,9,Industrial,East,58140
56,College,16,Information,West,53029
34,College,4,Information,South,56384
56,College,8,Information,East,50547
39,SomeCollege,32,Information,West,25382
43,Advanced,35,Information,South,51265
61,College,35,Information,West,45971
42,College,17,Information,South,79193
34,College,8,Information,East,59500
30,HS,28,Industrial,East,53022
37,College,13,Information,West,56942
42,HS,24,Industrial,East,34653
21,HS,14,Industrial,East,40853
27,HS,5,Information,South,44978
20,Advanced,28,Industrial,East,55826
58,College,14,Information,South,43478
62,College,28,Information,South,42478
35,College,3,Information,West,33982
64,SomeCollege,17,Information,South,50376
53,Advanced,38,Information,East,52483
64,SomeCollege,15,Information,South,56427
39,HS,10,Information,South,39559
51,HS,13,Information,West,55561
64,College,2,Information,East,34395
25,College,37,Industrial,East,46714
57,HS,17,Information,East,54523
61,<HS,19,Information,South,46119
36,College,24,Information,East,26572
59,<HS,37,Information,East,28360
58,College,12,Information,South,53313
54,Advanced,3,Industrial,West,58694
23,SomeCollege,13,Information,West,55089
43,HS,32,Industrial,South,59056
51,College,27,Industrial,West,45791
62,College,36,Information,West,61076
23,SomeCollege,7,Information,West,55040
54,Advanced,33,Industrial,East,40408
50,<HS,4,Industrial,West,57716
39,SomeCollege,4,Information,East,54440
38,College,30,Industrial,West,75087
23,College,8,Industrial,East,70689
23,HS,31,Information,South,48615
21,College,32,Industrial,South,43734
47,SomeCollege,2,Information,West,73386
28,HS,29,Information,East,58273
47,HS,11,Industrial,South,47387
48,College,28,Industrial,South,20164
41,HS,2,Information,South,38667
26,HS,25,Information,South,37624
20,HS,29,Industrial,West,47804
48,College,8,Industrial,East,59277
57,College,25,Industrial,South,61568
54,College,1,Industrial,West,72500
53,HS,2,Industrial,South,63970
41,SomeCollege,3,Information,South,30492
48,SomeCollege,24,Information,South,65450
23,College,12,Information,South,75999
19,Advanced,38,Industrial,West,75257
37,<HS,34,Industrial,East,31807
45,College,22,Information,West,47133
28,<HS,8,Information,West,64414
21,SomeCollege,1,Information,West,32624
32,HS,30,Information,South,24126
23,HS,1,Information,East,54709
47,HS,31,Information,South,39866
55,SomeCollege,17,Information,West,25528
19,HS,12,Information,South,68442
32,College,4,Information,East,52464
28,SomeCollege,9,Information,East,42189
25,<HS,24,Industrial,South,35544
43,College,33,Information,West,52618
62,HS,36,Industrial,South,57731
61,SomeCollege,29,Industrial,West,54888
22,College,6,Information,East,27216
23,HS,5,Information,South,57152
43,<HS,2,Industrial,East,60416
21,HS,12,Industrial,West,44848
36,Advanced,2,Industrial,West,65594
37,SomeCollege,25,Industrial,South,37221
50,College,23,Information,South,69358
37,SomeCollege,5,Information,South,51984
29,HS,11,Information,East,42557
64,SomeCollege,35,Information,West,45223
18,College,1,Information,West,64989
43,HS,10,Industrial,East,53558
31,HS,38,Information,South,59676
55,HS,33,Information,South,66120
54,SomeCollege,25,Industrial,East,42110
28,Advanced,17,Industrial,West,51909
53,<HS,20,Information,West,46633
30,SomeCollege,35,Industrial,West,65255
60,HS,39,Industrial,West,44263
20,Advanced,21,Information,East,50717
50,HS,29,Information,West,84435
23,SomeCollege,29,Information,East,69276
27,College,7,Information,South,34471
22,College,33,Information,East,63529
40,SomeCollege,8,Industrial,West,60331
27,HS,19,Industrial,South,33490
61,HS,39,Industrial,East,48349
19,HS,24,Industrial,East,35784
30,HS,18,Industrial,East,14110
57,SomeCollege,4,Information,South,47810
19,HS,10,Information,East,42408
37,HS,14,Industrial,West,33486
18,College,7,Information,South,49856
54,Advanced,18,Information,South,18190
26,SomeCollege,22,Industrial,East,50619
34,<HS,26,Industrial,West,50230
26,<HS,39,Information,South,60181
28,Advanced,31,Industrial,East,25952
32,HS,25,Information,West,82091
41,<HS,26,Industrial,East,76337
55,SomeCollege,18,Information,East,38401
52,SomeCollege,28,Industrial,South,71896
47,SomeCollege,38,Information,South,62856
48,HS,32,Industrial,East,43408
22,<HS,18,Information,South,40897
61,Advanced,36,Information,South,42031
31,HS,18,Information,West,92395
28,College,32,Information,West,70401
26,College,15,Information,East,46958
51,SomeCollege,22,Information,East,48253
29,HS,6,Industrial,East,62711
52,HS,25,Industrial,East,62054
52,SomeCollege,31,Information,West,35646
18,College,11,Industrial,South,54463
57,Advanced,7,Information,West,41711
39,HS,4,Information,East,52282
46,HS,27,Information,East,49279
25,Advanced,4,Information,West,65264
28,College,25,Information,West,45975
58,College,4,Industrial,East,51774
54,HS,21,Information,South,21828
31,SomeCollege,14,Information,East,54854
47,College,12,Information,West,38322
52,College,27,Industrial,East,27242
38,SomeCollege,32,Industrial,East,66936
54,<HS,22,Industrial,South,49373
22,SomeCollege,32,Industrial,East,18842
36,HS,17,Industrial,East,38245
31,SomeCollege,29,Industrial,East,50075
43,Advanced,25,Information,West,50521
21,HS,15,Industrial,West,42508
42,College,12,Information,South,-479
62,HS,38,Industrial,East,41721
59,College,32,Industrial,West,66065
42,Advanced,25,Industrial,South,71035
35,HS,0,Information,East,40887
57,<HS,37,Industrial,South,78250
25,SomeCollege,1,Industrial,South,25744
56,<HS,5,Information,South,37849
57,College,37,Information,South,63372
31,Advanced,23,Industrial,South,61010
49,SomeCollege,17,Industrial,South,49855
55,HS,26,Information,South,33213
50,SomeCollege,7,Information,East,33173
40,College,27,Information,East,39114
32,<HS,9,Information,South,33824
50,SomeCollege,16,Industrial,East,51960
42,SomeCollege,28,Industrial,South,48615
34,SomeCollege,5,Industrial,East,32579
50,HS,13,Information,West,44676
64,College,21,Industrial,South,10258
19,<HS,5,Information,West,55088
31,HS,25,Information,South,60750
57,College,38,Information,South,36322
57,College,11,Information,West,38204
56,<HS,34,Information,West,53868
23,HS,13,Information,West,51593
23,HS,21,Information,South,61596
20,HS,22,Information,West,38349
24,HS,6,Industrial,West,40091
25,<HS,39,Information,East,46689
59,SomeCollege,24,Industrial,East,34008
32,College,12,Information,West,46362
64,SomeCollege,20,Industrial,West,34253
46,College,9,Industrial,West,56263
50,<HS,8,Industrial,West,35970
47,Advanced,14,Industrial,East,53793
56,College,1,Information,South,71849
44,College,24,Information,West,56423
53,College,12,Information,West,52638
46,Advanced,33,Information,East,29545
55,SomeCollege,33,Information,West,70835
50,HS,34,Industrial,West,66735
54,SomeCollege,37,Information,East,47654
44,College,2,Industrial,West,44238
50,College,5,Industrial,West,37790
21,SomeCollege,18,Industrial,East,76840
39,<HS,2,Industrial,South,61759
19,HS,17,Industrial,West,38623
27,Advanced,38,Information,West,66489
22,SomeCollege,8,Information,South,70087
27,SomeCollege,11,Industrial,East,49681
50,HS,4,Industrial,South,44834
55,HS,2,Industrial,West,35103
30,College,10,Information,South,60611
48,College,29,Industrial,East,43593
64,College,3,Information,West,42973
53,SomeCollege,4,Information,East,49827
62,SomeCollege,0,Information,East,37729
41,HS,26,Information,South,72926
32,College,27,Information,South,64518
46,SomeCollege,28,Information,East,51148
25,SomeCollege,17,Information,East,37231
22,SomeCollege,11,Information,West,38041
46,Advanced,12,Industrial,East,37379
64,<HS,1,Industrial,East,31539
21,College,36,Information,South,54840
29,HS,15,Information,East,40363
62,SomeCollege,23,Industrial,East,39506
19,<HS,34,Information,South,37790
44,HS,21,Information,West,65053
48,SomeCollege,35,Industrial,South,38621
53,<HS,10,Industrial,South,69035
53,SomeCollege,28,Information,East,45684
43,Advanced,34,Information,East,31323
60,HS,14,Information,West,57039
44,College,30,Information,East,63309
22,SomeCollege,15,Information,West,37129
37,College,9,Information,West,50948
28,HS,31,Information,West,54776
27,HS,1,Industrial,West,51434
57,HS,23,Industrial,East,43127
55,<HS,22,Industrial,South,63224
23,HS,1,Industrial,South,46233
25,College,37,Information,East,40914
40,College,30,Industrial,East,23523
64,College,39,Information,West,23663
43,College,25,Information,East,53238
63,HS,28,Industrial,South,48844
60,HS,2,Industrial,East,63311
29,HS,13,Industrial,East,66954
43,HS,24,Information,West,46323
30,SomeCollege,0,Industrial,West,64229
57,SomeCollege,2,Industrial,West,41572
35,HS,25,Information,West,47751
42,HS,17,Information,South,47322
50,College,8,Information,East,73685
64,College,37,Industrial,East,30822
57,HS,22,Information,West,50887
60,Advanced,20,Information,South,39559
29,Advanced,0,Information,South,45514
61,HS,20,Information,East,44873
53,HS,26,Industrial,West,51080
21,SomeCollege,5,Information,East,70203
22,Advanced,35,Industrial,East,78530
54,College,27,Industrial,South,59848
25,HS,16,Industrial,South,35313
59,HS,39,Information,East,47380
45,SomeCollege,2,Information,West,53909
48,SomeCollege,11,Information,West,43896
26,HS,38,Information,East,45843
46,College,11,Information,East,48932
31,College,1,Industrial,West,61583
57,College,21,Information,West,57952
58,College,22,Information,West,40847
39,College,29,Information,East,58892
28,SomeCollege,4,Information,South,75865
40,SomeCollege,8,Industrial,West,27305
18,HS,20,Information,West,43440
63,College,10,Information,West,42299
54,HS,4,Industrial,East,51198
38,College,34,Information,South,22641
43,HS,26,Information,South,70416
63,HS,1,Information,West,50701
53,HS,23,Information,East,54472
40,<HS,30,Information,South,52734
18,College,32,Information,East,42252
57,College,38,Industrial,South,60479
32,SomeCollege,29,Information,West,50078
38,HS,36,Industrial,East,18730
64,<HS,27,Industrial,West,48377
26,<HS,30,Information,South,45836
26,HS,10,Information,South,60451
27,College,22,Information,West,90521
43,HS,1,Industrial,South,55665
58,HS,39,Industrial,West,81796
52,HS,26,Industrial,West,39706
42,HS,34,Information,West,40668
43,SomeCollege,1,Industrial,South,46303
28,SomeCollege,38,Information,East,56377
55,HS,36,Information,West,40390
19,<HS,20,Information,East,25822
24,HS,4,Information,South,50345
35,HS,20,Information,South,32855
44,HS,28,Industrial,East,66737
51,Advanced,19,Industrial,West,59658
44,SomeCollege,37,Industrial,South,38607
34,SomeCollege,19,Information,West,56836
60,SomeCollege,24,Industrial,West,41777
61,SomeCollege,1,Information,East,49217
41,SomeCollege,31,Information,South,49374
42,College,25,Information,East,44965
24,College,5,Information,South,62460
23,HS,2,Information,East,33212
41,SomeCollege,32,Information,South,58054
50,SomeCollege,0,Information,South,54567
46,College,4,Industrial,South,28931
60,SomeCollege,12,Information,West,38083
39,SomeCollege,18,Industrial,West,33591
43,HS,11,Industrial,East,44503
45,SomeCollege,24,Information,East,50726
38,HS,34,Industrial,South,36074
24,HS,11,Information,South,64536
34,HS,29,Industrial,West,65866
37,College,4,Information,West,68516
58,HS,33,Industrial,West,9229
37,HS,21,Industrial,East,79222
39,College,38,Industrial,West,52490
45,HS,12,Industrial,East,50709
57,SomeCollege,2,Information,West,48471
24,SomeCollege,19,Information,West,30181
18,<HS,30,Information,South,55396
49,College,4,Information,East,74179
30,<HS,23,Information,West,52310
47,SomeCollege,39,Industrial,South,33273
40,SomeCollege,32,Information,East,27120
36,SomeCollege,7,Industrial,East,45589
49,College,23,Industrial,West,38839
47,HS,19,Information,East,60538
46,<HS,15,Industrial,South,70556
62,College,11,Information,South,57044
46,SomeCollege,12,Industrial,East,48723
47,College,38,Information,South,48012
33,College,24,Information,East,51066
57,College,31,Information,South,32600
36,SomeCollege,23,Information,East,59033
35,HS,8,Information,East,33787
18,College,39,Information,East,66742
31,SomeCollege,22,Information,South,44551
64,HS,12,Industrial,East,62462
19,College,31,Information,East,27900
45,College,14,Information,West,62356
47,SomeCollege,35,Industrial,West,70437
55,<HS,4,Industrial,East,30776
21,HS,21,Industrial,West,48297
18,College,15,Information,East,55023
25,Advanced,9,Information,West,55758
46,HS,23,Information,South,44906
56,<HS,17,Information,South,42262
20,College,17,Industrial,East,53798
49,HS,6,Information,East,55288
27,SomeCollege,3,Industrial,South,40588
27,Advanced,25,Information,South,37624
36,<HS,4,Industrial,West,68170
63,SomeCollege,15,Information,East,51615
51,<HS,34,Industrial,South,15924
50,HS,25,Industrial,South,68262
40,College,17,Industrial,East,41042
45,SomeCollege,28,Information,West,51001
49,Advanced,22,Information,West,55622
24,SomeCollege,13,Industrial,West,27744
46,HS,14,Information,West,45667
25,HS,32,Information,South,69763
18,HS,24,Information,East,66340
20,HS,20,Information,East,45644
41,<HS,16,Information,South,60737
40,HS,22,Information,South,62712
25,SomeCollege,16,Information,South,61947
64,College,13,Information,East,32809
54,College,28,Information,East,74617
20,College,19,Information,East,43042
50,<HS,29,Information,West,51640
45,HS,18,Industrial,South,44730
64,College,38,Industrial,South,53446
25,SomeCollege,12,Industrial,South,37036
51,<HS,17,Industrial,East,46623
52,College,22,Information,South,52741
49,College,32,Industrial,South,68369
41,SomeCollege,38,Information,West,66558
31,<HS,39,Industrial,East,67318
49,College,17,Information,South,63029
63,SomeCollege,8,Industrial,East,77700
60,College,32,Information,East,45647
33,College,31,Information,East,47633
21,College,16,Industrial,West,47015
54,SomeCollege,18,Information,East,49083
38,HS,26,Information,East,28456
31,College,5,Information,East,53971
48,SomeCollege,34,Information,South,57440
35,College,36,Information,West,46138
24,HS,33,Industrial,South,23639
27,HS,19,Information,West,50321
24,College,24,Information,West,30579
50,College,3,Information,East,56409
40,Advanced,9,Industrial,East,51789
38,College,9,Industrial,South,53260
36,SomeCollege,23,Industrial,West,34084
36,College,20,Industrial,East,68923
53,College,10,Industrial,East,52553
46,SomeCollege,26,Industrial,East,36286
35,SomeCollege,15,Industrial,East,58694
19,HS,25,Information,South,51466
18,SomeCollege,29,Industrial,South,77553
64,College,15,Information,East,41706
22,HS,6,Industrial,East,31286
37,HS,15,Industrial,East,54340
28,HS,34,Industrial,East,65183
59,HS,15,Industrial,East,84844
19,HS,39,Information,West,101279
20,SomeCollege,11,Information,West,26719
40,Advanced,34,Information,West,47971
29,SomeCollege,20,Industrial,West,31336
37,HS,35,Industrial,East,46289
22,<HS,16,Industrial,West,87158
54,College,31,Industrial,West,37704
55,HS,5,Industrial,South,49670
47,College,23,Industrial,West,41287
26,College,26,Industrial,West,34950
51,College,19,Industrial,East,76891
61,HS,24,Industrial,West,26911
52,College,1,Information,West,48762
39,HS,8,Industrial,East,51319
61,Advanced,27,Information,West,49504
41,SomeCollege,37,Information,East,45264
34,HS,2,Industrial,West,74215
27,HS,19,Information,South,18321
47,HS,5,Industrial,South,56546
63,College,38,Information,West,57214
40,HS,32,Information,South,54304
49,SomeCollege,0,Information,East,37537
34,HS,36,Information,West,68075
34,College,5,Information,East,67324
31,College,33,Information,South,37008
26,College,14,Information,East,32031
57,College,25,Information,South,29133
19,HS,13,Information,South,53381
62,<HS,6,Industrial,South,50701
42,College,30,Information,East,44583
56,HS,23,Industrial,South,81219
26,SomeCollege,30,Industrial,West,43083
39,<HS,28,Information,South,52812
60,HS,31,Industrial,West,47085
63,<HS,16,Industrial,West,79446
21,College,13,Industrial,West,20154
43,HS,39,Information,West,45351
46,SomeCollege,35,Industrial,East,59213
62,<HS,23,Industrial,West,46664
51,College,26,Information,South,30435
40,HS,24,Information,West,52648
54,College,31,Information,South,25680
28,College,17,Industrial,East,60053
23,HS,17,Information,West,43801
35,Advanced,36,Industrial,South,41277
38,Advanced,25,Information,East,65692
59,College,8,Industrial,East,34951
53,College,34,Information,South,26863
58,HS,7,Information,West,36342
55,SomeCollege,19,Information,East,80705
51,<HS,21,Information,South,34944
34,<HS,18,Information,West,55482
54,Advanced,29,Information,East,62650
42,HS,27,Information,South,35903
55,College,34,Industrial,East,35923
29,College,10,Industrial,East,52702
40,College,30,Information,South,53379
59,Advanced,38,Information,East,70214
39,HS,35,Information,South,38461
38,<HS,29,Industrial,West,44341
44,SomeCollege,22,Information,South,92575
48,HS,18,Information,West,23110
23,<HS,11,Information,East,20034
44,HS,14,Industrial,South,29254
57,College,30,Information,South,66524
51,SomeCollege,36,Industrial,South,43425
29,HS,36,Information,South,43420
62,College,14,Information,West,35521
24,HS,28,Information,West,63776
27,<HS,25,Information,East,29486
62,College,1,Information,East,41277
34,SomeCollege,19,Information,East,36115
43,College,14,Information,East,9915
38,<HS,3,Information,South,42826
45,College,21,Information,West,49112
63,SomeCollege,37,Industrial,West,38367
19,SomeCollege,22,Information,West,45975
60,SomeCollege,25,Industrial,West,46360
18,College,10,Information,East,48004
53,SomeCollege,27,Information,South,34189
43,SomeCollege,1,Information,West,33327
46,Advanced,7,Information,South,50704
38,College,28,Information,South,27858
28,SomeCollege,10,Information,South,46788
57,College,36,Industrial,South,74532
28,HS,17,Information,West,49417
53,HS,13,Information,West,22601
56,SomeCollege,9,Information,West,52697
57,Advanced,34,Information,East,62277
52,Advanced,8,Industrial,West,38070
51,HS,34,Information,East,45515
64,SomeCollege,10,Information,East,36834
41,HS,11,Information,East,43067
39,Advanced,2,Information,West,40016
22,Advanced,38,Industrial,West,56535
50,SomeCollege,13,Industrial,West,74873
53,College,27,Information,East,50858
64,College,10,Information,East,26873
37,SomeCollege,38,Industrial,South,87941
36,<HS,24,Information,East,58743
52,SomeCollege,20,Information,East,61797
60,College,9,Industrial,West,49044
34,College,14,Information,South,53490
62,HS,18,Information,South,44872
60,Advanced,21,Information,South,63555
51,HS,20,Industrial,West,42838
26,SomeCollege,31,Information,South,57340
43,College,22,Industrial,South,64541
19,College,12,Industrial,West,68689
26,SomeCollege,4,Information,South,65479
26,HS,3,Information,East,34646
57,HS,27,Information,East,73591
34,SomeCollege,13,Information,East,59963
18,SomeCollege,7,Industrial,East,54583
42,HS,8,Information,East,56313
60,College,34,Information,East,47624
57,SomeCollege,36,Industrial,East,43000
59,College,20,Information,East,44472
42,College,17,Industrial,East,69321
56,HS,32,Industrial,West,51215
52,<HS,7,Information,West,54225
20,College,16,Information,East,50902
54,SomeCollege,30,Industrial,West,39981
61,College,33,Industrial,West,17797
61,College,5,Information,East,61530
47,College,21,Information,East,59941
55,Advanced,13,Information,West,49828
51,SomeCollege,2,Information,East,33646
29,SomeCollege,11,Information,East,77312
36,SomeCollege,35,Information,East,44882
54,HS,11,Information,East,53723
61,SomeCollege,1,Information,West,39452
34,HS,1,Industrial,South,29754
27,Advanced,14,Industrial,West,58844
64,SomeCollege,22,Information,South,27487
29,SomeCollege,28,Information,South,53435
33,HS,16,Information,South,53479
41,<HS,31,Information,West,33203
36,<HS,6,Industrial,West,30553
25,SomeCollege,29,Information,West,38443
48,<HS,27,Industrial,West,40586
38,SomeCollege,13,Information,West,27053
34,College,29,Industrial,South,33122
40,College,16,Information,West,51138
54,College,31,Information,South,79844
33,HS,5,Information,West,65114
23,College,23,Industrial,West,52407
25,College,5,Industrial,East,66925
42,HS,26,Industrial,South,67331
35,College,17,Industrial,West,45425
42,HS,23,Industrial,West,53868
29,College,36,Information,West,64668
32,Advanced,23,Information,East,66717
43,<HS,37,Industrial,South,66861
58,College,33,Industrial,West,34594
62,SomeCollege,39,Industrial,West,67625
43,Advanced,14,Information,West,77871
64,SomeCollege,10,Information,East,72401
49,College,21,Industrial,West,33717
27,<HS,23,Information,South,29945
33,HS,0,Information,South,56978
24,<HS,17,Industrial,South,72122
34,Advanced,11,Industrial,South,53392
40,College,27,Information,West,46475
43,College,39,Industrial,East,48647
38,Advanced,6,Industrial,East,65307
39,<HS,22,Industrial,East,45175
24,HS,20,Industrial,West,57214
31,<HS,33,Information,East,48044
32,HS,10,Information,South,36674
24,HS,21,Information,West,35499
26,SomeCollege,34,Information,East,57879
25,HS,28,Information,South,9418
40,HS,27,Information,South,57188
46,HS,17,Information,West,47440
35,HS,13,Information,West,64191
48,Advanced,17,Information,East,59021
47,College,27,Industrial,East,50669
56,Advanced,23,Information,East,33989
52,SomeCollege,7,Information,West,34801
35,HS,7,Information,East,40325
59,College,3,Information,East,63028
56,HS,26,Industrial,South,76530
34,HS,35,Information,South,54948
31,HS,4,Information,South,41161
48,HS,32,Information,East,42724
41,HS,33,Information,West,43414
52,HS,29,Information,South,65601
61,College,7,Information,West,43121
62,<HS,38,Information,East,49344
51,HS,25,Industrial,East,70171
20,College,36,Industrial,South,41487
54,HS,33,Information,West,58355
60,HS,6,Information,South,63506
57,College,39,Information,East,50951
43,HS,27,Information,West,79311
40,<HS,38,Information,South,74981
61,SomeCollege,38,Industrial,East,53946
56,HS,27,Information,South,37942
32,SomeCollege,13,Industrial,West,38651
21,College,37,Information,West,53189
46,HS,3,Industrial,West,33649
39,SomeCollege,17,Industrial,West,54034
42,SomeCollege,24,Industrial,West,75321
30,HS,6,Information,South,50937
35,SomeCollege,37,Industrial,South,49715
50,HS,27,Industrial,South,62797
33,SomeCollege,4,Industrial,South,57872
62,<HS,2,Information,East,32775
59,SomeCollege,30,Industrial,East,43171
61,HS,19,Information,South,78409
19,College,18,Information,East,54881
52,<HS,10,Industrial,East,34903
59,SomeCollege,39,Information,West,47122
51,SomeCollege,2,Information,South,23261
47,College,22,Information,East,22137
30,SomeCollege,6,Industrial,East,64734
30,College,22,Information,South,49932
35,College,6,Information,West,57783
49,College,33,Information,South,67368
49,HS,18,Industrial,West,55092
52,SomeCollege,8,Information,East,60996
56,College,17,Industrial,West,53859
63,Advanced,24,Information,West,69295
46,College,13,Industrial,South,76601
46,HS,24,Industrial,East,52993
61,HS,18,Information,South,52364
33,SomeCollege,38,Information,South,54802
61,College,14,Industrial,East,48417
64,SomeCollege,15,Information,South,43995
27,SomeCollege,26,Information,South,65725
47,College,39,Industrial,West,44016
42,HS,9,Industrial,South,43150
56,College,3,Information,East,63475
37,SomeCollege,18,Information,South,64626
22,HS,27,Information,West,85002
18,SomeCollege,20,Information,South,68294
47,College,13,Industrial,South,62405
20,HS,32,Industrial,South,64570
62,HS,9,Industrial,West,47781
31,Advanced,18,Information,East,58433
47,HS,29,Information,East,59144
21,SomeCollege,21,Information,West,41868
35,SomeCollege,2,Information,West,49265
54,SomeCollege,36,Industrial,South,64285
42,SomeCollege,17,Information,East,49722
18,HS,10,Industrial,West,59173
63,SomeCollege,1,Industrial,East,63451
32,HS,11,Industrial,South,62752
26,College,5,Industrial,West,75959
32,HS,39,Industrial,East,41280
41,SomeCollege,28,Information,East,74637
21,HS,29,Information,South,57114
29,HS,1,Information,West,62510
54,HS,8,Information,East,60454
54,HS,1,Industrial,South,59695
60,College,28,Industrial,East,40439
23,HS,32,Information,South,61959
56,Advanced,9,Information,East,28417
63,Advanced,33,Information,East,81428
41,SomeCollege,7,Industrial,South,55727
28,HS,36,Industrial,West,67399
30,HS,32,Industrial,South,60227
51,College,5,Information,West,50548
42,HS,39,Information,East,41888
24,<HS,18,Industrial,East,39044
21,SomeCollege,31,Industrial,South,61690
25,College,26,Information,South,60904
37,College,0,Industrial,West,58376
46,HS,32,Information,West,48233
62,College,39,Industrial,West,56198
63,HS,31,Industrial,South,43657
27,HS,4,Industrial,East,39787
60,College,16,Information,South,45840
51,HS,7,Information,East,46500
43,HS,33,Industrial,South,71963
58,<HS,8,Industrial,South,29524
20,College,22,Information,West,49504
23,College,34,Industrial,East,59485
22,SomeCollege,6,Information,South,79783
22,College,14,Industrial,South,40888
64,HS,19,Industrial,East,33261
40,SomeCollege,24,Information,South,60844
26,HS,2,Information,East,52472
52,<HS,23,Information,West,46688
37,SomeCollege,33,Information,West,56564
59,Advanced,21,Information,East,62927
52,<HS,10,Industrial,West,61055
35,HS,7,Industrial,East,54525
34,HS,38,Information,South,69752
41,HS,34,Information,South,52960
20,Advanced,37,Information,East,50646
49,SomeCollege,7,Information,South,60708
52,SomeCollege,36,Information,West,31092
55,College,26,Industrial,South,59236
30,HS,27,Industrial,South,45451
64,SomeCollege,39,Information,East,30050
42,SomeCollege,33,Industrial,West,56377
26,SomeCollege,31,Industrial,South,43125
21,Advanced,14,Information,South,25782
31,College,16,Industrial,East,36932
54,HS,32,Industrial,East,75344
51,College,15,Information,West,41649
28,HS,28,Information,South,54844
58,<HS,8,Industrial,East,33738
20,HS,32,Industrial,East,81513
45,HS,28,Information,East,51040
46,SomeCollege,12,Information,West,39739
26,SomeCollege,20,Information,East,63276
20,Advanced,20,Industrial,West,80752
42,SomeCollege,4,Information,West,43876
51,SomeCollege,9,Industrial,South,39439
29,<HS,5,Information,South,84427
59,<HS,12,Information,West,48159
26,SomeCollege,0,Information,South,46450
32,SomeCollege,19,Information,South,17834
57,College,7,Information,East,49495
42,HS,9,Information,South,29660
22,<HS,8,Information,West,41598
28,SomeCollege,2,Information,South,19785
51,HS,10,Information,East,68527
41,<HS,11,Information,West,28000
32,College,9,Industrial,South,20888
55,HS,24,Industrial,West,36376
25,SomeCollege,24,Industrial,South,68710
22,HS,10,Information,East,43325
43,HS,35,Information,South,45331
35,HS,38,Information,West,57176
23,College,25,Information,West,47725
54,HS,13,Industrial,West,68569
30,College,38,Information,South,46405
45,HS,39,Information,South,46651
22,College,0,Information,South,83962
30,HS,3,Industrial,East,50827
34,College,29,Industrial,East,53458
57,SomeCollege,11,Information,East,46843
62,Advanced,34,Information,West,13576
49,HS,12,Industrial,West,63093
46,<HS,30,Industrial,West,74907
20,<HS,37,Information,West,68835
57,College,22,Information,West,41628
51,SomeCollege,3,Industrial,South,47401
57,College,15,Industrial,West,55237
44,HS,6,Information,South,54709
30,HS,21,Information,East,60214
62,<HS,28,Industrial,East,53045
50,Advanced,10,Industrial,East,44580
23,College,32,Industrial,East,52054
41,Advanced,28,Industrial,East,64981
36,HS,38,Information,West,93744
33,SomeCollege,11,Industrial,West,42515
57,College,6,Information,West,53393
45,HS,38,Industrial,East,44550
50,College,25,Information,East,54613
58,Advanced,39,Industrial,South,64634
30,College,8,Information,West,46878
60,College,33,Information,East,19309
62,HS,12,Information,East,65428
42,HS,35,Industrial,East,51956
59,Advanced,24,Industrial,South,44869
53,<HS,23,Industrial,East,41520
44,College,16,Information,South,54668
55,College,1,Information,South,39561
24,SomeCollege,12,Industrial,West,41314
22,Advanced,30,Industrial,East,31270
60,HS,28,Industrial,South,39764
62,HS,27,Industrial,East,59462
48,<HS,26,Industrial,West,29282
40,SomeCollege,14,Information,West,67281
59,HS,30,Industrial,South,32315
27,HS,39,Industrial,West,52249
49,College,14,Industrial,West,57274
60,Advanced,32,Industrial,West,62369
47,HS,19,Information,East,62373
56,HS,11,Information,East,48739
48,Advanced,36,Information,South,47426
35,<HS,8,Information,South,58948
53,<HS,22,Industrial,West,54170
19,HS,7,Industrial,West,44812
31,SomeCollege,31,Information,South,55564
30,HS,13,Information,West,47493
46,Advanced,26,Industrial,South,40991
29,SomeCollege,24,Industrial,East,44324
56,SomeCollege,12,Information,West,57296
19,HS,20,Industrial,West,36078
49,SomeCollege,30,Information,West,66595
30,College,36,Information,East,41640
63,College,4,Information,East,16101
44,College,12,Information,West,58288
58,SomeCollege,27,Information,South,9478
34,Advanced,24,Industrial,East,34821
57,College,34,Industrial,West,86336
48,College,38,Information,West,65899
51,<HS,6,Information,East,64660
41,<HS,37,Information,South,33217
62,HS,31,Industrial,West,47200
52,College,2,Industrial,South,68621
23,SomeCollege,38,Information,South,59594
36,SomeCollege,36,Information,East,67037
47,College,21,Industrial,West,76723
24,College,7,Information,West,59901
27,Advanced,16,Information,South,31539
58,HS,26,Industrial,East,58975
49,College,32,Information,East,46467
51,HS,16,Information,East,30637
45,HS,11,Information,South,63418
32,HS,26,Information,South,68031
47,HS,7,Industrial,West,48591
54,SomeCollege,22,Industrial,East,54807
46,College,28,Industrial,South,18909
39,HS,19,Industrial,East,66856
21,College,15,Information,South,61898
37,SomeCollege,16,Industrial,West,53753
49,HS,15,Industrial,East,31213
53,SomeCollege,18,Information,South,25334
21,HS,7,Information,East,80398
44,SomeCollege,37,Industrial,South,35006
34,SomeCollege,37,Industrial,South,52012
29,HS,28,Information,South,35469
39,HS,35,Information,East,15666
34,SomeCollege,25,Industrial,South,56720
27,Advanced,30,Information,West,59057
18,HS,11,Industrial,East,24968
39,College,16,Information,West,66624
43,College,14,Industrial,West,42100
35,Advanced,8,Information,East,33761
31,College,38,Information,South,32777
64,SomeCollege,11,Information,West,63068
46,College,31,Information,East,21143
29,College,24,Industrial,South,31367
53,HS,38,Information,East,56473
52,HS,17,Information,East,54480
29,<HS,14,Information,East,34670
24,College,31,Industrial,South,69295
46,College,5,Industrial,West,33304
28,HS,34,Information,West,46871
50,SomeCollege,33,Industrial,East,44886
23,SomeCollege,37,Industrial,East,44944
64,HS,4,Industrial,South,47070
32,Advanced,17,Information,East,46622
49,HS,15,Industrial,East,46437
28,<HS,7,Information,East,47271
40,SomeCollege,24,Information,West,66280
43,College,31,Information,East,46513
51,<HS,25,Information,West,60379
63,College,21,Information,South,52230
51,SomeCollege,30,Industrial,South,55493
46,HS,9,Information,West,61668
21,HS,11,Information,West,32895
34,SomeCollege,27,Information,West,59410
52,HS,5,Information,West,46817
30,Advanced,19,Information,East,35584
58,College,4,Information,West,61636
56,Advanced,22,Information,West,43619
32,HS,8,Information,West,55662
46,Advanced,28,Information,East,9313
46,SomeCollege,15,Information,East,60891
28,HS,21,Industrial,East,88851
49,<HS,7,Industrial,South,49885
19,<HS,19,Industrial,East,46046
64,College,13,Information,West,43080
31,SomeCollege,38,Information,East,58333
37,HS,36,Industrial,East,45438
39,SomeCollege,33,Information,West,59713
28,HS,10,Information,East,75836
44,SomeCollege,39,Information,South,62615
20,HS,32,Information,East,47380
34,College,30,Information,South,33267
61,College,33,Industrial,South,43876
45,SomeCollege,6,Information,South,47589
46,HS,22,Industrial,West,30221
38,HS,6,Information,East,66304
64,College,24,Information,South,58536
33,HS,2,Industrial,South,34271
54,HS,37,Industrial,East,23311
37,<HS,19,Information,West,60767
23,SomeCollege,33,Information,West,25349
36,SomeCollege,29,Industrial,South,51258
22,College,16,Information,West,43857
20,HS,9,Information,East,61999
18,HS,34,Industrial,West,62173
55,College,19,Information,East,37680
32,College,17,Information,South,63319
51,HS,26,Information,East,45658
52,SomeCollege,35,Information,South,50284
42,HS,22,Industrial,East,50591
41,Advanced,31,Information,East,83722
29,HS,9,Industrial,West,48209
35,Advanced,10,Information,East,24921
32,College,37,Information,South,39279
61,SomeCollege,5,Information,East,61070
33,<HS,33,Industrial,South,45738
44,SomeCollege,35,Industrial,South,50224
25,SomeCollege,36,Information,East,43520
63,HS,16,Information,West,7750
42,College,39,Information,East,38329
34,Advanced,39,Industrial,East,48840
46,SomeCollege,11,Information,West,23457
25,College,20,Industrial,South,32317
32,<HS,39,Information,East,44899
44,SomeCollege,18,Information,West,45030
63,HS,2,Information,West,55916
24,SomeCollege,17,Information,South,45847
20,Advanced,18,Industrial,West,55364
46,College,5,Industrial,South,39499
61,<HS,15,Information,East,53173
41,HS,7,Information,West,72066
20,SomeCollege,17,Information,East,54334
37,SomeCollege,38,Industrial,West,46474
63,College,11,Information,West,35858
32,College,9,Information,East,51304
42,SomeCollege,6,Information,West,46730
47,HS,0,Information,East,58429
31,HS,35,Information,East,22671
24,HS,20,Information,South,47178
34,HS,36,Information,East,56289
61,SomeCollege,23,Industrial,South,51940
37,College,24,Information,East,45012
53,College,6,Information,West,44804
26,<HS,16,Industrial,East,33517
55,HS,28,Information,West,55683
39,HS,29,Industrial,South,56373
19,HS,6,Information,West,28803
41,College,32,Information,East,61469
25,<HS,6,Information,West,40180
28,SomeCollege,23,Information,South,44360
30,HS,10,Industrial,West,77808
34,College,8,Information,West,74028
25,SomeCollege,11,Information,East,28301
38,HS,34,Information,East,30815
35,SomeCollege,3,Information,West,34235
47,College,35,Information,South,73793
35,Advanced,27,Information,West,40891
63,HS,12,Information,South,27887
64,College,22,Industrial,South,68486
48,Advanced,18,Information,South,58909
55,Advanced,36,Industrial,West,83764
49,SomeCollege,38,Industrial,South,58878
28,SomeCollege,23,Information,West,49521
62,SomeCollege,15,Industrial,South,53790
42,College,32,Industrial,South,43205
50,SomeCollege,11,Information,West,69582
55,College,33,Industrial,East,70374
58,SomeCollege,6,Information,East,26256
25,College,10,Information,West,64137
28,College,30,Industrial,West,33933
39,HS,28,Information,East,86206
41,College,12,Information,East,72755
58,SomeCollege,30,Information,East,32929
34,College,1,Industrial,West,53584
29,SomeCollege,38,Industrial,South,64896
63,HS,14,Information,West,40644
49,Advanced,10,Industrial,East,29504
32,HS,33,Information,South,51526
33,College,38,Information,West,47609
39,SomeCollege,3,Industrial,East,36285
45,SomeCollege,10,Industrial,West,68541
37,HS,28,Information,South,30665
50,SomeCollege,1,Information,East,48382
27,HS,15,Industrial,West,52727
57,<HS,38,Industrial,South,54634
49,HS,12,Industrial,South,66960
50,<HS,36,Information,West,46399
19,Advanced,16,Industrial,South,10948
50,Advanced,20,Industrial,East,44198
50,HS,18,Information,South,60884
58,College,6,Industrial,West,47837
30,HS,37,Industrial,East,47948
47,College,7,Industrial,South,57893
50,College,12,Industrial,South,59870
30,Advanced,36,Industrial,East,23204
43,SomeCollege,1,Industrial,East,49719
39,College,10,Information,South,47071
56,HS,23,Industrial,East,51126
19,Advanced,5,Industrial,West,20453
55,<HS,25,Industrial,South,69846
56,SomeCollege,6,Information,West,50100
43,College,38,Information,South,56374
63,College,18,Information,West,76489
32,HS,5,Industrial,West,56519
51,Advanced,28,Industrial,East,26901
59,HS,38,Information,South,48703
61,SomeCollege,1,Information,East,60123
57,HS,18,Information,East,50849
28,HS,3,Information,South,75602
20,SomeCollege,5,Industrial,West,37160
23,SomeCollege,36,Information,South,68676
26,HS,27,Information,South,62586
23,HS,29,Information,South,51331
26,SomeCollege,6,Information,East,54969
56,College,8,Industrial,South,35334
48,College,24,Information,South,45391
49,<HS,32,Industrial,South,58656
58,HS,0,Information,West,47763
29,HS,5,Information,West,50903
25,<HS,17,Information,West,64886
25,College,9,Industrial,West,21391
45,SomeCollege,27,Information,East,55540
37,HS,10,Industrial,East,76648
64,HS,32,Industrial,South,44347
24,<HS,0,Information,East,31335
28,College,12,Industrial,West,44163
37,Advanced,36,Industrial,South,27243
33,HS,19,Information,South,53385
21,HS,0,Information,West,48894
23,College,2,Industrial,West,54780
39,Advanced,17,Information,West,48031
43,SomeCollege,13,Industrial,East,52938
20,<HS,30,Information,South,56757
58,<HS,26,Information,West,32035
59,SomeCollege,16,Industrial,South,55191
31,HS,28,Industrial,South,71723
28,<HS,35,Information,East,35574
35,SomeCollege,36,Industrial,South,54624
29,<HS,25,Information,West,69420
40,College,16,Information,West,32674
29,HS,21,Industrial,South,61967
30,<HS,24,Information,South,46669
42,SomeCollege,1,Information,East,65170
62,HS,21,Information,West,37633
36,Advanced,4,Industrial,West,49864
63,SomeCollege,3,Information,South,27222
53,HS,35,Information,South,56559
62,College,5,Industrial,South,56731
25,HS,20,Information,West,58112
46,Advanced,12,Industrial,South,57373
49,HS,36,Industrial,East,48633
61,SomeCollege,24,Information,East,27835
35,<HS,25,Information,South,64881
23,SomeCollege,38,Information,East,49423
35,College,19,Industrial,East,55902
36,College,32,Industrial,East,47221
39,HS,13,Information,East,79381
54,HS,35,Information,East,41485
49,College,16,Information,West,40908
58,Advanced,20,Information,South,26575
20,<HS,15,Information,East,51693
45,SomeCollege,15,Industrial,South,77876
27,HS,19,Information,East,51875
52,College,28,Industrial,West,53406
46,<HS,27,Information,West,64598
32,HS,7,Information,East,52431
50,College,23,Information,East,67989
24,<HS,2,Industrial,East,70216
29,SomeCollege,24,Information,West,41105
47,SomeCollege,18,Information,West,28543
38,HS,32,Information,South,60343
48,HS,1,Industrial,West,54839
41,SomeCollege,14,Information,East,34312
37,HS,21,Information,South,39829
54,SomeCollege,9,Industrial,West,39782
21,College,17,Industrial,West,52211
45,College,21,Information,East,64960
61,HS,26,Industrial,South,65800
37,HS,12,Information,West,61862
41,HS,32,Industrial,West,45618
49,HS,4,Industrial,East,83301
58,SomeCollege,25,Information,South,50498
53,College,12,Industrial,South,44167
51,<HS,26,Information,South,29509
53,<HS,13,Information,South,44786
19,HS,23,Industrial,East,56581
32,College,2,Industrial,West,26206
51,HS,29,Information,West,35688
53,SomeCollege,34,Information,South,42989
23,HS,13,Information,South,38369
56,College,11,Industrial,South,37131
59,College,27,Industrial,West,66869
29,HS,28,Industrial,West,25239
20,HS,16,Information,South,52630
62,SomeCollege,39,Industrial,East,57786
35,HS,20,Industrial,West,42738
57,College,22,Industrial,West,46595
38,College,19,Information,South,49391
32,College,10,Information,East,59514
50,College,33,Information,South,72960
52,HS,9,Industrial,South,30732
43,HS,9,Information,East,36256
25,College,5,Industrial,East,37011
53,HS,35,Information,East,49811
47,College,23,Industrial,West,44003
40,HS,11,Information,South,59996
59,<HS,22,Information,West,40152
61,Advanced,26,Information,East,36676
31,HS,36,Information,West,38552
31,Advanced,5,Information,East,51735
19,Advanced,0,Industrial,East,64458
54,College,5,Information,South,49333
22,College,21,Information,South,41627
55,SomeCollege,23,Information,South,34534
62,College,24,Information,West,71924
58,HS,14,Information,South,23585
64,SomeCollege,25,Information,East,47208
31,SomeCollege,7,Information,South,61095
56,SomeCollege,23,Information,West,47002
42,SomeCollege,37,Industrial,South,41505
37,HS,5,Information,South,58034
19,SomeCollege,34,Information,South,33593
56,College,0,Information,West,23888
23,HS,35,Industrial,East,55297
34,Advanced,11,Industrial,East,35072
42,College,37,Industrial,East,51975
45,College,10,Information,South,48151
19,SomeCollege,11,Industrial,South,53915
52,College,38,Information,West,46593
54,<HS,6,Information,East,58272
22,College,10,Industrial,South,39446
18,<HS,35,Information,South,61718
57,College,30,Industrial,South,31735
29,Advanced,32,Information,West,67589
53,HS,12,Industrial,East,80774
62,HS,17,Industrial,West,51621
40,College,23,Information,East,73537
64,HS,8,Information,East,77426
48,College,30,Information,South,45185
28,HS,9,Industrial,South,50717
27,HS,1,Information,South,37788
20,Advanced,37,Industrial,South,38755
31,College,14,Industrial,South,53493
33,College,2,Information,East,25462
27,HS,30,Information,South,62521
46,College,5,Industrial,South,52509
27,SomeCollege,2,Information,West,60219
29,SomeCollege,10,Information,West,47269
47,College,14,Information,East,60087
58,SomeCollege,27,Information,East,53714
18,SomeCollege,9,Industrial,West,57608
22,HS,37,Information,West,63525
37,College,6,Industrial,South,31025
25,HS,14,Information,South,39453
60,College,17,Industrial,East,84722
29,HS,17,Information,West,53109
18,SomeCollege,23,Information,East,24248
37,College,1,Information,South,24331
45,HS,39,Industrial,East,48875
60,<HS,19,Industrial,East,42154
54,HS,33,Information,East,37904
64,SomeCollege,25,Information,South,76897
54,College,6,Information,East,44463
29,<HS,37,Information,South,62314
54,College,29,Industrial,West,53751
61,HS,4,Industrial,East,45576
45,SomeCollege,10,Information,East,32874
64,Advanced,0,Industrial,South,61538
32,HS,33,Information,East,14834
23,SomeCollege,0,Industrial,South,63060
61,<HS,18,Information,East,52269
37,<HS,1,Information,West,59278
31,HS,20,Information,West,50116
19,<HS,19,Information,West,31484
26,SomeCollege,22,Industrial,East,56023
54,SomeCollege,20,Industrial,East,62733
37,SomeCollege,23,Information,West,42812
43,HS,3,Industrial,West,59860
46,HS,11,Information,South,54448
18,College,21,Industrial,South,56758
52,Advanced,19,Information,West,37106
23,<HS,17,Information,West,69232
54,College,0,Information,East,54440
22,SomeCollege,29,Information,West,62475
50,SomeCollege,32,Industrial,South,44177
31,SomeCollege,23,Information,South,64734
29,<HS,13,Information,South,43670
59,<HS,35,Information,South,36623
37,SomeCollege,4,Industrial,South,76577
41,HS,10,Industrial,South,14410
60,Advanced,23,Information,West,94848
51,SomeCollege,30,Information,South,60526
42,HS,12,Industrial,South,45277
46,College,15,Information,South,54891
56,HS,23,Information,South,60534
48,SomeCollege,12,Information,West,45013
64,College,23,Information,East,80528
60,Advanced,25,Information,East,72133
40,College,1,Industrial,East,90902
61,College,15,Information,East,31678
55,College,37,Industrial,South,53229
37,Advanced,0,Information,East,29194
40,HS,10,Industrial,East,33627
62,<HS,34,Information,West,45105
33,HS,28,Information,West,45377
59,HS,36,Information,West,55548
25,College,16,Information,South,48340
38,SomeCollege,38,Information,South,61999
18,SomeCollege,27,Industrial,South,54783
25,<HS,28,Information,West,74712
46,College,2,Industrial,East,62432
49,HS,9,Industrial,West,32315
55,College,13,Information,South,47817
22,SomeCollege,11,Industrial,West,48829
64,HS,29,Information,East,56598
39,HS,31,Information,South,66129
64,<HS,31,Information,East,54239
51,College,31,Information,East,58672
18,Advanced,25,Information,South,32986
43,SomeCollege,0,Industrial,East,43111
60,HS,1,Information,West,21318
27,SomeCollege,16,Information,East,56629
47,College,29,Industrial,East,62622
35,College,38,Information,East,30215
34,HS,6,Information,West,52376
43,<HS,26,Industrial,East,48465
25,College,8,Information,East,75326
64,HS,21,Information,West,36584
57,HS,33,Information,South,63772
29,<HS,0,Information,South,67146
44,SomeCollege,8,Industrial,South,47075
25,College,19,Industrial,East,54387
42,Advanced,18,Information,South,66161
63,SomeCollege,35,Information,West,33507
21,SomeCollege,39,Information,East,43592
50,<HS,3,Industrial,East,52793
18,SomeCollege,8,Information,East,80960
36,HS,21,Information,South,44003
48,SomeCollege,17,Industrial,South,45970
33,HS,11,Industrial,South,73206
31,HS,38,Information,East,59944
22,<HS,8,Information,West,82738
58,HS,5,Information,East,66398
43,<HS,18,Information,West,47809
45,HS,6,Industrial,East,45676
19,Advanced,15,Industrial,West,37631
23,SomeCollege,4,Industrial,East,30424
26,SomeCollege,15,Information,East,55112
50,College,0,Information,West,59404
58,Advanced,36,Information,West,61211
42,SomeCollege,38,Information,West,48147
30,College,18,Industrial,West,78951
26,HS,36,Information,West,29623
30,HS,16,Information,West,27924
48,SomeCollege,25,Information,West,37705
58,College,21,Information,West,50089
28,College,7,Information,East,33543
21,HS,32,Industrial,West,70204
51,HS,1,Information,West,38915
55,SomeCollege,29,Industrial,East,36236
63,HS,19,Information,East,65826
21,SomeCollege,17,Information,South,53111
55,College,9,Industrial,South,61770
36,College,23,Information,West,49286
23,College,3,Industrial,West,54076
51,College,36,Information,South,28496
35,SomeCollege,3,Information,South,47782
30,College,12,Industrial,West,34279
58,SomeCollege,24,Industrial,South,79315
40,HS,12,Industrial,West,69392
36,<HS,17,Information,East,40191
62,HS,23,Information,East,46886
28,SomeCollege,1,Industrial,South,47593
18,SomeCollege,32,Industrial,East,82309
41,College,18,Information,East,55945
24,HS,8,Information,East,43581
42,HS,27,Industrial,East,52200
38,Advanced,34,Information,West,26945
32,HS,38,Information,West,48894
18,SomeCollege,9,Industrial,South,33786
29,SomeCollege,0,Information,East,22285
24,SomeCollege,20,Information,East,79798
32,<HS,8,Industrial,East,49595
38,<HS,14,Information,South,38426
36,HS,34,Industrial,West,24542
46,SomeCollege,4,Information,East,46683
42,SomeCollege,21,Information,West,47762
50,HS,22,Information,South,61475
49,SomeCollege,6,Industrial,West,35692
52,College,22,Information,East,41993
61,<HS,24,Information,West,36131
55,SomeCollege,26,Information,West,46729
43,College,5,Information,South,20105
28,HS,33,Information,South,37936
52,HS,8,Information,South,59445
25,SomeCollege,32,Information,South,31618
63,College,5,Information,West,64992
31,College,36,Industrial,West,63100
27,SomeCollege,30,Industrial,South,64355
19,College,33,Information,South,49932
63,HS,28,Information,East,48583
26,SomeCollege,13,Industrial,East,54794
20,SomeCollege,35,Industrial,South,69804
38,HS,35,Information,West,68439
43,College,14,Industrial,South,25066
25,SomeCollege,7,Information,West,36885
19,HS,25,Information,West,34190
23,Advanced,35,Information,East,60901
45,<HS,20,Industrial,South,39810
46,HS,27,Information,South,46949
43,<HS,3,Industrial,West,75619
42,College,15,Information,South,66813
29,College,21,Information,East,70642
22,HS,11,Information,East,39245
51,College,15,Industrial,South,8428
54,HS,39,Information,South,44067
32,College,37,Information,East,28400
61,SomeCollege,36,Information,South,20839
53,SomeCollege,28,Industrial,West,66930
32,Advanced,17,Information,South,36622
60,HS,9,Information,West,37901
40,HS,38,Information,South,44513
23,SomeCollege,17,Industrial,South,74697
63,Advanced,0,Industrial,East,47575
61,HS,38,Industrial,West,64273
60,<HS,20,Information,East,45269
62,HS,0,Information,South,26293
38,SomeCollege,14,Industrial,East,32152
40,HS,3,Information,South,49943
60,College,19,Information,South,51614
33,Advanced,9,Information,South,58140
64,SomeCollege,22,Industrial,West,58146
32,HS,33,Information,West,63502
42,SomeCollege,32,Information,West,38462
53,HS,33,Industrial,East,77408
28,College,38,Information,South,78781
32,SomeCollege,9,Information,East,42191
21,HS,19,Industrial,East,38091
38,College,0,Industrial,South,23227
30,SomeCollege,12,Industrial,East,52563
39,SomeCollege,0,Industrial,South,56786
36,<HS,4,Information,South,41310
51,College,15,Industrial,South,54241
31,Advanced,14,Information,South,29182
21,SomeCollege,27,Industrial,East,64515
63,Advanced,30,Industrial,East,42035
44,HS,22,Industrial,East,54331
46,SomeCollege,16,Industrial,West,53152
64,SomeCollege,33,Industrial,East,20593
45,SomeCollege,12,Information,East,62510
52,SomeCollege,13,Industrial,West,38233
25,HS,10,Information,South,53037
33,HS,27,Information,South,28851
59,HS,31,Information,South,42809
53,HS,34,Information,West,55448
47,College,30,Industrial,East,33810
35,HS,16,Industrial,East,34632
19,<HS,8,Information,East,51876
30,SomeCollege,9,Information,East,47487
21,SomeCollege,7,Information,West,55239
43,College,20,Industrial,East,44482
42,SomeCollege,12,Information,South,59622
47,HS,4,Industrial,West,41495
28,College,5,Industrial,West,58955
24,SomeCollege,29,Information,South,36398
48,<HS,30,Industrial,South,40835
61,SomeCollege,16,Industrial,East,60960
27,Advanced,10,Industrial,South,42284
56,HS,19,Information,West,32431
30,HS,8,Information,West,75951
48,HS,1,Industrial,West,49472
24,HS,36,Information,East,57071
59,SomeCollege,0,Industrial,East,16068
59,SomeCollege,3,Information,South,69977
53,<HS,35,Information,East,89693
37,Advanced,24,Information,East,68632
21,College,2,Information,West,70770
24,SomeCollege,8,Information,West,43868
18,College,21,Information,South,53777
61,<HS,22,Information,West,57321
62,SomeCollege,11,Industrial,East,39535
59,SomeCollege,9,Industrial,South,48139
64,College,33,Information,South,34985
30,College,9,Information,West,44067
39,HS,29,Information,West,62613
38,Advanced,21,Information,West,23513
39,HS,5,Information,South,64296
45,College,1,Information,West,26339
26,Advanced,29,Information,East,50786
43,HS,1,Industrial,South,52151
26,College,31,Information,West,58592
32,<HS,15,Industrial,East,47291
27,SomeCollege,11,Information,East,34329
41,SomeCollege,0,Industrial,West,52767
59,SomeCollege,7,Information,East,82587
25,Advanced,12,Information,South,49783
41,College,14,Information,South,36779
33,SomeCollege,7,Information,East,42992
43,College,9,Information,South,52253
44,Advanced,4,Information,West,45970
54,<HS,18,Industrial,East,43886
21,Advanced,37,Information,South,69911
41,<HS,10,Industrial,West,57759
36,College,19,Information,West,48222
53,HS,19,Industrial,South,48337
56,HS,20,Information,East,52597
27,SomeCollege,17,Information,West,58404
42,SomeCollege,9,Information,West,69234
35,HS,33,Information,West,43821
36,<HS,25,Information,West,35083
53,SomeCollege,29,Information,East,41658
27,Advanced,8,Industrial,South,36866
50,HS,30,Industrial,South,27109
22,HS,3,Information,South,71158
64,SomeCollege,5,Industrial,West,62818
52,<HS,13,Industrial,East,15747
61,College,3,Industrial,South,53269
51,College,25,Information,East,44348
50,SomeCollege,38,Information,South,42561
38,HS,16,Information,West,12702
34,College,18,Industrial,South,49621
39,SomeCollege,5,Information,West,51153
54,College,28,Information,West,32346
32,SomeCollege,10,Information,South,74341
52,College,15,Information,East,61870
45,SomeCollege,29,Industrial,West,34004
24,SomeCollege,24,Information,East,65345
49,Advanced,39,Industrial,South,43016
28,SomeCollege,10,Industrial,West,65826
27,SomeCollege,6,Information,East,28356
26,HS,25,Information,West,52550
31,SomeCollege,21,Industrial,South,31755
30,SomeCollege,24,Information,West,37439
42,HS,18,Information,South,21025
19,<HS,30,Information,East,31483
52,SomeCollege,25,Information,West,31395
24,College,35,Information,East,29519
38,SomeCollege,22,Information,South,52829
35,HS,12,Information,South,23507
20,College,24,Information,East,54482
59,<HS,1,Industrial,East,65088
56,SomeCollege,1,Information,South,36664
58,HS,15,Industrial,East,48725
28,HS,8,Information,South,44965
56,HS,27,Industrial,East,43827
41,HS,12,Information,South,11667
63,<HS,34,Industrial,South,33097
36,HS,12,Information,West,71921
21,SomeCollege,30,Industrial,South,54857
43,SomeCollege,20,Information,South,46379
55,HS,31,Information,West,19688
59,College,33,Information,West,58897
49,HS,7,Industrial,East,36325
56,SomeCollege,1,Industrial,East,31437
62,<HS,37,Information,South,32941
63,<HS,31,Industrial,East,57659
53,SomeCollege,39,Industrial,East,48935
57,SomeCollege,27,Industrial,South,62968
54,College,36,Industrial,West,66885
50,SomeCollege,0,Industrial,West,38907
53,Advanced,9,Information,South,49359
20,<HS,3,Industrial,South,45454
26,<HS,34,Information,South,29573
25,<HS,9,Industrial,South,31731
50,HS,10,Information,South,47537
23,SomeCollege,13,Information,South,49144
58,SomeCollege,37,Information,East,49176
56,<HS,11,Industrial,East,49200
21,Advanced,16,Industrial,East,37760
30,College,15,Information,West,81821
19,HS,34,Industrial,South,53477
22,<HS,1,Industrial,South,41367
61,HS,10,Industrial,East,56034
44,HS,2,Information,West,37231
49,HS,28,Industrial,East,50401
38,SomeCollege,17,Information,South,56010
25,HS,19,Industrial,South,58264
55,HS,13,Information,East,31140
25,Advanced,33,Information,East,95436
20,College,30,Industrial,South,67727
61,Advanced,39,Information,East,80487
20,HS,17,Information,South,46158
39,HS,29,Industrial,East,53701
23,SomeCollege,24,Information,West,50546
19,<HS,18,Information,South,41794
40,<HS,7,Information,West,61364
61,College,27,Information,East,36745
19,SomeCollege,7,Information,West,60473
55,SomeCollege,30,Information,East,42528
34,SomeCollege,2,Industrial,West,55985
52,SomeCollege,2,Information,West,71924
51,<HS,21,Information,West,48004
40,HS,16,Information,South,61703
47,HS,35,Information,West,42366
25,<HS,16,Industrial,East,32279
39,Advanced,13,Industrial,East,74925
61,SomeCollege,8,Information,South,61215
53,College,29,Information,South,47983
22,HS,20,Information,East,60446
30,HS,11,Industrial,West,34754
46,HS,36,Information,East,56633
48,<HS,31,Information,South,53255
64,HS,10,Information,South,59758
33,College,19,Industrial,East,74625
59,College,34,Industrial,West,71723
47,SomeCollege,10,Industrial,West,29167
33,SomeCollege,7,Information,South,20071
29,Advanced,3,Information,East,53685
34,<HS,26,Information,East,52540
33,HS,39,Industrial,South,32957
29,HS,37,Industrial,East,35588
25,College,29,Information,South,38444
37,Advanced,26,Information,West,70025
20,HS,20,Information,West,42912
33,College,19,Information,East,27441
47,College,3,Information,West,49033
62,HS,10,Information,West,49959
40,HS,12,Information,South,34518
45,SomeCollege,8,Information,South,58855
57,Advanced,3,Industrial,East,67058
22,HS,11,Information,South,44669
37,College,8,Information,East,27441
57,HS,12,Information,East,45893
61,College,25,Industrial,South,54525
18,SomeCollege,37,Industrial,West,17631
47,SomeCollege,12,Information,West,57222
38,College,38,Information,West,44375
37,College,27,Information,West,50655
23,College,18,Industrial,East,45655
39,<HS,23,Industrial,West,38698
35,College,18,Industrial,East,48335
25,HS,12,Information,South,42366
56,SomeCollege,12,Industrial,South,44636
49,SomeCollege,27,Industrial,East,36793
50,SomeCollege,1,Industrial,West,58051
33,SomeCollege,9,Information,East,68551
29,Advanced,21,Information,West,36900
55,HS,12,Information,West,48247
51,College,8,Information,East,33572
31,HS,32,Information,East,55820
53,HS,13,Industrial,West,53363
50,HS,19,Industrial,East,41315
40,Advanced,14,Industrial,West,48758
62,College,31,Information,East,62979
19,Advanced,32,Information,South,25889
58,Advanced,16,Industrial,West,30622
38,HS,23,Information,South,58727
19,HS,29,Information,East,50817
44,College,12,Industrial,South,48947
26,SomeCollege,15,Industrial,East,64144
18,SomeCollege,1,Information,West,60566
28,HS,16,Industrial,East,75726
20,SomeCollege,31,Industrial,East,63424
40,SomeCollege,7,Industrial,West,57885
43,HS,2,Industrial,East,49190
21,SomeCollege,11,Information,West,47837
35,SomeCollege,19,Industrial,East,49951
23,SomeCollege,15,Information,West,53344
52,HS,13,Information,South,31899
39,College,15,Industrial,East,53953
60,<HS,32,Information,East,46350
32,HS,29,Industrial,East,55355
39,College,11,Industrial,West,41334
54,SomeCollege,14,Industrial,East,40108
59,HS,17,Industrial,West,53460
29,College,27,Information,East,57159
64,SomeCollege,22,Information,South,40940
59,College,13,Information,East,69788
55,College,29,Information,South,69685
35,SomeCollege,32,Information,West,26265
62,SomeCollege,14,Information,South,38344
52,HS,6,Industrial,East,51743
47,HS,14,Industrial,East,55561
41,SomeCollege,37,Industrial,West,81985
59,SomeCollege,10,Industrial,East,52113
47,SomeCollege,28,Information,East,48253
31,HS,30,Information,West,32929
23,<HS,24,Information,West,26219
20,SomeCollege,23,Industrial,South,47994
33,HS,18,Information,West,80860
24,College,1,Industrial,East,46823
31,<HS,21,Information,West,38409
26,SomeCollege,19,Information,East,56781
32,Advanced,32,Information,South,19916
38,HS,7,Information,West,51189
52,SomeCollege,24,Information,East,62365
19,<HS,8,Industrial,West,35786
44,SomeCollege,33,Industrial,West,70533
19,SomeCollege,22,Information,West,59895
52,SomeCollege,4,Industrial,West,70668
35,SomeCollege,24,Information,South,29355
31,College,7,Industrial,East,47289
37,HS,15,Information,West,63831
35,<HS,14,Industrial,East,27532
27,College,0,Information,South,64206
42,SomeCollege,21,Information,East,47302
19,College,2,Information,East,64094
42,SomeCollege,37,Information,South,53262
50,College,13,Information,West,71162
53,SomeCollege,35,Information,East,30621
48,College,17,Industrial,East,54936
31,Advanced,17,Industrial,West,27326
18,SomeCollege,2,Industrial,West,56293
63,HS,9,Industrial,East,54917
33,HS,38,Industrial,South,45723
63,HS,0,Information,West,38243
20,HS,26,Information,West,45119
52,HS,26,Industrial,South,51464
58,SomeCollege,10,Industrial,East,54262
23,SomeCollege,4,Information,West,78984
42,SomeCollege,6,Information,East,63101
30,SomeCollege,18,Information,East,41196
51,<HS,28,Industrial,East,58690
25,<HS,14,Information,South,63219
38,HS,34,Industrial,East,40160
51,SomeCollege,36,Industrial,East,60532
21,HS,11,Industrial,West,27698
42,HS,29,Information,West,39614
32,SomeCollege,19,Information,South,28636
21,College,36,Information,South,46834
62,<HS,2,Information,West,42895
29,SomeCollege,8,Industrial,West,44045
49,College,38,Information,South,62232
49,College,25,Information,East,51358
45,Advanced,1,Information,South,62004
30,<HS,22,Industrial,East,74395
48,HS,22,Information,West,81419
31,College,20,Industrial,West,47902
37,SomeCollege,15,Information,West,58021
35,SomeCollege,8,Information,East,47678
46,College,12,Information,South,65212
23,College,27,Information,East,62295
49,Advanced,26,Industrial,South,40091
46,Advanced,16,Information,South,42299
60,College,37,Information,South,70790
19,HS,35,Industrial,West,41762
40,College,0,Industrial,South,48323
36,<HS,17,Industrial,West,60125
48,HS,8,Information,South,47516
22,College,12,Information,South,73009
36,HS,39,Industrial,West,65496
51,HS,14,Industrial,West,36737
27,HS,3,Industrial,East,41217
42,College,32,Information,South,58813
19,SomeCollege,23,Industrial,West,49219
28,College,35,Industrial,East,20891
48,HS,9,Information,East,35436
32,College,35,Industrial,West,53511
26,College,19,Industrial,South,63358
40,HS,10,Information,East,63572
36,SomeCollege,11,Information,South,79442
26,HS,17,Industrial,South,39628
52,Advanced,29,Information,East,40345
38,SomeCollege,36,Information,West,49620
26,Advanced,19,Information,South,24860
45,HS,24,Information,West,49953
63,College,11,Industrial,East,47067
24,College,20,Information,South,61875
33,College,24,Information,West,64422
33,Advanced,10,Industrial,West,55359
50,HS,8,Information,South,50043
21,HS,24,Information,West,55460
21,College,34,Industrial,West,38107
56,College,31,Information,East,48759
57,SomeCollege,13,Information,East,50251
34,HS,0,Industrial,West,48873
54,SomeCollege,16,Industrial,West,47434
56,HS,24,Industrial,South,40680
46,SomeCollege,7,Industrial,East,34615
53,SomeCollege,4,Industrial,South,46923
55,College,4,Industrial,West,58915
56,HS,34,Industrial,South,23938
54,SomeCollege,18,Information,West,42540
52,HS,22,Information,East,81036
24,HS,8,Industrial,East,47105
44,College,29,Information,West,52270
45,Advanced,15,Information,East,77580
39,HS,32,Information,West,54791
31,College,1,Information,South,55134
24,College,13,Information,West,36347
54,College,0,Industrial,South,54692
39,HS,25,Industrial,West,49778
22,Advanced,24,Industrial,East,63873
19,HS,15,Industrial,West,69159
44,HS,14,Information,West,50454
38,<HS,25,Information,West,55731
55,SomeCollege,15,Information,East,21651
32,HS,13,Industrial,West,16465
38,HS,28,Information,East,66397
27,HS,23,Information,West,12576
40,College,14,Industrial,South,54910
56,College,18,Information,West,47395
22,HS,7,Industrial,South,68470
18,College,33,Industrial,East,49472
30,College,1,Information,East,77033
38,College,26,Information,West,46941
43,HS,9,Industrial,East,67195
62,College,34,Information,West,27526
38,Advanced,22,Information,East,15469
35,College,7,Information,South,49576
54,HS,27,Industrial,East,28991
62,SomeCollege,22,Information,South,49101
49,SomeCollege,3,Industrial,West,43802
53,SomeCollege,13,Industrial,West,59077
34,HS,28,Information,West,34034
52,HS,0,Industrial,South,56369
28,College,3,Information,West,62959
38,College,31,Information,West,46914
43,HS,32,Industrial,South,57173
21,Advanced,25,Industrial,East,35321
51,HS,16,Information,West,44260
35,College,38,Industrial,East,29868
57,College,22,Industrial,East,85081
52,College,31,Industrial,West,68431
58,Advanced,14,Information,West,74901
46,HS,12,Industrial,South,68216
46,College,1,Information,South,40052
55,HS,18,Information,West,26982
59,College,23,Industrial,East,43638
38,College,23,Industrial,South,57129
59,College,10,Information,South,45646
30,HS,21,Information,West,16478
58,College,14,Information,West,61206
34,HS,9,Industrial,West,26026
26,<HS,26,Information,West,43664
58,College,8,Information,South,76156
18,SomeCollege,27,Information,South,50736
19,College,0,Industrial,South,66149
46,HS,16,Industrial,East,55202
50,HS,30,Industrial,South,34866
27,College,9,Industrial,South,60939
57,SomeCollege,36,Information,West,49051
38,HS,28,Information,South,27712
45,College,17,Information,South,25195
28,SomeCollege,37,Industrial,South,55749
51,SomeCollege,38,Information,West,82120
25,SomeCollege,5,Information,South,33856
39,College,39,Information,South,35645
25,College,11,Information,East,55966
32,College,13,Information,East,30291
34,HS,9,Industrial,East,85310
40,College,19,Industrial,East,37014
41,College,14,Industrial,West,42515
62,College,30,Industrial,East,37931
36,HS,6,Information,South,64021
22,College,9,Information,East,82433
49,College,9,Industrial,West,39451
61,HS,38,Industrial,East,62998
18,SomeCollege,27,Information,East,30411
40,College,29,Industrial,West,64389
54,<HS,36,Information,West,76375
25,Advanced,2,Information,West,71785
30,College,14,Industrial,West,51992
25,SomeCollege,20,Information,West,34507
40,HS,36,Information,West,50011
60,HS,11,Information,South,45336
18,Advanced,3,Information,East,43299
62,HS,8,Industrial,East,53098
41,College,38,Industrial,West,49001
52,HS,27,Industrial,West,60617
41,HS,22,Industrial,South,60715
34,<HS,39,Information,South,49058
22,SomeCollege,21,Information,West,56483
37,Advanced,23,Information,South,69820
38,HS,25,Information,South,42025
57,HS,29,Information,West,50238
48,HS,32,Industrial,West,34574
63,SomeCollege,15,Industrial,West,57197
53,SomeCollege,21,Information,West,52977
28,College,17,Industrial,East,56913
32,SomeCollege,6,Information,East,35167
36,SomeCollege,25,Industrial,West,61483
24,HS,7,Industrial,South,51530
45,Advanced,5,Information,West,65442
60,HS,29,Information,East,43433
22,<HS,38,Industrial,South,60236
22,College,22,Industrial,East,56675
47,SomeCollege,31,Industrial,West,72869
49,SomeCollege,21,Industrial,East,48255
25,SomeCollege,8,Industrial,East,41676
27,College,30,Information,East,42593
55,HS,6,Information,South,33375
64,College,8,Information,East,42453
49,SomeCollege,12,Information,South,14891
45,SomeCollege,2,Information,West,70531
34,SomeCollege,34,Industrial,West,79010
48,HS,32,Information,East,47786
25,College,20,Information,South,56571
57,SomeCollege,30,Industrial,West,52460
42,HS,33,Information,South,30304
26,SomeCollege,31,Information,South,65393
19,Advanced,34,Industrial,East,67631
32,SomeCollege,14,Industrial,East,34385
20,Advanced,31,Information,South,54948
53,HS,5,Information,South,46058
21,<HS,20,Industrial,East,67848
31,HS,32,Information,South,48756
58,SomeCollege,31,Information,East,49163
58,HS,18,Industrial,South,77313
42,<HS,32,Information,East,30718
27,Advanced,27,Information,South,53720
38,College,30,Information,East,51329
53,College,20,Industrial,South,40945
29,HS,33,Industrial,West,80597
44,HS,14,Information,West,55048
57,<HS,13,Information,South,60076
19,College,18,Information,West,62219
30,Advanced,14,Information,South,45187
49,SomeCollege,5,Information,South,68626
48,HS,8,Industrial,West,65608
33,SomeCollege,36,Information,South,48168
49,HS,19,Information,East,64074
49,HS,33,Information,South,68599
51,SomeCollege,37,Information,South,61926
28,College,25,Information,West,37471
27,HS,17,Information,East,48614
32,<HS,27,Industrial,South,57130
34,Advanced,8,Industrial,South,53781
57,HS,31,Information,South,38822
35,<HS,5,Information,South,45701
26,HS,13,Information,South,55277
42,<HS,27,Information,South,27361
57,HS,23,Industrial,East,50289
31,College,12,Information,East,60449
42,HS,11,Industrial,South,54244
39,SomeCollege,18,Industrial,South,37137
47,College,20,Industrial,West,39777
37,SomeCollege,26,Industrial,East,72304
38,College,18,Information,East,35935
61,College,23,Industrial,South,67785
49,<HS,25,Industrial,East,40680
63,College,27,Industrial,East,66952
38,SomeCollege,17,Information,West,58116
52,Advanced,35,Industrial,West,44779
49,SomeCollege,28,Information,East,23502
47,Advanced,16,Industrial,East,55978
56,College,3,Information,East,52723
29,HS,28,Industrial,South,56208
58,SomeCollege,3,Information,West,58091
64,Advanced,9,Information,South,30288
35,College,24,Information,West,55899
38,<HS,30,Information,West,61138
30,College,2,Information,West,60961
38,HS,1,Information,East,31204
25,<HS,24,Industrial,West,67314
63,SomeCollege,5,Industrial,South,56430
57,HS,25,Industrial,West,58333
63,College,7,Information,South,36564
24,HS,34,Information,West,61356
40,College,26,Information,West,24141
61,<HS,24,Industrial,East,37277
49,HS,17,Industrial,South,68998
28,HS,0,Information,West,60628
39,HS,38,Information,West,54372
39,<HS,2,Industrial,South,64155
60,HS,3,Industrial,West,65197
42,SomeCollege,36,Industrial,East,61368
39,HS,14,Industrial,South,46738
45,SomeCollege,7,Information,East,36829
46,HS,37,Information,South,40048
30,College,18,Information,South,71158
35,Advanced,25,Information,South,30867
19,SomeCollege,38,Information,West,57362
46,HS,9,Information,South,57385
38,HS,37,Information,South,72020
32,Advanced,13,Information,South,57343
44,<HS,18,Information,East,43651
48,HS,29,Information,South,43887
32,HS,4,Information,West,49913
40,HS,30,Industrial,South,66990
41,HS,6,Industrial,South,62097
61,College,18,Information,East,33714
30,HS,30,Information,West,54179
39,SomeCollege,38,Information,West,62378
60,HS,23,Industrial,West,46442
54,<HS,33,Information,South,17600
50,Advanced,22,Information,South,47052
20,HS,39,Industrial,West,27722
36,College,5,Information,West,25348
40,SomeCollege,37,Information,East,65977
46,<HS,35,Information,West,87815
47,Advanced,26,Information,South,70464
56,HS,10,Information,South,10841
61,College,4,Industrial,South,47404
64,HS,16,Information,East,41154
42,College,6,Industrial,West,27936
54,<HS,26,Information,South,56972
64,SomeCollege,14,Information,East,47228
25,College,12,Information,East,32538
59,Advanced,10,Information,South,19154
33,Advanced,25,Information,East,40866
25,College,21,Information,East,50118
18,College,27,Industrial,South,48223
61,HS,23,Information,East,65941
22,HS,28,Information,South,55069
20,HS,8,Information,South,44830
18,HS,3,Information,East,37741
21,HS,17,Information,South,23436
57,SomeCollege,15,Information,South,33630
52,HS,32,Information,West,70374
49,College,28,Information,South,62970
59,HS,38,Industrial,West,54331
51,HS,9,Information,West,42588
60,SomeCollege,8,Information,West,68615
42,College,30,Industrial,West,34833
27,College,27,Industrial,East,35004
38,SomeCollege,2,Industrial,East,48597
63,HS,13,Information,South,17252
56,SomeCollege,24,Industrial,South,34407
44,<HS,14,Information,South,46456
44,HS,1,Information,East,43081
19,SomeCollege,23,Industrial,West,35176
58,<HS,13,Information,East,80530
30,HS,6,Industrial,East,70448
26,Advanced,35,Industrial,South,75719
53,Advanced,23,Industrial,South,48514
39,HS,26,Industrial,South,42671
59,<HS,36,Information,West,74024
43,HS,37,Information,West,51278
29,HS,29,Industrial,East,34092
34,Advanced,26,Industrial,West,35134
31,HS,38,Industrial,South,45133
31,College,14,Industrial,West,49669
51,HS,25,Industrial,West,51221
37,Advanced,0,Industrial,West,47246
28,HS,3,Information,West,85094
33,College,28,Information,South,29703
48,HS,0,Industrial,South,60090
23,SomeCollege,21,Information,East,42838
36,HS,10,Information,East,49418
54,HS,9,Information,East,64107
21,Advanced,16,Industrial,West,23258
64,Advanced,35,Industrial,West,35811
21,College,25,Industrial,South,47995
37,SomeCollege,20,Information,East,72143
27,College,12,Industrial,South,72064
41,<HS,8,Industrial,East,69159
52,HS,10,Information,East,17099
43,HS,10,Information,East,34253
54,SomeCollege,5,Information,West,34870
55,HS,0,Information,East,49171
38,HS,5,Industrial,East,22204
57,SomeCollege,12,Information,West,66468
56,College,21,Industrial,East,20084
38,HS,30,Information,West,65487
27,HS,21,Information,West,63062
55,HS,36,Information,South,33584
63,HS,26,Information,West,68929
21,HS,13,Information,West,45001
62,SomeCollege,4,Information,West,41109
37,SomeCollege,35,Information,East,43678
34,College,31,Information,South,44964
24,HS,33,Industrial,East,46344
21,College,6,Information,West,46685
46,HS,9,Information,West,36645
31,SomeCollege,16,Industrial,South,40127
20,College,29,Information,South,41425
41,HS,20,Industrial,West,75090
54,HS,12,Industrial,West,41432
33,College,0,Information,East,40469
21,HS,0,Industrial,West,72744
41,College,32,Industrial,East,45169
51,<HS,37,Industrial,South,36646
47,College,24,Industrial,East,33395
35,HS,25,Information,West,28697
36,<HS,12,Industrial,East,58117
48,SomeCollege,27,Information,East,22934
36,HS,32,Information,South,70195
63,HS,36,Information,East,48630
36,<HS,29,Information,West,43443
39,HS,7,Information,East,46574
41,HS,0,Industrial,East,56945
62,<HS,11,Industrial,East,42952
29,Advanced,4,Information,West,47123
47,<HS,23,Industrial,East,65796
55,SomeCollege,5,Industrial,West,55203
48,HS,24,Information,East,31250
53,HS,0,Information,South,39383
36,Advanced,24,Industrial,South,23278
62,HS,0,Industrial,South,59228
53,Advanced,31,Industrial,West,60829
47,HS,2,Industrial,West,35984
50,College,18,Information,West,84572
35,SomeCollege,28,Information,East,86568
45,College,1,Information,West,50342
64,SomeCollege,8,Information,West,38039
28,SomeCollege,16,Industrial,West,54107
62,HS,35,Industrial,West,37684
50,HS,16,Information,South,64250
34,Advanced,11,Industrial,East,52495
23,HS,19,Information,South,53574
21,HS,2,Industrial,East,76387
37,College,3,Industrial,East,40714
64,HS,16,Industrial,South,41315
44,Advanced,36,Industrial,West,62875
32,College,14,Information,South,43670
23,SomeCollege,32,Industrial,East,74057
64,College,15,Industrial,East,65007
31,<HS,10,Information,West,44429
28,HS,19,Industrial,South,22826
56,SomeCollege,37,Industrial,East,28216
26,HS,23,Information,South,42773
43,College,15,Information,West,56070
33,Advanced,29,Industrial,West,66534
22,SomeCollege,33,Industrial,East,46740
27,HS,0,Information,West,36666
20,Advanced,23,Information,East,47888
30,SomeCollege,23,Information,East,50305
60,SomeCollege,8,Industrial,West,69574
47,HS,21,Industrial,West,68741
62,Advanced,11,Information,South,34971
23,SomeCollege,16,Information,South,56811
34,College,24,Information,East,37192
62,College,27,Industrial,South,37615
36,HS,14,Information,East,65580
59,SomeCollege,29,Information,West,47010
52,College,26,Information,West,59597
63,HS,21,Industrial,South,58021
43,College,9,Information,East,48807
22,Advanced,30,Information,East,54994
46,SomeCollege,26,Industrial,South,53057
54,College,11,Information,East,32743
37,College,30,Information,East,57309
38,College,31,Industrial,West,39410
27,HS,31,Information,East,33963
22,<HS,34,Information,East,62819
53,SomeCollege,20,Information,East,41130
23,College,9,Industrial,South,66660
43,SomeCollege,15,Information,South,66475
21,College,6,Industrial,South,42848
56,HS,3,Information,East,66025
56,SomeCollege,26,Information,East,44160
52,HS,24,Industrial,South,48974
18,College,30,Industrial,South,57406
41,SomeCollege,10,Information,East,80590
53,HS,19,Industrial,East,64113
23,HS,35,Information,West,49133
58,College,16,Information,South,51549
63,SomeCollege,10,Information,East,26253
61,HS,29,Industrial,South,65072
48,Advanced,34,Information,South,63460
37,College,37,Information,South,54252
41,Advanced,21,Information,West,60766
42,SomeCollege,26,Information,East,19622
53,SomeCollege,36,Industrial,East,33773
38,College,34,Industrial,South,77022
47,SomeCollege,3,Industrial,East,46134
41,College,15,Information,West,61361
61,HS,15,Information,South,38800
59,SomeCollege,20,Industrial,West,43367
47,HS,25,Industrial,West,77820
39,HS,35,Information,East,47638
45,<HS,18,Industrial,East,57853
24,<HS,16,Industrial,West,51956
52,Advanced,25,Industrial,East,53696
45,HS,21,Information,West,53183
31,College,27,Information,West,20335
27,College,0,Information,South,57155
33,SomeCollege,35,Information,West,41935
33,HS,36,Information,West,76693
48,College,1,Information,East,38410
59,SomeCollege,16,Industrial,South,42925
42,College,39,Information,East,86691
30,College,37,Information,South,60851
23,Advanced,20,Industrial,East,35248
61,SomeCollege,8,Industrial,West,52646
26,HS,12,Industrial,South,31694
62,SomeCollege,10,Information,South,53863
53,<HS,15,Industrial,South,37934
60,College,15,Information,South,77972
37,HS,1,Information,East,56313
35,HS,7,Industrial,East,57913
60,College,12,Information,South,64246
38,SomeCollege,16,Information,South,65924
21,HS,38,Information,South,39663
50,SomeCollege,23,Information,East,51424
44,College,2,Information,South,43317
24,HS,29,Industrial,South,81411
23,College,12,Information,South,15721
32,<HS,18,Industrial,East,41373
35,College,6,Information,West,48800
49,College,8,Information,West,52054
28,HS,18,Information,East,51747
37,SomeCollege,39,Information,West,49307
41,HS,21,Industrial,South,47563
32,College,17,Information,South,53619
24,SomeCollege,22,Information,East,56922
38,SomeCollege,1,Industrial,East,76860
59,HS,10,Information,West,76727
43,HS,30,Industrial,West,54514
61,<HS,32,Industrial,South,42569
31,HS,13,Information,East,43619
54,SomeCollege,15,Information,West,30288
38,College,10,Information,West,64298
35,College,32,Industrial,South,49328
22,SomeCollege,6,Information,South,56558
20,Advanced,30,Information,South,55006
40,College,13,Information,South,39535
43,Advanced,27,Information,West,37683
54,SomeCollege,15,Information,East,43206
41,HS,18,Industrial,East,57285
36,<HS,16,Information,South,48788
42,College,25,Industrial,South,23520
38,HS,5,Industrial,West,34637
29,HS,8,Information,South,45989
58,SomeCollege,16,Information,East,49543
50,SomeCollege,30,Information,South,57732
21,SomeCollege,11,Industrial,East,50588
59,HS,22,Information,South,44559
24,HS,4,Industrial,South,44043
39,SomeCollege,35,Industrial,East,53021
50,Advanced,35,Information,West,56270
34,College,2,Industrial,West,45052
41,Advanced,23,Information,South,33834
51,College,16,Industrial,South,48520
45,SomeCollege,38,Information,East,40252
60,HS,25,Information,East,54313
58,College,3,Information,South,72211
56,SomeCollege,11,Industrial,East,29726
39,SomeCollege,0,Information,West,67260
34,SomeCollege,20,Industrial,West,57035
51,SomeCollege,18,Information,East,66542
23,HS,20,Information,East,43463
63,SomeCollege,17,Information,East,28309
