client_id,client_age,customer_since,bank_account,credit_card,mortgage,total_number_of_products,customer_income,customer_debt,city,Bank,Branch,use_of_digital_channels,use_of_branches,bank_service_message
SHZV-1493-NEVC-8912,78,2016,no,yes,no,3,234567.54,417219.52,Chicago,Bank of America , Magnificent Mile,medium,low,"I've had an excellent experience with the bank's helpful financial advice. Their team is consistently supportive, and using their services has made managing my finances much easier. From digital banking to in-person interactions, everything feels smooth and efficient. I highly recommend their service to anyone looking for reliability."
SULL-1078-YORL-8055,58,2018,no,no,no,0,16333.04,469993.65,Dallas,Wells Fargo , Main Street Dallas,low,medium,"I've had an excellent experience with the bank's fraud protection efficiency. Their team is consistently supportive, and using their services has made managing my finances much easier. From digital banking to in-person interactions, everything feels smooth and efficient. I highly recommend their service to anyone looking for reliability."
WLYJ-9126-OZSF-4196,76,2007,yes,yes,yes,5,183418.08,147398.45,San Francisco,Bank of America , Embarcadero,medium,low,"My recent interactions with the bank have been disappointing, particularly related to unreliable mobile app. Customer support was slow to respond, and I encountered multiple obstacles while trying to resolve basic issues. The overall banking experience left much to be desired, pushing me to consider alternatives."
VZMD-7697-CKUK-6198,59,2002,yes,no,no,5,32490.32,80208.97,San Francisco,Bank of America , Embarcadero,high,medium,"I've had an excellent experience with the bank's seamless online banking. Their team is consistently supportive, and using their services has made managing my finances much easier. From digital banking to in-person interactions, everything feels smooth and efficient. I highly recommend their service to anyone looking for reliability."
WTBA-2990-KOZM-6501,67,2021,yes,no,no,2,38838.38,319814.33,Denver,Chase , Denver 16th Street,medium,high,"My experience with the bank has been generally fine, especially regarding average service quality. There have been occasional issues but nothing too disruptive. Service is functional and gets the job done. I wouldn't call it exceptional, but it certainly meets most of my banking needs without much hassle."
UBPV-1590-VBES-8402,32,2020,yes,yes,no,5,112237.68,75886.29,San Francisco,Bank of America , Embarcadero,low,high,"I've had an excellent experience with the bank's reward programs. Their team is consistently supportive, and using their services has made managing my finances much easier. From digital banking to in-person interactions, everything feels smooth and efficient. I highly recommend their service to anyone looking for reliability."
LPOM-5563-JDBN-5552,29,2018,yes,no,no,4,139791.46,145709.69,Dallas,Wells Fargo , Main Street Dallas,low,low,"My experience with the bank has been generally fine, especially regarding standard credit card offers. There have been occasional issues but nothing too disruptive. Service is functional and gets the job done. I wouldn't call it exceptional, but it certainly meets most of my banking needs without much hassle."
PYCO-8410-GIHE-3493,64,2018,yes,yes,no,3,68505.34,181101.9,Miami,Wells Fargo , Brickell Avenue,low,high,"My recent interactions with the bank have been disappointing, particularly related to app crashes during payment. Customer support was slow to respond, and I encountered multiple obstacles while trying to resolve basic issues. The overall banking experience left much to be desired, pushing me to consider alternatives."
AFRG-8283-RKOR-5221,20,2023,yes,no,no,3,204425.23,399048.5,Dallas,Wells Fargo , Main Street Dallas,high,low,"I've had an excellent experience with the bank's mobile check deposits. Their team is consistently supportive, and using their services has made managing my finances much easier. From digital banking to in-person interactions, everything feels smooth and efficient. I highly recommend their service to anyone looking for reliability."
XIBY-4200-ESKY-1874,73,1992,no,no,no,0,93431.85,33554.74,Boston,Bank of America , Boylston Street,low,high,"I've had an excellent experience with the bank's mobile app convenience. Their team is consistently supportive, and using their services has made managing my finances much easier. From digital banking to in-person interactions, everything feels smooth and efficient. I highly recommend their service to anyone looking for reliability."
EZHK-7506-YFVX-3858,38,2022,yes,no,yes,2,195272.09,215473.36,Miami,Wells Fargo , Brickell Avenue,medium,medium,"My experience with the bank has been generally fine, especially regarding long wait times sometimes. There have been occasional issues but nothing too disruptive. Service is functional and gets the job done. I wouldn't call it exceptional, but it certainly meets most of my banking needs without much hassle."
UMOF-6529-NODK-6157,60,1994,yes,no,no,4,198561.53,369729.31,Austin,Wells Fargo , Congress Avenue,medium,low,"My recent interactions with the bank have been disappointing, particularly related to unreliable mobile app. Customer support was slow to respond, and I encountered multiple obstacles while trying to resolve basic issues. The overall banking experience left much to be desired, pushing me to consider alternatives."
NLTP-7843-YXIO-8608,18,2025,yes,yes,yes,2,115380.17,129426.48,Seattle,Chase , Seattle Pike Street,low,high,"My experience with the bank has been generally fine, especially regarding average online experience. There have been occasional issues but nothing too disruptive. Service is functional and gets the job done. I wouldn't call it exceptional, but it certainly meets most of my banking needs without much hassle."
GWTM-1345-YBZN-4897,43,2012,yes,yes,yes,1,87493.19,50448.25,San Francisco,Bank of America , Embarcadero,high,high,"My experience with the bank has been generally fine, especially regarding ok rewards. There have been occasional issues but nothing too disruptive. Service is functional and gets the job done. I wouldn't call it exceptional, but it certainly meets most of my banking needs without much hassle."
ANWC-7113-MHIO-3647,62,1994,no,no,yes,5,64069.7,151464.75,New York,Chase , 5th Avenue,medium,medium,"My recent interactions with the bank have been disappointing, particularly related to unreliable mobile app. Customer support was slow to respond, and I encountered multiple obstacles while trying to resolve basic issues. The overall banking experience left much to be desired, pushing me to consider alternatives."
MRCK-6385-BUHY-7210,21,2022,no,yes,no,3,119328.83,371971.19,Los Angeles,Chase , Downtown LA,high,low,"I've had an excellent experience with the bank's fraud protection efficiency. Their team is consistently supportive, and using their services has made managing my finances much easier. From digital banking to in-person interactions, everything feels smooth and efficient. I highly recommend their service to anyone looking for reliability."
QQWM-3152-FTKV-3113,74,2015,yes,yes,no,4,206407.36,46425.91,Seattle,Chase , Seattle Pike Street,low,high,"I've had an excellent experience with the bank's Zelle payment speed. Their team is consistently supportive, and using their services has made managing my finances much easier. From digital banking to in-person interactions, everything feels smooth and efficient. I highly recommend their service to anyone looking for reliability."
NAYS-4546-LPVX-6776,33,2010,yes,yes,no,5,157139.38,374841.3,Denver,Chase , Denver 16th Street,medium,medium,"My recent interactions with the bank have been disappointing, particularly related to poor loyalty offers. Customer support was slow to respond, and I encountered multiple obstacles while trying to resolve basic issues. The overall banking experience left much to be desired, pushing me to consider alternatives."
GBXU-2439-ZVPO-1219,82,2013,no,no,yes,3,18794.18,190014.57,Los Angeles,Chase , Downtown LA,medium,medium,"I've had an excellent experience with the bank's friendly customer service. Their team is consistently supportive, and using their services has made managing my finances much easier. From digital banking to in-person interactions, everything feels smooth and efficient. I highly recommend their service to anyone looking for reliability."
CRJU-6024-MGTI-6463,57,1994,no,no,yes,5,34846.1,321790.98,Miami,Wells Fargo , Brickell Avenue,medium,medium,"I've had an excellent experience with the bank's fraud protection efficiency. Their team is consistently supportive, and using their services has made managing my finances much easier. From digital banking to in-person interactions, everything feels smooth and efficient. I highly recommend their service to anyone looking for reliability."
GWPQ-4899-BINX-4989,23,2020,yes,yes,yes,1,136876.17,70110.18,New York,Chase , 5th Avenue,medium,low,"I've had an excellent experience with the bank's fraud protection efficiency. Their team is consistently supportive, and using their services has made managing my finances much easier. From digital banking to in-person interactions, everything feels smooth and efficient. I highly recommend their service to anyone looking for reliability."
YDTQ-6525-JOJF-8876,55,2013,no,yes,no,1,56039.81,259299.84,New York,Chase , 5th Avenue,low,high,"My experience with the bank has been generally fine, especially regarding standard credit card offers. There have been occasional issues but nothing too disruptive. Service is functional and gets the job done. I wouldn't call it exceptional, but it certainly meets most of my banking needs without much hassle."
FNHU-0085-WWWL-8139,38,2005,no,yes,no,3,161948.43,454490.43,Chicago,Bank of America , Magnificent Mile,medium,high,"I've had an excellent experience with the bank's friendly customer service. Their team is consistently supportive, and using their services has made managing my finances much easier. From digital banking to in-person interactions, everything feels smooth and efficient. I highly recommend their service to anyone looking for reliability."
MIYI-6148-TQKQ-8960,60,1991,no,yes,yes,3,25927.37,188518.39,San Francisco,Bank of America , Embarcadero,high,high,"I've had an excellent experience with the bank's mobile app convenience. Their team is consistently supportive, and using their services has made managing my finances much easier. From digital banking to in-person interactions, everything feels smooth and efficient. I highly recommend their service to anyone looking for reliability."
AYZN-4413-IGCS-4954,30,2013,no,yes,yes,3,247225,56205.29,Boston,Bank of America , Boylston Street,medium,medium,"I've had an excellent experience with the bank's quick mortgage approval. Their team is consistently supportive, and using their services has made managing my finances much easier. From digital banking to in-person interactions, everything feels smooth and efficient. I highly recommend their service to anyone looking for reliability."
HMLS-0740-RHTZ-6564,35,2008,no,no,no,0,45126.67,328187.14,Seattle,Chase , Seattle Pike Street,medium,high,"My experience with the bank has been generally fine, especially regarding ok rewards. There have been occasional issues but nothing too disruptive. Service is functional and gets the job done. I wouldn't call it exceptional, but it certainly meets most of my banking needs without much hassle."
YOHQ-7882-QTUF-4661,43,2000,yes,yes,yes,1,169914.33,371592.62,Miami,Wells Fargo , Brickell Avenue,high,medium,"My experience with the bank has been generally fine, especially regarding ok rewards. There have been occasional issues but nothing too disruptive. Service is functional and gets the job done. I wouldn't call it exceptional, but it certainly meets most of my banking needs without much hassle."
HIUW-4104-JQCH-6092,49,2004,no,yes,no,2,181958.21,231074.58,Dallas,Wells Fargo , Main Street Dallas,high,high,"My experience with the bank has been generally fine, especially regarding long wait times sometimes. There have been occasional issues but nothing too disruptive. Service is functional and gets the job done. I wouldn't call it exceptional, but it certainly meets most of my banking needs without much hassle."
PCVE-0970-VUYO-5011,34,2010,no,no,yes,4,188056.43,425374.21,Boston,Bank of America , Boylston Street,high,medium,"My experience with the bank has been generally fine, especially regarding average online experience. There have been occasional issues but nothing too disruptive. Service is functional and gets the job done. I wouldn't call it exceptional, but it certainly meets most of my banking needs without much hassle."
TMKQ-6301-CFEL-9176,19,2024,yes,yes,yes,3,90795.11,286043.37,New York,Chase , 5th Avenue,medium,medium,"I've had an excellent experience with the bank's quick mortgage approval. Their team is consistently supportive, and using their services has made managing my finances much easier. From digital banking to in-person interactions, everything feels smooth and efficient. I highly recommend their service to anyone looking for reliability."
QOJL-1347-DXWI-0242,69,2018,yes,no,no,4,118367.8,372480.21,Los Angeles,Chase , Downtown LA,high,high,"My recent interactions with the bank have been disappointing, particularly related to confusing mortgage process. Customer support was slow to respond, and I encountered multiple obstacles while trying to resolve basic issues. The overall banking experience left much to be desired, pushing me to consider alternatives."
FGWR-7733-BLTG-2997,50,2011,no,no,yes,5,216210.38,381634.66,San Francisco,Bank of America , Embarcadero,medium,low,"I've had an excellent experience with the bank's quick mortgage approval. Their team is consistently supportive, and using their services has made managing my finances much easier. From digital banking to in-person interactions, everything feels smooth and efficient. I highly recommend their service to anyone looking for reliability."
NWSR-7861-AJKA-9218,34,2009,yes,no,yes,4,144359.22,147856.72,San Francisco,Bank of America , Embarcadero,medium,medium,"I've had an excellent experience with the bank's mobile app convenience. Their team is consistently supportive, and using their services has made managing my finances much easier. From digital banking to in-person interactions, everything feels smooth and efficient. I highly recommend their service to anyone looking for reliability."
EHPJ-7948-UIAP-7821,28,2022,yes,no,yes,1,212403.01,110928.55,Austin,Wells Fargo , Congress Avenue,low,low,"I've had an excellent experience with the bank's helpful financial advice. Their team is consistently supportive, and using their services has made managing my finances much easier. From digital banking to in-person interactions, everything feels smooth and efficient. I highly recommend their service to anyone looking for reliability."
YAMD-3519-BVYB-1642,37,2023,yes,no,yes,5,237583.42,265435.04,San Francisco,Bank of America , Embarcadero,medium,low,"My experience with the bank has been generally fine, especially regarding ordinary mortgage process. There have been occasional issues but nothing too disruptive. Service is functional and gets the job done. I wouldn't call it exceptional, but it certainly meets most of my banking needs without much hassle."
JEBI-1337-EHKM-1144,46,1999,no,yes,no,5,240378.34,474449.55,Miami,Wells Fargo , Brickell Avenue,medium,medium,"My recent interactions with the bank have been disappointing, particularly related to unreliable mobile app. Customer support was slow to respond, and I encountered multiple obstacles while trying to resolve basic issues. The overall banking experience left much to be desired, pushing me to consider alternatives."
ZGIL-3513-IXNX-8119,77,2010,yes,no,yes,2,74062.37,277878.69,Boston,Bank of America , Boylston Street,medium,low,"I've had an excellent experience with the bank's Zelle payment speed. Their team is consistently supportive, and using their services has made managing my finances much easier. From digital banking to in-person interactions, everything feels smooth and efficient. I highly recommend their service to anyone looking for reliability."
GDJZ-9623-QTQP-6192,25,2018,yes,yes,no,1,194679.34,403494.14,Denver,Chase , Denver 16th Street,low,medium,"My experience with the bank has been generally fine, especially regarding long wait times sometimes. There have been occasional issues but nothing too disruptive. Service is functional and gets the job done. I wouldn't call it exceptional, but it certainly meets most of my banking needs without much hassle."
WQAF-7693-HEWT-6139,68,2002,yes,no,yes,1,241388.98,138108.94,Chicago,Bank of America , Magnificent Mile,medium,low,"My recent interactions with the bank have been disappointing, particularly related to hidden banking fees. Customer support was slow to respond, and I encountered multiple obstacles while trying to resolve basic issues. The overall banking experience left much to be desired, pushing me to consider alternatives."
MUQC-7774-HKGO-8810,44,2018,yes,no,no,1,164637.8,260310.14,Denver,Chase , Denver 16th Street,high,low,"My recent interactions with the bank have been disappointing, particularly related to unreliable mobile app. Customer support was slow to respond, and I encountered multiple obstacles while trying to resolve basic issues. The overall banking experience left much to be desired, pushing me to consider alternatives."
DVMU-7523-RUGR-0078,74,2009,yes,no,yes,5,221853.32,377125.13,Denver,Chase , Denver 16th Street,high,medium,"My experience with the bank has been generally fine, especially regarding standard credit card offers. There have been occasional issues but nothing too disruptive. Service is functional and gets the job done. I wouldn't call it exceptional, but it certainly meets most of my banking needs without much hassle."
VWWD-1721-ONVG-4845,50,1997,no,no,yes,5,177487.68,397227.81,Dallas,Wells Fargo , Main Street Dallas,medium,low,"I've had an excellent experience with the bank's seamless online banking. Their team is consistently supportive, and using their services has made managing my finances much easier. From digital banking to in-person interactions, everything feels smooth and efficient. I highly recommend their service to anyone looking for reliability."
KZFL-4439-EWNG-8800,64,2005,no,no,no,0,164944.08,432583.62,Boston,Bank of America , Boylston Street,medium,high,"I've had an excellent experience with the bank's friendly customer service. Their team is consistently supportive, and using their services has made managing my finances much easier. From digital banking to in-person interactions, everything feels smooth and efficient. I highly recommend their service to anyone looking for reliability."
GNBW-0446-ZESB-1401,60,2016,no,no,yes,5,38765.78,402995.74,Dallas,Wells Fargo , Main Street Dallas,low,high,"I've had an excellent experience with the bank's helpful financial advice. Their team is consistently supportive, and using their services has made managing my finances much easier. From digital banking to in-person interactions, everything feels smooth and efficient. I highly recommend their service to anyone looking for reliability."
AKXK-7661-MKZG-0112,73,2007,yes,no,no,4,136957.19,462621.55,Austin,Wells Fargo , Congress Avenue,medium,low,"I've had an excellent experience with the bank's mobile check deposits. Their team is consistently supportive, and using their services has made managing my finances much easier. From digital banking to in-person interactions, everything feels smooth and efficient. I highly recommend their service to anyone looking for reliability."
DPKF-5753-ZKEN-7589,30,2013,yes,yes,no,4,173063.21,451894.8,Denver,Chase , Denver 16th Street,medium,medium,"I've had an excellent experience with the bank's mobile check deposits. Their team is consistently supportive, and using their services has made managing my finances much easier. From digital banking to in-person interactions, everything feels smooth and efficient. I highly recommend their service to anyone looking for reliability."
VGSA-3882-PYCS-0947,76,2023,yes,no,no,5,228399.11,108019.77,New York,Chase , 5th Avenue,low,low,"I've had an excellent experience with the bank's Zelle payment speed. Their team is consistently supportive, and using their services has made managing my finances much easier. From digital banking to in-person interactions, everything feels smooth and efficient. I highly recommend their service to anyone looking for reliability."
JJJP-0968-TCWS-5567,70,1991,no,no,no,0,95851.69,486789.78,San Francisco,Bank of America , Embarcadero,low,medium,"I've had an excellent experience with the bank's reward programs. Their team is consistently supportive, and using their services has made managing my finances much easier. From digital banking to in-person interactions, everything feels smooth and efficient. I highly recommend their service to anyone looking for reliability."
HKRD-7750-FIZH-4349,76,2006,yes,yes,no,5,109310.41,174269.57,Austin,Wells Fargo , Congress Avenue,low,medium,"I've had an excellent experience with the bank's fraud protection efficiency. Their team is consistently supportive, and using their services has made managing my finances much easier. From digital banking to in-person interactions, everything feels smooth and efficient. I highly recommend their service to anyone looking for reliability."
WGOL-8253-OYLL-7487,47,2010,no,yes,yes,5,110425.34,310899.86,Miami,Wells Fargo , Brickell Avenue,high,low,"I've had an excellent experience with the bank's fraud protection efficiency. Their team is consistently supportive, and using their services has made managing my finances much easier. From digital banking to in-person interactions, everything feels smooth and efficient. I highly recommend their service to anyone looking for reliability."
VZAK-7444-FTFN-5255,80,2012,no,no,no,0,240437.46,161379.89,Seattle,Chase , Seattle Pike Street,low,low,"I've had an excellent experience with the bank's reward programs. Their team is consistently supportive, and using their services has made managing my finances much easier. From digital banking to in-person interactions, everything feels smooth and efficient. I highly recommend their service to anyone looking for reliability."
TUQK-6131-LELC-7717,55,2024,yes,no,yes,1,36940.46,355832.78,Denver,Chase , Denver 16th Street,high,medium,"I've had an excellent experience with the bank's helpful financial advice. Their team is consistently supportive, and using their services has made managing my finances much easier. From digital banking to in-person interactions, everything feels smooth and efficient. I highly recommend their service to anyone looking for reliability."
OROJ-2097-ZULI-1032,63,2015,yes,no,yes,5,206424.68,443725.55,Dallas,Wells Fargo , Main Street Dallas,medium,high,"I've had an excellent experience with the bank's fraud protection efficiency. Their team is consistently supportive, and using their services has made managing my finances much easier. From digital banking to in-person interactions, everything feels smooth and efficient. I highly recommend their service to anyone looking for reliability."
BXDF-5474-ALBT-8036,46,2018,yes,yes,yes,5,248279.16,13179.59,Denver,Chase , Denver 16th Street,low,high,"I've had an excellent experience with the bank's fraud protection efficiency. Their team is consistently supportive, and using their services has made managing my finances much easier. From digital banking to in-person interactions, everything feels smooth and efficient. I highly recommend their service to anyone looking for reliability."
YUEI-1630-TQVK-8093,74,2003,yes,yes,no,1,241678.76,428765.67,Los Angeles,Chase , Downtown LA,medium,medium,"I've had an excellent experience with the bank's easy credit card replacement. Their team is consistently supportive, and using their services has made managing my finances much easier. From digital banking to in-person interactions, everything feels smooth and efficient. I highly recommend their service to anyone looking for reliability."
TBKW-5630-IKLR-3984,42,2016,yes,no,no,5,76450.69,398398.66,Seattle,Chase , Seattle Pike Street,medium,medium,"My experience with the bank has been generally fine, especially regarding no major issues. There have been occasional issues but nothing too disruptive. Service is functional and gets the job done. I wouldn't call it exceptional, but it certainly meets most of my banking needs without much hassle."
UWYZ-9764-DUFY-3297,48,2010,no,yes,yes,2,217087,493127.9,Seattle,Chase , Seattle Pike Street,low,high,"I've had an excellent experience with the bank's fraud protection efficiency. Their team is consistently supportive, and using their services has made managing my finances much easier. From digital banking to in-person interactions, everything feels smooth and efficient. I highly recommend their service to anyone looking for reliability."
PIKF-0531-BGRR-9027,82,2020,no,yes,yes,5,96860.56,351072.24,Denver,Chase , Denver 16th Street,high,low,"I've had an excellent experience with the bank's friendly customer service. Their team is consistently supportive, and using their services has made managing my finances much easier. From digital banking to in-person interactions, everything feels smooth and efficient. I highly recommend their service to anyone looking for reliability."
JHPQ-2301-BQAV-9219,24,2019,no,no,no,0,238993.54,85670.59,Austin,Wells Fargo , Congress Avenue,high,medium,"I've had an excellent experience with the bank's mobile check deposits. Their team is consistently supportive, and using their services has made managing my finances much easier. From digital banking to in-person interactions, everything feels smooth and efficient. I highly recommend their service to anyone looking for reliability."
JBWV-6245-TFBZ-6592,62,2020,yes,yes,no,3,239362.55,138045.19,Boston,Bank of America , Boylston Street,medium,high,"My recent interactions with the bank have been disappointing, particularly related to long branch lines. Customer support was slow to respond, and I encountered multiple obstacles while trying to resolve basic issues. The overall banking experience left much to be desired, pushing me to consider alternatives."
EYUA-7011-HSJM-3467,80,2017,yes,no,yes,5,121246.25,269197.85,New York,Chase , 5th Avenue,high,medium,"My recent interactions with the bank have been disappointing, particularly related to confusing mortgage process. Customer support was slow to respond, and I encountered multiple obstacles while trying to resolve basic issues. The overall banking experience left much to be desired, pushing me to consider alternatives."
BPFK-9817-KJVS-7651,83,2016,yes,no,yes,4,27448.17,377233.16,San Francisco,Bank of America , Embarcadero,high,low,"I've had an excellent experience with the bank's mobile check deposits. Their team is consistently supportive, and using their services has made managing my finances much easier. From digital banking to in-person interactions, everything feels smooth and efficient. I highly recommend their service to anyone looking for reliability."
VVTK-2168-YREK-5351,85,2016,yes,yes,yes,4,196827.54,494795.09,Miami,Wells Fargo , Brickell Avenue,low,low,"My experience with the bank has been generally fine, especially regarding long wait times sometimes. There have been occasional issues but nothing too disruptive. Service is functional and gets the job done. I wouldn't call it exceptional, but it certainly meets most of my banking needs without much hassle."
PJEJ-5580-EOXL-0992,60,1995,yes,no,no,3,104603.32,237203.78,Austin,Wells Fargo , Congress Avenue,medium,low,"My recent interactions with the bank have been disappointing, particularly related to poor customer service. Customer support was slow to respond, and I encountered multiple obstacles while trying to resolve basic issues. The overall banking experience left much to be desired, pushing me to consider alternatives."
AJJD-8984-DSHG-3350,40,2017,no,no,yes,1,76218.81,100303.65,Miami,Wells Fargo , Brickell Avenue,medium,high,"I've had an excellent experience with the bank's fraud protection efficiency. Their team is consistently supportive, and using their services has made managing my finances much easier. From digital banking to in-person interactions, everything feels smooth and efficient. I highly recommend their service to anyone looking for reliability."
XJWS-4750-TTUD-9554,30,2023,no,yes,yes,4,28899.36,186573.49,Miami,Wells Fargo , Brickell Avenue,low,low,"I've had an excellent experience with the bank's Zelle payment speed. Their team is consistently supportive, and using their services has made managing my finances much easier. From digital banking to in-person interactions, everything feels smooth and efficient. I highly recommend their service to anyone looking for reliability."
LRWP-7340-RBVW-2708,59,2014,no,yes,no,2,239592.25,94241.05,Boston,Bank of America , Boylston Street,high,medium,"I've had an excellent experience with the bank's mobile app convenience. Their team is consistently supportive, and using their services has made managing my finances much easier. From digital banking to in-person interactions, everything feels smooth and efficient. I highly recommend their service to anyone looking for reliability."
ZXPG-1902-RRON-5549,62,1996,yes,no,yes,3,180996.38,439835.97,Chicago,Bank of America , Magnificent Mile,low,high,"My experience with the bank has been generally fine, especially regarding standard credit card offers. There have been occasional issues but nothing too disruptive. Service is functional and gets the job done. I wouldn't call it exceptional, but it certainly meets most of my banking needs without much hassle."
LVYN-9893-ZMNV-9996,22,2024,yes,no,no,1,97027.69,90208.38,Chicago,Bank of America , Magnificent Mile,high,low,"I've had an excellent experience with the bank's mobile app convenience. Their team is consistently supportive, and using their services has made managing my finances much easier. From digital banking to in-person interactions, everything feels smooth and efficient. I highly recommend their service to anyone looking for reliability."
FPJE-4144-KHDK-6355,37,2011,no,no,no,0,172145.69,32731.79,Miami,Wells Fargo , Brickell Avenue,low,medium,"My experience with the bank has been generally fine, especially regarding standard credit card offers. There have been occasional issues but nothing too disruptive. Service is functional and gets the job done. I wouldn't call it exceptional, but it certainly meets most of my banking needs without much hassle."
JAZY-3978-ZMDW-6986,42,2015,yes,no,yes,3,205563.23,454834.03,Chicago,Bank of America , Magnificent Mile,high,high,"I've had an excellent experience with the bank's Zelle payment speed. Their team is consistently supportive, and using their services has made managing my finances much easier. From digital banking to in-person interactions, everything feels smooth and efficient. I highly recommend their service to anyone looking for reliability."
LDOQ-2491-JAJH-7820,59,2023,no,yes,no,2,46836.78,381761.31,Miami,Wells Fargo , Brickell Avenue,medium,high,"My experience with the bank has been generally fine, especially regarding long wait times sometimes. There have been occasional issues but nothing too disruptive. Service is functional and gets the job done. I wouldn't call it exceptional, but it certainly meets most of my banking needs without much hassle."
TEAV-9371-CMDL-0879,66,1995,no,yes,no,4,90555.91,242052.24,Seattle,Chase , Seattle Pike Street,medium,medium,"I've had an excellent experience with the bank's seamless online banking. Their team is consistently supportive, and using their services has made managing my finances much easier. From digital banking to in-person interactions, everything feels smooth and efficient. I highly recommend their service to anyone looking for reliability."
DLMP-2884-CDQZ-0915,25,2023,yes,yes,yes,2,224641.75,373925.69,Austin,Wells Fargo , Congress Avenue,high,high,"My recent interactions with the bank have been disappointing, particularly related to loan approval frustration. Customer support was slow to respond, and I encountered multiple obstacles while trying to resolve basic issues. The overall banking experience left much to be desired, pushing me to consider alternatives."
JKAK-2645-RQRE-8901,24,2024,yes,yes,no,3,59236.17,482093.56,Chicago,Bank of America , Magnificent Mile,low,high,"My recent interactions with the bank have been disappointing, particularly related to app crashes during payment. Customer support was slow to respond, and I encountered multiple obstacles while trying to resolve basic issues. The overall banking experience left much to be desired, pushing me to consider alternatives."
FIGQ-3269-LAJH-0031,85,2001,no,yes,yes,1,122449.93,92852.7,Seattle,Chase , Seattle Pike Street,low,high,"My recent interactions with the bank have been disappointing, particularly related to poor loyalty offers. Customer support was slow to respond, and I encountered multiple obstacles while trying to resolve basic issues. The overall banking experience left much to be desired, pushing me to consider alternatives."
TXXO-5748-HWYF-7623,81,2003,yes,yes,no,1,226575.36,58165.51,San Francisco,Bank of America , Embarcadero,medium,low,"I've had an excellent experience with the bank's easy credit card replacement. Their team is consistently supportive, and using their services has made managing my finances much easier. From digital banking to in-person interactions, everything feels smooth and efficient. I highly recommend their service to anyone looking for reliability."
MZHC-3333-MWJS-9453,40,2014,yes,no,no,3,51643.31,299375.82,Los Angeles,Chase , Downtown LA,high,high,"My recent interactions with the bank have been disappointing, particularly related to app crashes during payment. Customer support was slow to respond, and I encountered multiple obstacles while trying to resolve basic issues. The overall banking experience left much to be desired, pushing me to consider alternatives."
SXCY-1364-FZYG-8522,57,2003,no,no,yes,3,208535.41,188565.88,Dallas,Wells Fargo , Main Street Dallas,low,medium,"I've had an excellent experience with the bank's mobile check deposits. Their team is consistently supportive, and using their services has made managing my finances much easier. From digital banking to in-person interactions, everything feels smooth and efficient. I highly recommend their service to anyone looking for reliability."
JCRV-2741-WZAO-6155,68,1992,no,yes,yes,3,164835.31,57639.2,Dallas,Wells Fargo , Main Street Dallas,medium,low,"My experience with the bank has been generally fine, especially regarding average service quality. There have been occasional issues but nothing too disruptive. Service is functional and gets the job done. I wouldn't call it exceptional, but it certainly meets most of my banking needs without much hassle."
UZQR-0028-USIR-2892,39,2006,no,no,no,0,216044.4,130749.59,Chicago,Bank of America , Magnificent Mile,low,medium,"My experience with the bank has been generally fine, especially regarding basic fraud alerts. There have been occasional issues but nothing too disruptive. Service is functional and gets the job done. I wouldn't call it exceptional, but it certainly meets most of my banking needs without much hassle."
THLR-4216-UVGZ-4101,81,2002,yes,yes,no,3,40695.82,114322.54,Los Angeles,Chase , Downtown LA,medium,low,"I've had an excellent experience with the bank's helpful financial advice. Their team is consistently supportive, and using their services has made managing my finances much easier. From digital banking to in-person interactions, everything feels smooth and efficient. I highly recommend their service to anyone looking for reliability."
SVJR-0257-JCTK-6431,48,2017,no,no,yes,3,155295.35,20525.95,Miami,Wells Fargo , Brickell Avenue,high,low,"My recent interactions with the bank have been disappointing, particularly related to poor customer service. Customer support was slow to respond, and I encountered multiple obstacles while trying to resolve basic issues. The overall banking experience left much to be desired, pushing me to consider alternatives."
TXGA-6611-ZSAQ-0939,23,2020,yes,no,no,1,97277.55,100324.65,Los Angeles,Chase , Downtown LA,high,low,"My recent interactions with the bank have been disappointing, particularly related to app crashes during payment. Customer support was slow to respond, and I encountered multiple obstacles while trying to resolve basic issues. The overall banking experience left much to be desired, pushing me to consider alternatives."
FFGO-7680-GCUK-1321,55,2022,yes,yes,yes,5,60669.69,329006.11,Seattle,Chase , Seattle Pike Street,medium,low,"I've had an excellent experience with the bank's quick mortgage approval. Their team is consistently supportive, and using their services has made managing my finances much easier. From digital banking to in-person interactions, everything feels smooth and efficient. I highly recommend their service to anyone looking for reliability."
ZGIM-6799-CBCV-9254,85,2008,yes,yes,no,4,41170.96,32565.67,Austin,Wells Fargo , Congress Avenue,high,high,"I've had an excellent experience with the bank's easy credit card replacement. Their team is consistently supportive, and using their services has made managing my finances much easier. From digital banking to in-person interactions, everything feels smooth and efficient. I highly recommend their service to anyone looking for reliability."
DJQS-1989-SCDF-3927,59,2013,yes,yes,yes,5,69910.56,190606.69,New York,Chase , 5th Avenue,high,low,"My experience with the bank has been generally fine, especially regarding good but glitchy app. There have been occasional issues but nothing too disruptive. Service is functional and gets the job done. I wouldn't call it exceptional, but it certainly meets most of my banking needs without much hassle."
BXQI-6282-VJFG-0355,33,2010,yes,yes,yes,5,208639.63,238214.12,Seattle,Chase , Seattle Pike Street,high,high,"My recent interactions with the bank have been disappointing, particularly related to confusing mortgage process. Customer support was slow to respond, and I encountered multiple obstacles while trying to resolve basic issues. The overall banking experience left much to be desired, pushing me to consider alternatives."
HPRE-8873-KFTD-9900,67,2018,yes,no,no,2,245330.81,318348.79,Seattle,Chase , Seattle Pike Street,medium,low,"I've had an excellent experience with the bank's mobile check deposits. Their team is consistently supportive, and using their services has made managing my finances much easier. From digital banking to in-person interactions, everything feels smooth and efficient. I highly recommend their service to anyone looking for reliability."
MRDP-5337-YFKK-0904,46,1999,no,yes,no,2,222255.31,184039.05,Austin,Wells Fargo , Congress Avenue,low,medium,"My experience with the bank has been generally fine, especially regarding basic fraud alerts. There have been occasional issues but nothing too disruptive. Service is functional and gets the job done. I wouldn't call it exceptional, but it certainly meets most of my banking needs without much hassle."
NMTW-3123-ISED-5189,76,2016,yes,no,yes,5,97941.22,470940.55,Dallas,Wells Fargo , Main Street Dallas,medium,medium,"I've had an excellent experience with the bank's mobile app convenience. Their team is consistently supportive, and using their services has made managing my finances much easier. From digital banking to in-person interactions, everything feels smooth and efficient. I highly recommend their service to anyone looking for reliability."
GFNO-6086-BLBS-5147,74,2014,no,no,no,0,171362.75,66557.34,Austin,Wells Fargo , Congress Avenue,high,low,"My recent interactions with the bank have been disappointing, particularly related to slow fraud resolution. Customer support was slow to respond, and I encountered multiple obstacles while trying to resolve basic issues. The overall banking experience left much to be desired, pushing me to consider alternatives."
JQWE-4533-IHJF-1829,42,2013,no,no,no,0,87121.26,196414.78,Los Angeles,Chase , Downtown LA,medium,low,"I've had an excellent experience with the bank's easy credit card replacement. Their team is consistently supportive, and using their services has made managing my finances much easier. From digital banking to in-person interactions, everything feels smooth and efficient. I highly recommend their service to anyone looking for reliability."
ZTVK-9914-WBSH-3277,56,2016,yes,yes,yes,2,144647.87,78359.67,Boston,Bank of America , Boylston Street,medium,high,"My recent interactions with the bank have been disappointing, particularly related to slow fraud resolution. Customer support was slow to respond, and I encountered multiple obstacles while trying to resolve basic issues. The overall banking experience left much to be desired, pushing me to consider alternatives."
VBMB-2724-JVEY-5713,21,2022,no,yes,no,5,174948.09,384620.02,Seattle,Chase , Seattle Pike Street,high,medium,"I've had an excellent experience with the bank's Zelle payment speed. Their team is consistently supportive, and using their services has made managing my finances much easier. From digital banking to in-person interactions, everything feels smooth and efficient. I highly recommend their service to anyone looking for reliability."
UUAN-6256-TJEU-7068,70,2010,no,yes,yes,3,89310.43,466510.11,Denver,Chase , Denver 16th Street,high,high,"I've had an excellent experience with the bank's quick mortgage approval. Their team is consistently supportive, and using their services has made managing my finances much easier. From digital banking to in-person interactions, everything feels smooth and efficient. I highly recommend their service to anyone looking for reliability."
BFOL-5154-YKKL-8590,26,2017,yes,yes,yes,2,215361.22,156646.94,New York,Chase , 5th Avenue,medium,low,"My recent interactions with the bank have been disappointing, particularly related to poor customer service. Customer support was slow to respond, and I encountered multiple obstacles while trying to resolve basic issues. The overall banking experience left much to be desired, pushing me to consider alternatives."
SOLE-9014-LSBS-0596,26,2017,no,no,no,0,180346.76,144870.52,Chicago,Bank of America , Magnificent Mile,low,high,"I've had an excellent experience with the bank's reward programs. Their team is consistently supportive, and using their services has made managing my finances much easier. From digital banking to in-person interactions, everything feels smooth and efficient. I highly recommend their service to anyone looking for reliability."
AWOL-6717-QIHY-1541,71,1997,no,yes,no,5,246076.21,344981.86,Chicago,Bank of America , Magnificent Mile,low,low,"I've had an excellent experience with the bank's quick mortgage approval. Their team is consistently supportive, and using their services has made managing my finances much easier. From digital banking to in-person interactions, everything feels smooth and efficient. I highly recommend their service to anyone looking for reliability."
XVTQ-3244-UCGC-7583,23,2020,no,no,no,0,55057.62,9977.06,Chicago,Bank of America , Magnificent Mile,high,medium,"I've had an excellent experience with the bank's friendly customer service. Their team is consistently supportive, and using their services has made managing my finances much easier. From digital banking to in-person interactions, everything feels smooth and efficient. I highly recommend their service to anyone looking for reliability."
AYJT-9870-NDXC-2338,41,2018,yes,no,no,2,247136.6,443245.35,Austin,Wells Fargo , Congress Avenue,low,low,"My experience with the bank has been generally fine, especially regarding ordinary mortgage process. There have been occasional issues but nothing too disruptive. Service is functional and gets the job done. I wouldn't call it exceptional, but it certainly meets most of my banking needs without much hassle."
YLSM-2012-TLES-6156,68,1999,yes,yes,no,2,182180.92,474380.89,Chicago,Bank of America , Magnificent Mile,low,medium,"My experience with the bank has been generally fine, especially regarding average online experience. There have been occasional issues but nothing too disruptive. Service is functional and gets the job done. I wouldn't call it exceptional, but it certainly meets most of my banking needs without much hassle."
PWJY-2110-IVPO-8731,71,2000,no,no,yes,4,80857.77,260215.8,Denver,Chase , Denver 16th Street,low,medium,"My experience with the bank has been generally fine, especially regarding average service quality. There have been occasional issues but nothing too disruptive. Service is functional and gets the job done. I wouldn't call it exceptional, but it certainly meets most of my banking needs without much hassle."
LDKJ-9840-JBEI-9636,48,2009,no,no,no,0,24507.1,374998.81,San Francisco,Bank of America , Embarcadero,high,medium,"I've had an excellent experience with the bank's mobile app convenience. Their team is consistently supportive, and using their services has made managing my finances much easier. From digital banking to in-person interactions, everything feels smooth and efficient. I highly recommend their service to anyone looking for reliability."
HNUR-4696-LPGB-1827,22,2021,yes,yes,no,3,61915.96,235060.48,Miami,Wells Fargo , Brickell Avenue,medium,low,"I've had an excellent experience with the bank's helpful financial advice. Their team is consistently supportive, and using their services has made managing my finances much easier. From digital banking to in-person interactions, everything feels smooth and efficient. I highly recommend their service to anyone looking for reliability."
XKVA-8459-RSIC-8791,60,2013,no,no,no,0,236582.97,359558.55,Dallas,Wells Fargo , Main Street Dallas,high,low,"My recent interactions with the bank have been disappointing, particularly related to hidden banking fees. Customer support was slow to respond, and I encountered multiple obstacles while trying to resolve basic issues. The overall banking experience left much to be desired, pushing me to consider alternatives."
PWOQ-7787-CPWU-3813,28,2018,yes,no,yes,5,205527.44,403113.33,Austin,Wells Fargo , Congress Avenue,low,low,"I've had an excellent experience with the bank's reward programs. Their team is consistently supportive, and using their services has made managing my finances much easier. From digital banking to in-person interactions, everything feels smooth and efficient. I highly recommend their service to anyone looking for reliability."
UXVB-0752-WPYY-7043,26,2017,yes,yes,yes,3,184930.17,368251.76,Miami,Wells Fargo , Brickell Avenue,medium,high,"I've had an excellent experience with the bank's fraud protection efficiency. Their team is consistently supportive, and using their services has made managing my finances much easier. From digital banking to in-person interactions, everything feels smooth and efficient. I highly recommend their service to anyone looking for reliability."
NYYT-5062-FEOL-1886,76,2011,yes,yes,yes,5,47598.01,459001.09,Miami,Wells Fargo , Brickell Avenue,low,low,"I've had an excellent experience with the bank's mobile check deposits. Their team is consistently supportive, and using their services has made managing my finances much easier. From digital banking to in-person interactions, everything feels smooth and efficient. I highly recommend their service to anyone looking for reliability."
VINP-4045-DWYW-1060,18,2025,yes,yes,yes,5,33661.81,160202.48,Miami,Wells Fargo , Brickell Avenue,high,low,"My recent interactions with the bank have been disappointing, particularly related to poor customer service. Customer support was slow to respond, and I encountered multiple obstacles while trying to resolve basic issues. The overall banking experience left much to be desired, pushing me to consider alternatives."
JSQR-2007-ASMV-6456,41,2020,no,yes,no,1,134282.33,39779.15,Austin,Wells Fargo , Congress Avenue,low,medium,"I've had an excellent experience with the bank's Zelle payment speed. Their team is consistently supportive, and using their services has made managing my finances much easier. From digital banking to in-person interactions, everything feels smooth and efficient. I highly recommend their service to anyone looking for reliability."
YGWV-9745-INPC-2442,42,2001,yes,yes,yes,2,192727.27,113857.77,Chicago,Bank of America , Magnificent Mile,medium,high,"My experience with the bank has been generally fine, especially regarding ordinary mortgage process. There have been occasional issues but nothing too disruptive. Service is functional and gets the job done. I wouldn't call it exceptional, but it certainly meets most of my banking needs without much hassle."
GVDC-5540-OZRI-7808,70,2022,no,yes,no,2,208750.11,367721.58,Denver,Chase , Denver 16th Street,high,low,"I've had an excellent experience with the bank's mobile check deposits. Their team is consistently supportive, and using their services has made managing my finances much easier. From digital banking to in-person interactions, everything feels smooth and efficient. I highly recommend their service to anyone looking for reliability."
EGVF-0225-VCWU-5804,26,2017,yes,no,no,5,29194.93,377825.06,Dallas,Wells Fargo , Main Street Dallas,medium,low,"I've had an excellent experience with the bank's quick mortgage approval. Their team is consistently supportive, and using their services has made managing my finances much easier. From digital banking to in-person interactions, everything feels smooth and efficient. I highly recommend their service to anyone looking for reliability."
XNIB-5927-VPKC-5934,58,2013,yes,no,no,3,99156.44,405482.69,Austin,Wells Fargo , Congress Avenue,medium,medium,"I've had an excellent experience with the bank's friendly customer service. Their team is consistently supportive, and using their services has made managing my finances much easier. From digital banking to in-person interactions, everything feels smooth and efficient. I highly recommend their service to anyone looking for reliability."
EJJW-0392-SOAS-7807,58,2024,yes,yes,yes,5,177353.19,204866.2,Dallas,Wells Fargo , Main Street Dallas,medium,medium,"My recent interactions with the bank have been disappointing, particularly related to slow fraud resolution. Customer support was slow to respond, and I encountered multiple obstacles while trying to resolve basic issues. The overall banking experience left much to be desired, pushing me to consider alternatives."
ZROB-8727-JXYG-8822,75,1999,yes,no,no,5,220240.01,394132.65,Seattle,Chase , Seattle Pike Street,medium,high,"I've had an excellent experience with the bank's Zelle payment speed. Their team is consistently supportive, and using their services has made managing my finances much easier. From digital banking to in-person interactions, everything feels smooth and efficient. I highly recommend their service to anyone looking for reliability."
TYMO-0519-VTJE-5292,19,2024,yes,yes,yes,1,37288.86,195645.82,Chicago,Bank of America , Magnificent Mile,low,medium,"I've had an excellent experience with the bank's fraud protection efficiency. Their team is consistently supportive, and using their services has made managing my finances much easier. From digital banking to in-person interactions, everything feels smooth and efficient. I highly recommend their service to anyone looking for reliability."
VNML-2118-WLBT-8381,81,2015,yes,no,no,1,59637.32,303412.5,San Francisco,Bank of America , Embarcadero,medium,medium,"I've had an excellent experience with the bank's mobile app convenience. Their team is consistently supportive, and using their services has made managing my finances much easier. From digital banking to in-person interactions, everything feels smooth and efficient. I highly recommend their service to anyone looking for reliability."
COQT-5089-BBYY-2629,25,2018,yes,yes,no,5,127024.56,144660.93,Seattle,Chase , Seattle Pike Street,low,high,"I've had an excellent experience with the bank's Zelle payment speed. Their team is consistently supportive, and using their services has made managing my finances much easier. From digital banking to in-person interactions, everything feels smooth and efficient. I highly recommend their service to anyone looking for reliability."
PUPR-6124-LUPT-8112,80,1990,no,yes,no,5,87993.8,309240.09,Austin,Wells Fargo , Congress Avenue,high,low,"I've had an excellent experience with the bank's seamless online banking. Their team is consistently supportive, and using their services has made managing my finances much easier. From digital banking to in-person interactions, everything feels smooth and efficient. I highly recommend their service to anyone looking for reliability."
FHYI-6711-RFUA-2796,54,2011,no,yes,no,4,243051.22,31562.5,Denver,Chase , Denver 16th Street,medium,medium,"I've had an excellent experience with the bank's helpful financial advice. Their team is consistently supportive, and using their services has made managing my finances much easier. From digital banking to in-person interactions, everything feels smooth and efficient. I highly recommend their service to anyone looking for reliability."
BOQD-0796-SEEB-1041,59,2004,no,no,no,0,95077.97,396909.01,Seattle,Chase , Seattle Pike Street,high,low,"I've had an excellent experience with the bank's easy credit card replacement. Their team is consistently supportive, and using their services has made managing my finances much easier. From digital banking to in-person interactions, everything feels smooth and efficient. I highly recommend their service to anyone looking for reliability."
XFKW-5845-AWLF-8584,47,2005,yes,no,no,5,88663.11,440364.08,Chicago,Bank of America , Magnificent Mile,medium,low,"I've had an excellent experience with the bank's mobile check deposits. Their team is consistently supportive, and using their services has made managing my finances much easier. From digital banking to in-person interactions, everything feels smooth and efficient. I highly recommend their service to anyone looking for reliability."
MUNJ-0765-SYRB-0069,85,2021,no,no,yes,3,106550.47,96590.86,Denver,Chase , Denver 16th Street,medium,high,"I've had an excellent experience with the bank's friendly customer service. Their team is consistently supportive, and using their services has made managing my finances much easier. From digital banking to in-person interactions, everything feels smooth and efficient. I highly recommend their service to anyone looking for reliability."
BIXM-1924-ADJT-9026,78,2005,yes,yes,no,2,208836.64,241276.56,Chicago,Bank of America , Magnificent Mile,low,medium,"I've had an excellent experience with the bank's mobile app convenience. Their team is consistently supportive, and using their services has made managing my finances much easier. From digital banking to in-person interactions, everything feels smooth and efficient. I highly recommend their service to anyone looking for reliability."
OSJL-0127-EEER-6361,43,2002,yes,no,yes,5,222921.35,261751.1,San Francisco,Bank of America , Embarcadero,high,medium,"My experience with the bank has been generally fine, especially regarding basic fraud alerts. There have been occasional issues but nothing too disruptive. Service is functional and gets the job done. I wouldn't call it exceptional, but it certainly meets most of my banking needs without much hassle."
QAHV-8623-LSDF-9000,19,2024,no,yes,yes,2,20941.67,325817.48,Los Angeles,Chase , Downtown LA,medium,low,"I've had an excellent experience with the bank's seamless online banking. Their team is consistently supportive, and using their services has made managing my finances much easier. From digital banking to in-person interactions, everything feels smooth and efficient. I highly recommend their service to anyone looking for reliability."
ECKO-6179-QNIH-8650,75,2014,yes,no,no,4,235172.2,227971.62,San Francisco,Bank of America , Embarcadero,low,high,"I've had an excellent experience with the bank's quick mortgage approval. Their team is consistently supportive, and using their services has made managing my finances much easier. From digital banking to in-person interactions, everything feels smooth and efficient. I highly recommend their service to anyone looking for reliability."
DDTR-1938-QJMS-7553,38,2005,no,yes,yes,5,218918.36,276287.56,Denver,Chase , Denver 16th Street,medium,low,"I've had an excellent experience with the bank's reward programs. Their team is consistently supportive, and using their services has made managing my finances much easier. From digital banking to in-person interactions, everything feels smooth and efficient. I highly recommend their service to anyone looking for reliability."
SWSE-4835-JVLX-2016,21,2022,no,no,yes,2,159074.28,380265.75,San Francisco,Bank of America , Embarcadero,high,medium,"My recent interactions with the bank have been disappointing, particularly related to hidden banking fees. Customer support was slow to respond, and I encountered multiple obstacles while trying to resolve basic issues. The overall banking experience left much to be desired, pushing me to consider alternatives."
KTRH-6737-FHVE-3572,23,2022,yes,yes,no,1,232832.95,69955.72,San Francisco,Bank of America , Embarcadero,low,high,"My experience with the bank has been generally fine, especially regarding ordinary mortgage process. There have been occasional issues but nothing too disruptive. Service is functional and gets the job done. I wouldn't call it exceptional, but it certainly meets most of my banking needs without much hassle."
FNOV-7649-EIFI-4598,29,2014,no,no,yes,3,95739.68,34788.26,Chicago,Bank of America , Magnificent Mile,medium,high,"My recent interactions with the bank have been disappointing, particularly related to credit card disputes delays. Customer support was slow to respond, and I encountered multiple obstacles while trying to resolve basic issues. The overall banking experience left much to be desired, pushing me to consider alternatives."
IGMI-5613-ZBOA-2848,68,1999,yes,yes,no,1,42083.55,455712.19,New York,Chase , 5th Avenue,medium,low,"My experience with the bank has been generally fine, especially regarding mobile deposit takes time. There have been occasional issues but nothing too disruptive. Service is functional and gets the job done. I wouldn't call it exceptional, but it certainly meets most of my banking needs without much hassle."
CQBG-3602-NUFQ-7171,21,2022,yes,no,yes,4,66465.21,116332.83,Los Angeles,Chase , Downtown LA,low,low,"I've had an excellent experience with the bank's helpful financial advice. Their team is consistently supportive, and using their services has made managing my finances much easier. From digital banking to in-person interactions, everything feels smooth and efficient. I highly recommend their service to anyone looking for reliability."
FCLA-5072-BSVL-9890,67,2015,yes,no,no,1,172365.89,348562.37,Boston,Bank of America , Boylston Street,high,low,"I've had an excellent experience with the bank's fraud protection efficiency. Their team is consistently supportive, and using their services has made managing my finances much easier. From digital banking to in-person interactions, everything feels smooth and efficient. I highly recommend their service to anyone looking for reliability."
BDFL-5378-YHWF-5653,22,2021,yes,no,yes,2,179928.69,290791.61,New York,Chase , 5th Avenue,medium,high,"I've had an excellent experience with the bank's mobile check deposits. Their team is consistently supportive, and using their services has made managing my finances much easier. From digital banking to in-person interactions, everything feels smooth and efficient. I highly recommend their service to anyone looking for reliability."
OGQS-2568-GGEY-9582,37,2024,yes,no,no,4,102960.64,194209.89,Chicago,Bank of America , Magnificent Mile,low,high,"I've had an excellent experience with the bank's easy credit card replacement. Their team is consistently supportive, and using their services has made managing my finances much easier. From digital banking to in-person interactions, everything feels smooth and efficient. I highly recommend their service to anyone looking for reliability."
JASM-4112-UKGE-8680,59,2006,no,yes,no,3,21772.11,301683.93,Dallas,Wells Fargo , Main Street Dallas,high,high,"I've had an excellent experience with the bank's easy credit card replacement. Their team is consistently supportive, and using their services has made managing my finances much easier. From digital banking to in-person interactions, everything feels smooth and efficient. I highly recommend their service to anyone looking for reliability."
HMFK-2120-DTTA-8261,44,2001,yes,yes,no,4,189561.15,437117.16,Boston,Bank of America , Boylston Street,low,high,"My recent interactions with the bank have been disappointing, particularly related to hidden banking fees. Customer support was slow to respond, and I encountered multiple obstacles while trying to resolve basic issues. The overall banking experience left much to be desired, pushing me to consider alternatives."
PRXX-8639-FOPN-9585,56,2013,no,yes,yes,4,224198.53,421781.07,Dallas,Wells Fargo , Main Street Dallas,low,high,"My recent interactions with the bank have been disappointing, particularly related to credit card disputes delays. Customer support was slow to respond, and I encountered multiple obstacles while trying to resolve basic issues. The overall banking experience left much to be desired, pushing me to consider alternatives."
HTUE-6967-ZMMB-7514,45,2001,no,yes,no,5,106314.35,163679.4,New York,Chase , 5th Avenue,medium,high,"I've had an excellent experience with the bank's mobile app convenience. Their team is consistently supportive, and using their services has made managing my finances much easier. From digital banking to in-person interactions, everything feels smooth and efficient. I highly recommend their service to anyone looking for reliability."
GCXR-4464-KOQR-1365,54,2005,yes,yes,yes,3,160530.03,428582.99,Chicago,Bank of America , Magnificent Mile,medium,low,"My experience with the bank has been generally fine, especially regarding ok rewards. There have been occasional issues but nothing too disruptive. Service is functional and gets the job done. I wouldn't call it exceptional, but it certainly meets most of my banking needs without much hassle."
EXFT-9653-GPFX-7807,38,2005,yes,no,yes,5,59834.58,211582.83,Dallas,Wells Fargo , Main Street Dallas,medium,low,"I've had an excellent experience with the bank's seamless online banking. Their team is consistently supportive, and using their services has made managing my finances much easier. From digital banking to in-person interactions, everything feels smooth and efficient. I highly recommend their service to anyone looking for reliability."
REFR-3827-VONL-2536,56,1992,yes,no,yes,2,122378,466122.82,Dallas,Wells Fargo , Main Street Dallas,low,low,"I've had an excellent experience with the bank's mobile app convenience. Their team is consistently supportive, and using their services has made managing my finances much easier. From digital banking to in-person interactions, everything feels smooth and efficient. I highly recommend their service to anyone looking for reliability."
EIAL-6936-UQXD-8193,19,2024,yes,yes,no,4,178305.87,136567.28,New York,Chase , 5th Avenue,low,high,"My experience with the bank has been generally fine, especially regarding good but glitchy app. There have been occasional issues but nothing too disruptive. Service is functional and gets the job done. I wouldn't call it exceptional, but it certainly meets most of my banking needs without much hassle."
HNEH-3711-QSRV-9670,37,2006,yes,no,no,1,23732.87,216243.76,Denver,Chase , Denver 16th Street,medium,medium,"My experience with the bank has been generally fine, especially regarding long wait times sometimes. There have been occasional issues but nothing too disruptive. Service is functional and gets the job done. I wouldn't call it exceptional, but it certainly meets most of my banking needs without much hassle."
MDIX-7191-RKDK-7562,23,2020,no,no,no,0,203456.14,12206.44,Chicago,Bank of America , Magnificent Mile,medium,low,"I've had an excellent experience with the bank's mobile check deposits. Their team is consistently supportive, and using their services has made managing my finances much easier. From digital banking to in-person interactions, everything feels smooth and efficient. I highly recommend their service to anyone looking for reliability."
FRUB-8290-CXAI-7961,18,2025,no,no,yes,5,214387.29,23647.26,Los Angeles,Chase , Downtown LA,medium,low,"My recent interactions with the bank have been disappointing, particularly related to slow fraud resolution. Customer support was slow to respond, and I encountered multiple obstacles while trying to resolve basic issues. The overall banking experience left much to be desired, pushing me to consider alternatives."
ILLI-1259-ZTGX-1699,78,2024,yes,no,no,5,144490.65,72847.85,Denver,Chase , Denver 16th Street,high,high,"I've had an excellent experience with the bank's Zelle payment speed. Their team is consistently supportive, and using their services has made managing my finances much easier. From digital banking to in-person interactions, everything feels smooth and efficient. I highly recommend their service to anyone looking for reliability."
WWHS-9122-RTWE-2234,69,2013,no,no,no,0,206343.46,375829.61,San Francisco,Bank of America , Embarcadero,medium,high,"I've had an excellent experience with the bank's quick mortgage approval. Their team is consistently supportive, and using their services has made managing my finances much easier. From digital banking to in-person interactions, everything feels smooth and efficient. I highly recommend their service to anyone looking for reliability."
NKBL-8939-WXAS-5364,73,1995,no,yes,no,2,166684.07,225384.37,Boston,Bank of America , Boylston Street,high,high,"I've had an excellent experience with the bank's fraud protection efficiency. Their team is consistently supportive, and using their services has made managing my finances much easier. From digital banking to in-person interactions, everything feels smooth and efficient. I highly recommend their service to anyone looking for reliability."
UGBF-5427-KBGC-2259,82,1999,no,yes,yes,1,208801.09,198175.09,Chicago,Bank of America , Magnificent Mile,medium,low,"I've had an excellent experience with the bank's fraud protection efficiency. Their team is consistently supportive, and using their services has made managing my finances much easier. From digital banking to in-person interactions, everything feels smooth and efficient. I highly recommend their service to anyone looking for reliability."
MUMT-2704-YFXS-7297,84,1996,yes,no,yes,5,68293.85,354876.48,Boston,Bank of America , Boylston Street,medium,medium,"My experience with the bank has been generally fine, especially regarding average service quality. There have been occasional issues but nothing too disruptive. Service is functional and gets the job done. I wouldn't call it exceptional, but it certainly meets most of my banking needs without much hassle."
JQLG-7855-OWKF-9330,68,2023,no,yes,no,5,110879.64,375782.76,Miami,Wells Fargo , Brickell Avenue,low,low,"I've had an excellent experience with the bank's fraud protection efficiency. Their team is consistently supportive, and using their services has made managing my finances much easier. From digital banking to in-person interactions, everything feels smooth and efficient. I highly recommend their service to anyone looking for reliability."
WOBI-9294-ETZE-5095,18,2025,yes,no,yes,4,178310.29,153277.96,Austin,Wells Fargo , Congress Avenue,medium,medium,"I've had an excellent experience with the bank's easy credit card replacement. Their team is consistently supportive, and using their services has made managing my finances much easier. From digital banking to in-person interactions, everything feels smooth and efficient. I highly recommend their service to anyone looking for reliability."
ABQW-5692-RXIO-8743,42,2001,yes,yes,no,5,63665.54,413828.3,Los Angeles,Chase , Downtown LA,high,low,"My experience with the bank has been generally fine, especially regarding long wait times sometimes. There have been occasional issues but nothing too disruptive. Service is functional and gets the job done. I wouldn't call it exceptional, but it certainly meets most of my banking needs without much hassle."
CZKF-5307-SNDQ-4334,33,2017,no,no,yes,5,155426.8,171584.79,Miami,Wells Fargo , Brickell Avenue,medium,low,"I've had an excellent experience with the bank's Zelle payment speed. Their team is consistently supportive, and using their services has made managing my finances much easier. From digital banking to in-person interactions, everything feels smooth and efficient. I highly recommend their service to anyone looking for reliability."
SPTV-1032-BPMF-2423,79,1992,no,yes,no,2,97601.79,127891.09,Dallas,Wells Fargo , Main Street Dallas,medium,medium,"I've had an excellent experience with the bank's mobile check deposits. Their team is consistently supportive, and using their services has made managing my finances much easier. From digital banking to in-person interactions, everything feels smooth and efficient. I highly recommend their service to anyone looking for reliability."
YXQC-6900-NISO-2680,72,2012,no,yes,no,4,241250.54,379524.74,Boston,Bank of America , Boylston Street,low,medium,"My recent interactions with the bank have been disappointing, particularly related to poor customer service. Customer support was slow to respond, and I encountered multiple obstacles while trying to resolve basic issues. The overall banking experience left much to be desired, pushing me to consider alternatives."
XJNN-4609-IFXP-6524,28,2015,yes,no,no,5,94284.93,301804.37,Dallas,Wells Fargo , Main Street Dallas,medium,low,"My experience with the bank has been generally fine, especially regarding long wait times sometimes. There have been occasional issues but nothing too disruptive. Service is functional and gets the job done. I wouldn't call it exceptional, but it certainly meets most of my banking needs without much hassle."
XWHD-4379-LFIS-4269,75,2003,no,yes,yes,5,45170.28,431358.34,San Francisco,Bank of America , Embarcadero,low,high,"I've had an excellent experience with the bank's helpful financial advice. Their team is consistently supportive, and using their services has made managing my finances much easier. From digital banking to in-person interactions, everything feels smooth and efficient. I highly recommend their service to anyone looking for reliability."
EGIT-2557-OEPH-9551,41,2019,no,no,yes,2,152630.35,349108.28,Austin,Wells Fargo , Congress Avenue,medium,low,"I've had an excellent experience with the bank's helpful financial advice. Their team is consistently supportive, and using their services has made managing my finances much easier. From digital banking to in-person interactions, everything feels smooth and efficient. I highly recommend their service to anyone looking for reliability."
EUMI-0316-AFFD-2562,23,2020,no,no,yes,5,51377.1,418687.22,Austin,Wells Fargo , Congress Avenue,low,medium,"I've had an excellent experience with the bank's quick mortgage approval. Their team is consistently supportive, and using their services has made managing my finances much easier. From digital banking to in-person interactions, everything feels smooth and efficient. I highly recommend their service to anyone looking for reliability."
EYKL-6161-KYLJ-1385,67,2001,no,yes,no,1,67504.32,432782.79,Austin,Wells Fargo , Congress Avenue,high,medium,"I've had an excellent experience with the bank's mobile app convenience. Their team is consistently supportive, and using their services has made managing my finances much easier. From digital banking to in-person interactions, everything feels smooth and efficient. I highly recommend their service to anyone looking for reliability."
BIZW-9489-LXOB-6066,32,2011,yes,yes,yes,5,245017.28,302602.99,Los Angeles,Chase , Downtown LA,low,medium,"My recent interactions with the bank have been disappointing, particularly related to slow fraud resolution. Customer support was slow to respond, and I encountered multiple obstacles while trying to resolve basic issues. The overall banking experience left much to be desired, pushing me to consider alternatives."
XFXF-9293-RGQW-6019,20,2023,no,yes,no,3,22881.16,218145.56,Austin,Wells Fargo , Congress Avenue,high,medium,"I've had an excellent experience with the bank's seamless online banking. Their team is consistently supportive, and using their services has made managing my finances much easier. From digital banking to in-person interactions, everything feels smooth and efficient. I highly recommend their service to anyone looking for reliability."
YEIH-8122-XCPO-2910,51,2012,no,no,yes,1,43437.56,80997.66,Miami,Wells Fargo , Brickell Avenue,high,low,"I've had an excellent experience with the bank's friendly customer service. Their team is consistently supportive, and using their services has made managing my finances much easier. From digital banking to in-person interactions, everything feels smooth and efficient. I highly recommend their service to anyone looking for reliability."
ZYYW-2654-ZUVG-0762,65,2006,no,yes,yes,4,112115.11,279833.29,Los Angeles,Chase , Downtown LA,low,low,"I've had an excellent experience with the bank's helpful financial advice. Their team is consistently supportive, and using their services has made managing my finances much easier. From digital banking to in-person interactions, everything feels smooth and efficient. I highly recommend their service to anyone looking for reliability."
TWIK-0901-ZLGB-1156,68,1990,no,yes,yes,4,138272.33,132943.76,Chicago,Bank of America , Magnificent Mile,high,low,"I've had an excellent experience with the bank's quick mortgage approval. Their team is consistently supportive, and using their services has made managing my finances much easier. From digital banking to in-person interactions, everything feels smooth and efficient. I highly recommend their service to anyone looking for reliability."
DSRC-5687-NQNH-4421,49,2020,yes,yes,no,3,127502.57,49523.51,Dallas,Wells Fargo , Main Street Dallas,medium,high,"I've had an excellent experience with the bank's fraud protection efficiency. Their team is consistently supportive, and using their services has made managing my finances much easier. From digital banking to in-person interactions, everything feels smooth and efficient. I highly recommend their service to anyone looking for reliability."
LSQY-8612-UQFH-3769,34,2022,yes,yes,no,4,247618.73,36295.05,Boston,Bank of America , Boylston Street,low,low,"I've had an excellent experience with the bank's quick mortgage approval. Their team is consistently supportive, and using their services has made managing my finances much easier. From digital banking to in-person interactions, everything feels smooth and efficient. I highly recommend their service to anyone looking for reliability."
NVZX-6163-NJLM-1544,46,2006,no,yes,no,5,219607.15,390316,Seattle,Chase , Seattle Pike Street,low,low,"My recent interactions with the bank have been disappointing, particularly related to app crashes during payment. Customer support was slow to respond, and I encountered multiple obstacles while trying to resolve basic issues. The overall banking experience left much to be desired, pushing me to consider alternatives."
KIQV-4498-NTEW-7221,46,1998,no,no,yes,1,155760.03,143813.84,San Francisco,Bank of America , Embarcadero,low,medium,"I've had an excellent experience with the bank's Zelle payment speed. Their team is consistently supportive, and using their services has made managing my finances much easier. From digital banking to in-person interactions, everything feels smooth and efficient. I highly recommend their service to anyone looking for reliability."
QBQU-3940-ALOH-0722,26,2017,yes,yes,no,2,107417.83,232253.55,Denver,Chase , Denver 16th Street,medium,medium,"I've had an excellent experience with the bank's seamless online banking. Their team is consistently supportive, and using their services has made managing my finances much easier. From digital banking to in-person interactions, everything feels smooth and efficient. I highly recommend their service to anyone looking for reliability."
NQAV-8364-GPLQ-4530,57,2020,no,no,yes,3,94212.69,345712.04,Boston,Bank of America , Boylston Street,medium,high,"My experience with the bank has been generally fine, especially regarding basic fraud alerts. There have been occasional issues but nothing too disruptive. Service is functional and gets the job done. I wouldn't call it exceptional, but it certainly meets most of my banking needs without much hassle."
VJEQ-5167-TRTG-4703,50,2007,no,no,yes,2,232802.66,162082.18,Boston,Bank of America , Boylston Street,low,high,"My experience with the bank has been generally fine, especially regarding long wait times sometimes. There have been occasional issues but nothing too disruptive. Service is functional and gets the job done. I wouldn't call it exceptional, but it certainly meets most of my banking needs without much hassle."
PPOK-3950-VKVK-3833,42,2011,no,no,no,0,114604.31,329555.56,Los Angeles,Chase , Downtown LA,high,low,"I've had an excellent experience with the bank's reward programs. Their team is consistently supportive, and using their services has made managing my finances much easier. From digital banking to in-person interactions, everything feels smooth and efficient. I highly recommend their service to anyone looking for reliability."
ZOXW-6415-DETI-9147,59,2003,no,yes,yes,5,184844.5,145730.56,Dallas,Wells Fargo , Main Street Dallas,low,low,"I've had an excellent experience with the bank's fraud protection efficiency. Their team is consistently supportive, and using their services has made managing my finances much easier. From digital banking to in-person interactions, everything feels smooth and efficient. I highly recommend their service to anyone looking for reliability."
WVIR-7811-HHDU-6694,41,2021,no,yes,no,3,183504.74,466241.96,Denver,Chase , Denver 16th Street,medium,high,"My recent interactions with the bank have been disappointing, particularly related to app crashes during payment. Customer support was slow to respond, and I encountered multiple obstacles while trying to resolve basic issues. The overall banking experience left much to be desired, pushing me to consider alternatives."
KNUX-9789-QXRJ-2849,27,2016,yes,no,no,3,30638.41,405995.59,San Francisco,Bank of America , Embarcadero,medium,medium,"I've had an excellent experience with the bank's reward programs. Their team is consistently supportive, and using their services has made managing my finances much easier. From digital banking to in-person interactions, everything feels smooth and efficient. I highly recommend their service to anyone looking for reliability."
RVPJ-6947-FAHU-3207,53,2022,no,yes,no,3,245670.74,314056.36,Austin,Wells Fargo , Congress Avenue,medium,high,"My experience with the bank has been generally fine, especially regarding ordinary mortgage process. There have been occasional issues but nothing too disruptive. Service is functional and gets the job done. I wouldn't call it exceptional, but it certainly meets most of my banking needs without much hassle."
KCLL-7364-TMKY-1920,67,2010,yes,yes,yes,2,99913.71,400649.89,Miami,Wells Fargo , Brickell Avenue,low,low,"My experience with the bank has been generally fine, especially regarding mobile deposit takes time. There have been occasional issues but nothing too disruptive. Service is functional and gets the job done. I wouldn't call it exceptional, but it certainly meets most of my banking needs without much hassle."
SVTE-9612-RJRQ-3274,52,1998,yes,no,yes,5,224458.21,283283.67,Miami,Wells Fargo , Brickell Avenue,low,low,"I've had an excellent experience with the bank's friendly customer service. Their team is consistently supportive, and using their services has made managing my finances much easier. From digital banking to in-person interactions, everything feels smooth and efficient. I highly recommend their service to anyone looking for reliability."
YNCD-2658-NPQU-9392,54,2017,yes,yes,yes,4,156860.4,375863.28,San Francisco,Bank of America , Embarcadero,high,medium,"My experience with the bank has been generally fine, especially regarding average online experience. There have been occasional issues but nothing too disruptive. Service is functional and gets the job done. I wouldn't call it exceptional, but it certainly meets most of my banking needs without much hassle."
ECZZ-0374-JLRK-9756,58,2004,yes,no,yes,4,159829.71,477236.66,Los Angeles,Chase , Downtown LA,low,high,"I've had an excellent experience with the bank's mobile app convenience. Their team is consistently supportive, and using their services has made managing my finances much easier. From digital banking to in-person interactions, everything feels smooth and efficient. I highly recommend their service to anyone looking for reliability."
AHRO-8176-QSJM-6881,33,2010,yes,no,yes,1,122984.05,82821.28,Denver,Chase , Denver 16th Street,low,low,"I've had an excellent experience with the bank's Zelle payment speed. Their team is consistently supportive, and using their services has made managing my finances much easier. From digital banking to in-person interactions, everything feels smooth and efficient. I highly recommend their service to anyone looking for reliability."
VJWM-3899-EICZ-5759,48,2009,no,no,no,0,69562.47,423641.1,Dallas,Wells Fargo , Main Street Dallas,medium,high,"I've had an excellent experience with the bank's mobile app convenience. Their team is consistently supportive, and using their services has made managing my finances much easier. From digital banking to in-person interactions, everything feels smooth and efficient. I highly recommend their service to anyone looking for reliability."
XCWJ-8441-MAAK-8272,67,2014,yes,no,yes,5,130507.16,394793.88,Austin,Wells Fargo , Congress Avenue,high,medium,"I've had an excellent experience with the bank's quick mortgage approval. Their team is consistently supportive, and using their services has made managing my finances much easier. From digital banking to in-person interactions, everything feels smooth and efficient. I highly recommend their service to anyone looking for reliability."
NGCW-1418-BRSJ-8802,82,2014,no,yes,no,1,180312.25,300476.77,San Francisco,Bank of America , Embarcadero,high,high,"I've had an excellent experience with the bank's Zelle payment speed. Their team is consistently supportive, and using their services has made managing my finances much easier. From digital banking to in-person interactions, everything feels smooth and efficient. I highly recommend their service to anyone looking for reliability."
VNNW-0868-XNRG-7495,44,2003,no,no,no,0,73459.93,145339.41,Seattle,Chase , Seattle Pike Street,low,medium,"I've had an excellent experience with the bank's seamless online banking. Their team is consistently supportive, and using their services has made managing my finances much easier. From digital banking to in-person interactions, everything feels smooth and efficient. I highly recommend their service to anyone looking for reliability."
KYOL-3077-MWOU-6996,49,1994,no,yes,no,4,96118.28,190485.47,Denver,Chase , Denver 16th Street,medium,medium,"My experience with the bank has been generally fine, especially regarding average service quality. There have been occasional issues but nothing too disruptive. Service is functional and gets the job done. I wouldn't call it exceptional, but it certainly meets most of my banking needs without much hassle."
PPGD-7323-ANIZ-8023,73,2006,no,yes,no,2,229225.68,129929.54,Austin,Wells Fargo , Congress Avenue,low,low,"I've had an excellent experience with the bank's friendly customer service. Their team is consistently supportive, and using their services has made managing my finances much easier. From digital banking to in-person interactions, everything feels smooth and efficient. I highly recommend their service to anyone looking for reliability."
YVUJ-4685-ZIZF-5400,85,2002,yes,no,no,4,193766.91,44986.25,Los Angeles,Chase , Downtown LA,low,low,"My experience with the bank has been generally fine, especially regarding no major issues. There have been occasional issues but nothing too disruptive. Service is functional and gets the job done. I wouldn't call it exceptional, but it certainly meets most of my banking needs without much hassle."
EYGX-6525-EKWK-5308,24,2019,yes,no,no,1,83890.91,429250.13,Denver,Chase , Denver 16th Street,medium,low,"My recent interactions with the bank have been disappointing, particularly related to poor loyalty offers. Customer support was slow to respond, and I encountered multiple obstacles while trying to resolve basic issues. The overall banking experience left much to be desired, pushing me to consider alternatives."
ROZX-8104-CSYV-2109,39,2023,yes,yes,yes,4,27254.44,327310.96,Los Angeles,Chase , Downtown LA,high,low,"I've had an excellent experience with the bank's reward programs. Their team is consistently supportive, and using their services has made managing my finances much easier. From digital banking to in-person interactions, everything feels smooth and efficient. I highly recommend their service to anyone looking for reliability."
TGXQ-3617-WXMT-9897,72,2000,yes,yes,yes,4,182444.33,33691.05,Dallas,Wells Fargo , Main Street Dallas,low,medium,"My experience with the bank has been generally fine, especially regarding ok rewards. There have been occasional issues but nothing too disruptive. Service is functional and gets the job done. I wouldn't call it exceptional, but it certainly meets most of my banking needs without much hassle."
DEBS-3865-YVAI-5961,77,2013,yes,yes,yes,1,199923.46,162738.93,Chicago,Bank of America , Magnificent Mile,low,medium,"My experience with the bank has been generally fine, especially regarding long wait times sometimes. There have been occasional issues but nothing too disruptive. Service is functional and gets the job done. I wouldn't call it exceptional, but it certainly meets most of my banking needs without much hassle."
GUVE-6832-GHJG-4675,82,1993,no,yes,yes,1,125230.72,423268.56,Boston,Bank of America , Boylston Street,low,high,"I've had an excellent experience with the bank's helpful financial advice. Their team is consistently supportive, and using their services has made managing my finances much easier. From digital banking to in-person interactions, everything feels smooth and efficient. I highly recommend their service to anyone looking for reliability."
QOER-2838-OENK-6448,77,2005,no,yes,yes,5,73330.48,320068.06,San Francisco,Bank of America , Embarcadero,low,low,"My experience with the bank has been generally fine, especially regarding average online experience. There have been occasional issues but nothing too disruptive. Service is functional and gets the job done. I wouldn't call it exceptional, but it certainly meets most of my banking needs without much hassle."
YVJL-3343-RFYI-2184,54,2019,no,no,no,0,124655.75,323676.63,Seattle,Chase , Seattle Pike Street,high,medium,"I've had an excellent experience with the bank's mobile app convenience. Their team is consistently supportive, and using their services has made managing my finances much easier. From digital banking to in-person interactions, everything feels smooth and efficient. I highly recommend their service to anyone looking for reliability."
GEOH-7637-PBLQ-8756,50,2023,no,yes,no,1,204137.1,103446.51,Denver,Chase , Denver 16th Street,high,medium,"My experience with the bank has been generally fine, especially regarding mobile deposit takes time. There have been occasional issues but nothing too disruptive. Service is functional and gets the job done. I wouldn't call it exceptional, but it certainly meets most of my banking needs without much hassle."
PWBQ-5707-UYZV-5738,70,2014,no,no,no,0,88918.12,99351.42,Dallas,Wells Fargo , Main Street Dallas,low,low,"I've had an excellent experience with the bank's mobile check deposits. Their team is consistently supportive, and using their services has made managing my finances much easier. From digital banking to in-person interactions, everything feels smooth and efficient. I highly recommend their service to anyone looking for reliability."
DATP-5321-BKDK-5621,75,1998,no,no,yes,1,18848.84,113535.74,Seattle,Chase , Seattle Pike Street,medium,medium,"My recent interactions with the bank have been disappointing, particularly related to unreliable mobile app. Customer support was slow to respond, and I encountered multiple obstacles while trying to resolve basic issues. The overall banking experience left much to be desired, pushing me to consider alternatives."
FETJ-2461-KXXU-4503,77,2013,yes,no,yes,3,240510.31,122683,Austin,Wells Fargo , Congress Avenue,low,high,"I've had an excellent experience with the bank's Zelle payment speed. Their team is consistently supportive, and using their services has made managing my finances much easier. From digital banking to in-person interactions, everything feels smooth and efficient. I highly recommend their service to anyone looking for reliability."
XQDF-9486-WUOQ-7544,24,2019,no,no,no,0,155585.57,177387.19,Miami,Wells Fargo , Brickell Avenue,high,high,"I've had an excellent experience with the bank's fraud protection efficiency. Their team is consistently supportive, and using their services has made managing my finances much easier. From digital banking to in-person interactions, everything feels smooth and efficient. I highly recommend their service to anyone looking for reliability."
LUYQ-4281-DHHW-6097,26,2017,no,yes,no,4,53997.17,496049.78,Austin,Wells Fargo , Congress Avenue,low,high,"I've had an excellent experience with the bank's Zelle payment speed. Their team is consistently supportive, and using their services has made managing my finances much easier. From digital banking to in-person interactions, everything feels smooth and efficient. I highly recommend their service to anyone looking for reliability."
JNCQ-8650-CWIV-3689,21,2022,yes,no,yes,3,109801.83,399255.59,Boston,Bank of America , Boylston Street,medium,medium,"I've had an excellent experience with the bank's mobile app convenience. Their team is consistently supportive, and using their services has made managing my finances much easier. From digital banking to in-person interactions, everything feels smooth and efficient. I highly recommend their service to anyone looking for reliability."
ADWL-5382-LCCY-9241,65,1993,yes,no,no,3,194455.32,18077.96,Denver,Chase , Denver 16th Street,high,high,"I've had an excellent experience with the bank's reward programs. Their team is consistently supportive, and using their services has made managing my finances much easier. From digital banking to in-person interactions, everything feels smooth and efficient. I highly recommend their service to anyone looking for reliability."
EOCZ-5102-NKDV-8140,37,2014,no,no,no,0,48419.64,457497.41,Denver,Chase , Denver 16th Street,low,high,"My experience with the bank has been generally fine, especially regarding long wait times sometimes. There have been occasional issues but nothing too disruptive. Service is functional and gets the job done. I wouldn't call it exceptional, but it certainly meets most of my banking needs without much hassle."
QQVP-5374-FKAT-0863,46,1997,yes,no,yes,1,60705.96,284647.44,Seattle,Chase , Seattle Pike Street,medium,low,"I've had an excellent experience with the bank's seamless online banking. Their team is consistently supportive, and using their services has made managing my finances much easier. From digital banking to in-person interactions, everything feels smooth and efficient. I highly recommend their service to anyone looking for reliability."
GRJB-1431-VZQA-3276,50,2003,yes,yes,yes,5,77394.31,241332.29,Seattle,Chase , Seattle Pike Street,low,low,"My experience with the bank has been generally fine, especially regarding ordinary mortgage process. There have been occasional issues but nothing too disruptive. Service is functional and gets the job done. I wouldn't call it exceptional, but it certainly meets most of my banking needs without much hassle."
VVEL-4607-PAGO-4644,32,2011,no,no,no,0,239582.08,129041.68,Austin,Wells Fargo , Congress Avenue,high,high,"I've had an excellent experience with the bank's Zelle payment speed. Their team is consistently supportive, and using their services has made managing my finances much easier. From digital banking to in-person interactions, everything feels smooth and efficient. I highly recommend their service to anyone looking for reliability."
YGPH-2118-ELLX-2078,85,1999,no,yes,yes,3,116960.24,136094.27,San Francisco,Bank of America , Embarcadero,high,medium,"My recent interactions with the bank have been disappointing, particularly related to app crashes during payment. Customer support was slow to respond, and I encountered multiple obstacles while trying to resolve basic issues. The overall banking experience left much to be desired, pushing me to consider alternatives."
VNBP-3056-GUIS-7407,24,2019,no,yes,yes,4,67551.92,391738.23,Austin,Wells Fargo , Congress Avenue,low,medium,"My recent interactions with the bank have been disappointing, particularly related to hidden banking fees. Customer support was slow to respond, and I encountered multiple obstacles while trying to resolve basic issues. The overall banking experience left much to be desired, pushing me to consider alternatives."
BWAE-0843-WYGH-6649,82,2013,no,no,no,0,92835.09,40564.6,Chicago,Bank of America , Magnificent Mile,low,high,"I've had an excellent experience with the bank's helpful financial advice. Their team is consistently supportive, and using their services has made managing my finances much easier. From digital banking to in-person interactions, everything feels smooth and efficient. I highly recommend their service to anyone looking for reliability."
BFOP-0286-JQTB-8320,58,1993,no,no,no,0,112342.38,489179.31,Austin,Wells Fargo , Congress Avenue,medium,medium,"My recent interactions with the bank have been disappointing, particularly related to poor customer service. Customer support was slow to respond, and I encountered multiple obstacles while trying to resolve basic issues. The overall banking experience left much to be desired, pushing me to consider alternatives."
GHIH-8674-SQIE-4197,80,2021,no,yes,no,3,214620.76,143233.8,Miami,Wells Fargo , Brickell Avenue,high,low,"I've had an excellent experience with the bank's easy credit card replacement. Their team is consistently supportive, and using their services has made managing my finances much easier. From digital banking to in-person interactions, everything feels smooth and efficient. I highly recommend their service to anyone looking for reliability."
COXD-9835-GFZS-0712,59,2014,yes,yes,yes,1,202105.66,4244.93,San Francisco,Bank of America , Embarcadero,high,medium,"I've had an excellent experience with the bank's mobile check deposits. Their team is consistently supportive, and using their services has made managing my finances much easier. From digital banking to in-person interactions, everything feels smooth and efficient. I highly recommend their service to anyone looking for reliability."
YGID-9945-YPPN-5580,24,2019,no,yes,yes,1,83484.41,421789.89,Austin,Wells Fargo , Congress Avenue,high,high,"I've had an excellent experience with the bank's quick mortgage approval. Their team is consistently supportive, and using their services has made managing my finances much easier. From digital banking to in-person interactions, everything feels smooth and efficient. I highly recommend their service to anyone looking for reliability."
WTAG-6793-ZYIG-6174,29,2014,yes,no,no,1,24151.43,291431.75,San Francisco,Bank of America , Embarcadero,low,high,"My recent interactions with the bank have been disappointing, particularly related to confusing mortgage process. Customer support was slow to respond, and I encountered multiple obstacles while trying to resolve basic issues. The overall banking experience left much to be desired, pushing me to consider alternatives."
DZXD-7422-EUPH-5702,68,2021,yes,no,no,4,211659.71,35841.65,New York,Chase , 5th Avenue,high,medium,"I've had an excellent experience with the bank's quick mortgage approval. Their team is consistently supportive, and using their services has made managing my finances much easier. From digital banking to in-person interactions, everything feels smooth and efficient. I highly recommend their service to anyone looking for reliability."
JELI-6069-TIWL-1914,51,2000,yes,no,yes,5,81668.8,196696.74,Chicago,Bank of America , Magnificent Mile,medium,high,"I've had an excellent experience with the bank's Zelle payment speed. Their team is consistently supportive, and using their services has made managing my finances much easier. From digital banking to in-person interactions, everything feels smooth and efficient. I highly recommend their service to anyone looking for reliability."
CGYG-4412-TJCH-9641,75,2012,no,no,no,0,204636.98,117562.54,Chicago,Bank of America , Magnificent Mile,medium,high,"My recent interactions with the bank have been disappointing, particularly related to slow fraud resolution. Customer support was slow to respond, and I encountered multiple obstacles while trying to resolve basic issues. The overall banking experience left much to be desired, pushing me to consider alternatives."
XBPJ-9486-GTSI-8567,77,1999,yes,yes,yes,1,153105.53,58859.07,San Francisco,Bank of America , Embarcadero,low,medium,"I've had an excellent experience with the bank's easy credit card replacement. Their team is consistently supportive, and using their services has made managing my finances much easier. From digital banking to in-person interactions, everything feels smooth and efficient. I highly recommend their service to anyone looking for reliability."
DFFU-5975-GAMP-4380,54,2011,no,yes,no,3,111321.93,464936.64,Chicago,Bank of America , Magnificent Mile,high,high,"I've had an excellent experience with the bank's friendly customer service. Their team is consistently supportive, and using their services has made managing my finances much easier. From digital banking to in-person interactions, everything feels smooth and efficient. I highly recommend their service to anyone looking for reliability."
UWBZ-4362-ZMVE-0391,56,2003,no,yes,no,1,106836.66,172542.82,Boston,Bank of America , Boylston Street,low,low,"My recent interactions with the bank have been disappointing, particularly related to confusing mortgage process. Customer support was slow to respond, and I encountered multiple obstacles while trying to resolve basic issues. The overall banking experience left much to be desired, pushing me to consider alternatives."
FTYW-9884-NXRU-7741,81,2019,no,no,no,0,206708.58,372640.63,Dallas,Wells Fargo , Main Street Dallas,high,medium,"I've had an excellent experience with the bank's quick mortgage approval. Their team is consistently supportive, and using their services has made managing my finances much easier. From digital banking to in-person interactions, everything feels smooth and efficient. I highly recommend their service to anyone looking for reliability."
GHWF-6212-KGWJ-2488,41,2002,yes,no,no,1,129420.14,494184.42,San Francisco,Bank of America , Embarcadero,low,low,"My recent interactions with the bank have been disappointing, particularly related to confusing mortgage process. Customer support was slow to respond, and I encountered multiple obstacles while trying to resolve basic issues. The overall banking experience left much to be desired, pushing me to consider alternatives."
ONML-2946-RPEC-1307,81,2007,yes,yes,no,2,196152.09,315768.98,Chicago,Bank of America , Magnificent Mile,high,medium,"I've had an excellent experience with the bank's helpful financial advice. Their team is consistently supportive, and using their services has made managing my finances much easier. From digital banking to in-person interactions, everything feels smooth and efficient. I highly recommend their service to anyone looking for reliability."
TTSP-5571-OISX-6490,18,2025,no,yes,yes,1,93141.71,329332.82,Denver,Chase , Denver 16th Street,high,high,"I've had an excellent experience with the bank's fraud protection efficiency. Their team is consistently supportive, and using their services has made managing my finances much easier. From digital banking to in-person interactions, everything feels smooth and efficient. I highly recommend their service to anyone looking for reliability."
GBZJ-8686-NERM-1927,68,2023,yes,no,yes,3,241573.49,295487.57,Boston,Bank of America , Boylston Street,medium,high,"I've had an excellent experience with the bank's helpful financial advice. Their team is consistently supportive, and using their services has made managing my finances much easier. From digital banking to in-person interactions, everything feels smooth and efficient. I highly recommend their service to anyone looking for reliability."
FRYC-2427-DFJN-5440,60,1991,no,yes,no,3,233326.38,457052.6,Austin,Wells Fargo , Congress Avenue,high,high,"I've had an excellent experience with the bank's reward programs. Their team is consistently supportive, and using their services has made managing my finances much easier. From digital banking to in-person interactions, everything feels smooth and efficient. I highly recommend their service to anyone looking for reliability."
PEPA-7180-GCYZ-0092,46,2018,no,no,yes,1,172081.57,289781.86,Los Angeles,Chase , Downtown LA,medium,medium,"I've had an excellent experience with the bank's mobile check deposits. Their team is consistently supportive, and using their services has made managing my finances much easier. From digital banking to in-person interactions, everything feels smooth and efficient. I highly recommend their service to anyone looking for reliability."
IWKT-0879-REUJ-7041,23,2020,no,yes,no,3,116052.53,479318.72,New York,Chase , 5th Avenue,medium,high,"My experience with the bank has been generally fine, especially regarding standard credit card offers. There have been occasional issues but nothing too disruptive. Service is functional and gets the job done. I wouldn't call it exceptional, but it certainly meets most of my banking needs without much hassle."
KZYV-4670-WKHF-8345,82,2009,yes,no,yes,4,170402.82,143778.57,Boston,Bank of America , Boylston Street,low,low,"I've had an excellent experience with the bank's mobile app convenience. Their team is consistently supportive, and using their services has made managing my finances much easier. From digital banking to in-person interactions, everything feels smooth and efficient. I highly recommend their service to anyone looking for reliability."
UDLZ-7001-YBGE-6251,40,2024,yes,yes,no,3,92262.08,122798.16,Seattle,Chase , Seattle Pike Street,medium,low,"My experience with the bank has been generally fine, especially regarding basic fraud alerts. There have been occasional issues but nothing too disruptive. Service is functional and gets the job done. I wouldn't call it exceptional, but it certainly meets most of my banking needs without much hassle."
KNCR-2184-EOGU-0502,39,2008,no,no,yes,3,62961.93,81953.65,Miami,Wells Fargo , Brickell Avenue,low,medium,"I've had an excellent experience with the bank's reward programs. Their team is consistently supportive, and using their services has made managing my finances much easier. From digital banking to in-person interactions, everything feels smooth and efficient. I highly recommend their service to anyone looking for reliability."
HWGL-9423-YVBX-8332,26,2017,yes,yes,yes,1,30505.83,385169.72,Dallas,Wells Fargo , Main Street Dallas,medium,low,"My experience with the bank has been generally fine, especially regarding no major issues. There have been occasional issues but nothing too disruptive. Service is functional and gets the job done. I wouldn't call it exceptional, but it certainly meets most of my banking needs without much hassle."
CJPV-3321-GLYM-9110,61,1997,no,yes,no,5,159376.01,392748.5,Miami,Wells Fargo , Brickell Avenue,medium,low,"My recent interactions with the bank have been disappointing, particularly related to slow fraud resolution. Customer support was slow to respond, and I encountered multiple obstacles while trying to resolve basic issues. The overall banking experience left much to be desired, pushing me to consider alternatives."
YYML-1739-CYYI-9470,42,2024,no,yes,yes,1,53138.65,171050.59,San Francisco,Bank of America , Embarcadero,high,high,"I've had an excellent experience with the bank's seamless online banking. Their team is consistently supportive, and using their services has made managing my finances much easier. From digital banking to in-person interactions, everything feels smooth and efficient. I highly recommend their service to anyone looking for reliability."
KMER-8994-CHDH-2302,62,1991,no,no,no,0,204709.63,387931.09,Boston,Bank of America , Boylston Street,medium,low,"I've had an excellent experience with the bank's Zelle payment speed. Their team is consistently supportive, and using their services has made managing my finances much easier. From digital banking to in-person interactions, everything feels smooth and efficient. I highly recommend their service to anyone looking for reliability."
QFJT-3394-CYGR-8732,79,1994,yes,no,no,3,90720.29,184435.4,Chicago,Bank of America , Magnificent Mile,low,low,"I've had an excellent experience with the bank's mobile check deposits. Their team is consistently supportive, and using their services has made managing my finances much easier. From digital banking to in-person interactions, everything feels smooth and efficient. I highly recommend their service to anyone looking for reliability."
ILTG-7725-RMNK-0820,63,1991,no,no,no,0,211816.99,484791.86,Austin,Wells Fargo , Congress Avenue,medium,low,"I've had an excellent experience with the bank's mobile app convenience. Their team is consistently supportive, and using their services has made managing my finances much easier. From digital banking to in-person interactions, everything feels smooth and efficient. I highly recommend their service to anyone looking for reliability."
QSJJ-8931-NRKA-1401,84,1997,yes,no,no,4,249091.88,362951.84,Chicago,Bank of America , Magnificent Mile,medium,low,"I've had an excellent experience with the bank's mobile check deposits. Their team is consistently supportive, and using their services has made managing my finances much easier. From digital banking to in-person interactions, everything feels smooth and efficient. I highly recommend their service to anyone looking for reliability."
IPTV-9757-BWCV-8575,49,2009,no,no,yes,1,27904.56,150102.56,Denver,Chase , Denver 16th Street,low,high,"I've had an excellent experience with the bank's fraud protection efficiency. Their team is consistently supportive, and using their services has made managing my finances much easier. From digital banking to in-person interactions, everything feels smooth and efficient. I highly recommend their service to anyone looking for reliability."
IRBI-7981-GNGZ-3770,53,2011,no,yes,no,3,132097.46,369314.2,Dallas,Wells Fargo , Main Street Dallas,medium,low,"I've had an excellent experience with the bank's quick mortgage approval. Their team is consistently supportive, and using their services has made managing my finances much easier. From digital banking to in-person interactions, everything feels smooth and efficient. I highly recommend their service to anyone looking for reliability."
PODV-4077-HQVI-3223,41,2002,yes,yes,no,4,37361.96,132099.93,New York,Chase , 5th Avenue,medium,medium,"I've had an excellent experience with the bank's fraud protection efficiency. Their team is consistently supportive, and using their services has made managing my finances much easier. From digital banking to in-person interactions, everything feels smooth and efficient. I highly recommend their service to anyone looking for reliability."
DAVJ-9193-CWAW-6480,45,1998,yes,yes,no,2,212744.79,275104.19,Miami,Wells Fargo , Brickell Avenue,high,low,"I've had an excellent experience with the bank's mobile check deposits. Their team is consistently supportive, and using their services has made managing my finances much easier. From digital banking to in-person interactions, everything feels smooth and efficient. I highly recommend their service to anyone looking for reliability."
JLHD-1843-VOIC-2847,56,2009,yes,no,yes,2,230927,210085.58,Boston,Bank of America , Boylston Street,high,medium,"My experience with the bank has been generally fine, especially regarding no major issues. There have been occasional issues but nothing too disruptive. Service is functional and gets the job done. I wouldn't call it exceptional, but it certainly meets most of my banking needs without much hassle."
KKDA-3845-SECL-8532,35,2008,yes,yes,yes,3,24993.34,404750.29,Dallas,Wells Fargo , Main Street Dallas,medium,high,"My recent interactions with the bank have been disappointing, particularly related to long branch lines. Customer support was slow to respond, and I encountered multiple obstacles while trying to resolve basic issues. The overall banking experience left much to be desired, pushing me to consider alternatives."
IFXH-1588-OFAR-9127,49,1995,no,yes,yes,5,230768.34,350348.73,Miami,Wells Fargo , Brickell Avenue,low,high,"I've had an excellent experience with the bank's quick mortgage approval. Their team is consistently supportive, and using their services has made managing my finances much easier. From digital banking to in-person interactions, everything feels smooth and efficient. I highly recommend their service to anyone looking for reliability."
LZFW-2249-VDPO-8394,34,2009,yes,no,yes,5,137899.15,136657.21,New York,Chase , 5th Avenue,high,low,"My experience with the bank has been generally fine, especially regarding standard credit card offers. There have been occasional issues but nothing too disruptive. Service is functional and gets the job done. I wouldn't call it exceptional, but it certainly meets most of my banking needs without much hassle."
AHQC-0577-STFP-0348,25,2018,yes,no,yes,4,83785.98,68105.26,Austin,Wells Fargo , Congress Avenue,high,medium,"My experience with the bank has been generally fine, especially regarding standard credit card offers. There have been occasional issues but nothing too disruptive. Service is functional and gets the job done. I wouldn't call it exceptional, but it certainly meets most of my banking needs without much hassle."
MNAQ-5573-FCLX-1673,49,1997,no,no,no,0,244786.72,202772.48,Denver,Chase , Denver 16th Street,low,high,"I've had an excellent experience with the bank's reward programs. Their team is consistently supportive, and using their services has made managing my finances much easier. From digital banking to in-person interactions, everything feels smooth and efficient. I highly recommend their service to anyone looking for reliability."
RDSQ-4998-YOXN-1883,41,2002,yes,yes,yes,1,249564.07,372440.07,Dallas,Wells Fargo , Main Street Dallas,high,low,"My recent interactions with the bank have been disappointing, particularly related to unreliable mobile app. Customer support was slow to respond, and I encountered multiple obstacles while trying to resolve basic issues. The overall banking experience left much to be desired, pushing me to consider alternatives."
TFBC-8120-IAOG-8374,53,1997,yes,yes,yes,5,18233.58,53476.83,Seattle,Chase , Seattle Pike Street,low,medium,"I've had an excellent experience with the bank's easy credit card replacement. Their team is consistently supportive, and using their services has made managing my finances much easier. From digital banking to in-person interactions, everything feels smooth and efficient. I highly recommend their service to anyone looking for reliability."
XBYG-0909-SBJP-3752,65,2010,no,no,no,0,170833.14,428878.12,Chicago,Bank of America , Magnificent Mile,low,low,"I've had an excellent experience with the bank's friendly customer service. Their team is consistently supportive, and using their services has made managing my finances much easier. From digital banking to in-person interactions, everything feels smooth and efficient. I highly recommend their service to anyone looking for reliability."
TBHC-1828-UKQR-4713,49,2021,no,no,no,0,74246.15,216646.7,Seattle,Chase , Seattle Pike Street,low,low,"I've had an excellent experience with the bank's easy credit card replacement. Their team is consistently supportive, and using their services has made managing my finances much easier. From digital banking to in-person interactions, everything feels smooth and efficient. I highly recommend their service to anyone looking for reliability."
FUVW-6460-WCKJ-3532,85,2008,yes,no,yes,2,48064,139664.04,New York,Chase , 5th Avenue,medium,low,"My recent interactions with the bank have been disappointing, particularly related to slow fraud resolution. Customer support was slow to respond, and I encountered multiple obstacles while trying to resolve basic issues. The overall banking experience left much to be desired, pushing me to consider alternatives."
OLPG-0922-DDMK-4067,26,2019,no,no,yes,3,62217.14,431923.9,Austin,Wells Fargo , Congress Avenue,medium,medium,"My recent interactions with the bank have been disappointing, particularly related to poor loyalty offers. Customer support was slow to respond, and I encountered multiple obstacles while trying to resolve basic issues. The overall banking experience left much to be desired, pushing me to consider alternatives."
EBLA-6113-QHYK-7348,46,2018,yes,yes,yes,5,129187.1,109436.44,Dallas,Wells Fargo , Main Street Dallas,high,high,"I've had an excellent experience with the bank's Zelle payment speed. Their team is consistently supportive, and using their services has made managing my finances much easier. From digital banking to in-person interactions, everything feels smooth and efficient. I highly recommend their service to anyone looking for reliability."
MWEY-8784-VRHQ-7731,65,2023,no,yes,no,5,136372.92,155108.59,Chicago,Bank of America , Magnificent Mile,medium,low,"I've had an excellent experience with the bank's reward programs. Their team is consistently supportive, and using their services has made managing my finances much easier. From digital banking to in-person interactions, everything feels smooth and efficient. I highly recommend their service to anyone looking for reliability."
KJDO-7099-YAUA-4340,48,2008,no,yes,yes,5,131803.62,264163.9,Miami,Wells Fargo , Brickell Avenue,low,low,"My experience with the bank has been generally fine, especially regarding long wait times sometimes. There have been occasional issues but nothing too disruptive. Service is functional and gets the job done. I wouldn't call it exceptional, but it certainly meets most of my banking needs without much hassle."
BOPY-1580-QCME-8615,71,2011,yes,no,yes,1,40489.57,153169.03,San Francisco,Bank of America , Embarcadero,medium,medium,"My recent interactions with the bank have been disappointing, particularly related to poor loyalty offers. Customer support was slow to respond, and I encountered multiple obstacles while trying to resolve basic issues. The overall banking experience left much to be desired, pushing me to consider alternatives."
BCTH-5639-XDEF-0662,69,2012,yes,no,no,4,61123.15,122442.03,Dallas,Wells Fargo , Main Street Dallas,low,medium,"My experience with the bank has been generally fine, especially regarding standard credit card offers. There have been occasional issues but nothing too disruptive. Service is functional and gets the job done. I wouldn't call it exceptional, but it certainly meets most of my banking needs without much hassle."
FGCR-3887-ZWLL-2700,60,2021,yes,no,yes,5,32923.04,282579.48,San Francisco,Bank of America , Embarcadero,low,low,"My experience with the bank has been generally fine, especially regarding standard credit card offers. There have been occasional issues but nothing too disruptive. Service is functional and gets the job done. I wouldn't call it exceptional, but it certainly meets most of my banking needs without much hassle."
QZBX-7669-XCNS-7688,77,2016,yes,yes,no,5,46894.49,369012.24,Seattle,Chase , Seattle Pike Street,low,medium,"I've had an excellent experience with the bank's easy credit card replacement. Their team is consistently supportive, and using their services has made managing my finances much easier. From digital banking to in-person interactions, everything feels smooth and efficient. I highly recommend their service to anyone looking for reliability."
YJKB-5154-KDON-6313,19,2024,yes,no,no,1,36968.5,461783.58,Miami,Wells Fargo , Brickell Avenue,high,low,"I've had an excellent experience with the bank's reward programs. Their team is consistently supportive, and using their services has made managing my finances much easier. From digital banking to in-person interactions, everything feels smooth and efficient. I highly recommend their service to anyone looking for reliability."
IACD-9204-AIFQ-8451,48,1995,no,no,yes,5,192971.7,364332.3,Miami,Wells Fargo , Brickell Avenue,medium,low,"I've had an excellent experience with the bank's mobile check deposits. Their team is consistently supportive, and using their services has made managing my finances much easier. From digital banking to in-person interactions, everything feels smooth and efficient. I highly recommend their service to anyone looking for reliability."
KIQO-9518-CGVZ-9211,29,2022,yes,no,yes,3,178649.08,467327.41,Seattle,Chase , Seattle Pike Street,medium,high,"I've had an excellent experience with the bank's friendly customer service. Their team is consistently supportive, and using their services has made managing my finances much easier. From digital banking to in-person interactions, everything feels smooth and efficient. I highly recommend their service to anyone looking for reliability."
WSXN-6941-QUGM-3926,20,2023,yes,yes,yes,1,188306.63,366220.11,Chicago,Bank of America , Magnificent Mile,low,low,"I've had an excellent experience with the bank's friendly customer service. Their team is consistently supportive, and using their services has made managing my finances much easier. From digital banking to in-person interactions, everything feels smooth and efficient. I highly recommend their service to anyone looking for reliability."
STWX-5294-SDKJ-1083,76,1993,no,yes,yes,5,42700.91,456120.62,Los Angeles,Chase , Downtown LA,low,medium,"I've had an excellent experience with the bank's reward programs. Their team is consistently supportive, and using their services has made managing my finances much easier. From digital banking to in-person interactions, everything feels smooth and efficient. I highly recommend their service to anyone looking for reliability."
BERT-4054-QZWF-3043,37,2006,yes,no,no,5,55273.16,17564.75,Dallas,Wells Fargo , Main Street Dallas,low,high,"My recent interactions with the bank have been disappointing, particularly related to hidden banking fees. Customer support was slow to respond, and I encountered multiple obstacles while trying to resolve basic issues. The overall banking experience left much to be desired, pushing me to consider alternatives."
MUSG-7452-PQVX-4225,38,2005,yes,yes,no,5,117135.34,349843.77,Seattle,Chase , Seattle Pike Street,low,medium,"I've had an excellent experience with the bank's friendly customer service. Their team is consistently supportive, and using their services has made managing my finances much easier. From digital banking to in-person interactions, everything feels smooth and efficient. I highly recommend their service to anyone looking for reliability."
MISR-1407-GZSI-3735,85,2011,no,yes,yes,3,114848.28,305474.38,Boston,Bank of America , Boylston Street,medium,medium,"My recent interactions with the bank have been disappointing, particularly related to poor loyalty offers. Customer support was slow to respond, and I encountered multiple obstacles while trying to resolve basic issues. The overall banking experience left much to be desired, pushing me to consider alternatives."
SFHH-4464-XMPK-5012,45,1998,yes,no,no,3,196551.15,232434.19,San Francisco,Bank of America , Embarcadero,low,high,"I've had an excellent experience with the bank's mobile check deposits. Their team is consistently supportive, and using their services has made managing my finances much easier. From digital banking to in-person interactions, everything feels smooth and efficient. I highly recommend their service to anyone looking for reliability."
IGCZ-5804-KNKT-1243,24,2019,yes,no,no,5,151455.65,368806.13,Miami,Wells Fargo , Brickell Avenue,low,low,"My recent interactions with the bank have been disappointing, particularly related to unreliable mobile app. Customer support was slow to respond, and I encountered multiple obstacles while trying to resolve basic issues. The overall banking experience left much to be desired, pushing me to consider alternatives."
CYDI-8885-LFAH-6355,47,1998,yes,yes,yes,1,141665.68,41783.94,Boston,Bank of America , Boylston Street,high,high,"I've had an excellent experience with the bank's helpful financial advice. Their team is consistently supportive, and using their services has made managing my finances much easier. From digital banking to in-person interactions, everything feels smooth and efficient. I highly recommend their service to anyone looking for reliability."
PRRW-6116-XBHA-5865,60,1998,yes,yes,no,3,214807.58,102650.18,Miami,Wells Fargo , Brickell Avenue,low,high,"I've had an excellent experience with the bank's reward programs. Their team is consistently supportive, and using their services has made managing my finances much easier. From digital banking to in-person interactions, everything feels smooth and efficient. I highly recommend their service to anyone looking for reliability."
SLAO-2031-IWJM-4712,74,1994,no,yes,no,3,53689.14,138155.64,Miami,Wells Fargo , Brickell Avenue,medium,low,"My experience with the bank has been generally fine, especially regarding good but glitchy app. There have been occasional issues but nothing too disruptive. Service is functional and gets the job done. I wouldn't call it exceptional, but it certainly meets most of my banking needs without much hassle."
YGCR-1064-QEPC-7080,21,2022,yes,yes,no,1,193026.25,403986.07,New York,Chase , 5th Avenue,high,low,"My recent interactions with the bank have been disappointing, particularly related to long branch lines. Customer support was slow to respond, and I encountered multiple obstacles while trying to resolve basic issues. The overall banking experience left much to be desired, pushing me to consider alternatives."
FOPJ-6481-VEPC-3714,79,1996,no,no,yes,5,190890.86,302435.39,Miami,Wells Fargo , Brickell Avenue,high,low,"My recent interactions with the bank have been disappointing, particularly related to credit card disputes delays. Customer support was slow to respond, and I encountered multiple obstacles while trying to resolve basic issues. The overall banking experience left much to be desired, pushing me to consider alternatives."
EOHU-8390-ZRDE-3482,32,2022,no,no,no,0,34984.5,406382.94,San Francisco,Bank of America , Embarcadero,high,high,"I've had an excellent experience with the bank's seamless online banking. Their team is consistently supportive, and using their services has made managing my finances much easier. From digital banking to in-person interactions, everything feels smooth and efficient. I highly recommend their service to anyone looking for reliability."
QKUQ-9932-QVPJ-7714,54,2021,yes,yes,yes,2,132832.62,394154.93,Denver,Chase , Denver 16th Street,medium,medium,"My experience with the bank has been generally fine, especially regarding ok rewards. There have been occasional issues but nothing too disruptive. Service is functional and gets the job done. I wouldn't call it exceptional, but it certainly meets most of my banking needs without much hassle."
NGBF-4197-KPOS-1602,73,2019,yes,yes,yes,1,170578.72,442896.39,Austin,Wells Fargo , Congress Avenue,medium,medium,"I've had an excellent experience with the bank's helpful financial advice. Their team is consistently supportive, and using their services has made managing my finances much easier. From digital banking to in-person interactions, everything feels smooth and efficient. I highly recommend their service to anyone looking for reliability."
UQRX-4050-WBFP-6927,84,2007,yes,no,no,4,43891.45,206486.2,San Francisco,Bank of America , Embarcadero,medium,high,"I've had an excellent experience with the bank's fraud protection efficiency. Their team is consistently supportive, and using their services has made managing my finances much easier. From digital banking to in-person interactions, everything feels smooth and efficient. I highly recommend their service to anyone looking for reliability."
DJPY-2906-SHND-6380,24,2019,no,yes,no,5,24840.19,357144.05,Los Angeles,Chase , Downtown LA,high,medium,"I've had an excellent experience with the bank's fraud protection efficiency. Their team is consistently supportive, and using their services has made managing my finances much easier. From digital banking to in-person interactions, everything feels smooth and efficient. I highly recommend their service to anyone looking for reliability."
MJOC-8533-QSEK-7495,48,2016,no,no,yes,4,197974.24,476552.72,New York,Chase , 5th Avenue,high,low,"I've had an excellent experience with the bank's easy credit card replacement. Their team is consistently supportive, and using their services has made managing my finances much easier. From digital banking to in-person interactions, everything feels smooth and efficient. I highly recommend their service to anyone looking for reliability."
VKOM-9580-JSKN-5238,52,1993,yes,no,no,4,44202.15,277896.72,Chicago,Bank of America , Magnificent Mile,high,high,"I've had an excellent experience with the bank's mobile app convenience. Their team is consistently supportive, and using their services has made managing my finances much easier. From digital banking to in-person interactions, everything feels smooth and efficient. I highly recommend their service to anyone looking for reliability."
HJLG-0437-FUJU-5031,40,2020,no,yes,yes,3,183772.63,93842,New York,Chase , 5th Avenue,high,low,"I've had an excellent experience with the bank's reward programs. Their team is consistently supportive, and using their services has made managing my finances much easier. From digital banking to in-person interactions, everything feels smooth and efficient. I highly recommend their service to anyone looking for reliability."
OVER-3243-TDXN-0409,37,2006,yes,no,no,5,55154.72,285710.21,Seattle,Chase , Seattle Pike Street,high,high,"I've had an excellent experience with the bank's easy credit card replacement. Their team is consistently supportive, and using their services has made managing my finances much easier. From digital banking to in-person interactions, everything feels smooth and efficient. I highly recommend their service to anyone looking for reliability."
BKGI-2998-CDEG-2320,38,2005,yes,no,yes,2,184728.63,422519.8,Dallas,Wells Fargo , Main Street Dallas,medium,low,"I've had an excellent experience with the bank's reward programs. Their team is consistently supportive, and using their services has made managing my finances much easier. From digital banking to in-person interactions, everything feels smooth and efficient. I highly recommend their service to anyone looking for reliability."
XFPZ-6651-EHOV-7975,28,2019,yes,no,no,5,106622,177338.04,Miami,Wells Fargo , Brickell Avenue,medium,medium,"I've had an excellent experience with the bank's reward programs. Their team is consistently supportive, and using their services has made managing my finances much easier. From digital banking to in-person interactions, everything feels smooth and efficient. I highly recommend their service to anyone looking for reliability."
GJGP-6539-HYJO-4175,47,2013,no,yes,no,1,240416.33,455716.47,New York,Chase , 5th Avenue,low,high,"I've had an excellent experience with the bank's seamless online banking. Their team is consistently supportive, and using their services has made managing my finances much easier. From digital banking to in-person interactions, everything feels smooth and efficient. I highly recommend their service to anyone looking for reliability."
HBKV-0796-JGIC-8902,57,2016,no,no,yes,1,186733.32,184185.9,Miami,Wells Fargo , Brickell Avenue,high,high,"My experience with the bank has been generally fine, especially regarding mobile deposit takes time. There have been occasional issues but nothing too disruptive. Service is functional and gets the job done. I wouldn't call it exceptional, but it certainly meets most of my banking needs without much hassle."
WWID-4693-KTGR-7108,53,2011,yes,no,yes,5,176740.47,18770.49,Boston,Bank of America , Boylston Street,high,high,"My experience with the bank has been generally fine, especially regarding good but glitchy app. There have been occasional issues but nothing too disruptive. Service is functional and gets the job done. I wouldn't call it exceptional, but it certainly meets most of my banking needs without much hassle."
QJLD-9125-LHXT-6873,44,2003,yes,no,yes,4,75563.52,157536.9,New York,Chase , 5th Avenue,high,low,"I've had an excellent experience with the bank's easy credit card replacement. Their team is consistently supportive, and using their services has made managing my finances much easier. From digital banking to in-person interactions, everything feels smooth and efficient. I highly recommend their service to anyone looking for reliability."
CDBZ-0190-BSTK-5891,36,2007,yes,yes,no,4,124615.75,439298.27,Seattle,Chase , Seattle Pike Street,low,high,"My recent interactions with the bank have been disappointing, particularly related to credit card disputes delays. Customer support was slow to respond, and I encountered multiple obstacles while trying to resolve basic issues. The overall banking experience left much to be desired, pushing me to consider alternatives."
KUEZ-5306-SKPK-6189,48,1995,yes,no,yes,1,110173.71,161510.08,New York,Chase , 5th Avenue,low,low,"My experience with the bank has been generally fine, especially regarding standard credit card offers. There have been occasional issues but nothing too disruptive. Service is functional and gets the job done. I wouldn't call it exceptional, but it certainly meets most of my banking needs without much hassle."
GFSY-8070-WZTU-6482,28,2022,no,no,no,0,123502.58,250341.75,Seattle,Chase , Seattle Pike Street,medium,high,"I've had an excellent experience with the bank's friendly customer service. Their team is consistently supportive, and using their services has made managing my finances much easier. From digital banking to in-person interactions, everything feels smooth and efficient. I highly recommend their service to anyone looking for reliability."
PUBG-8812-WEKU-9530,41,2003,yes,yes,yes,2,197978.76,56007.31,Boston,Bank of America , Boylston Street,low,high,"I've had an excellent experience with the bank's mobile app convenience. Their team is consistently supportive, and using their services has made managing my finances much easier. From digital banking to in-person interactions, everything feels smooth and efficient. I highly recommend their service to anyone looking for reliability."
GCES-2027-IJGA-0926,66,2011,no,no,no,0,81657.56,489500.87,Boston,Bank of America , Boylston Street,low,high,"I've had an excellent experience with the bank's easy credit card replacement. Their team is consistently supportive, and using their services has made managing my finances much easier. From digital banking to in-person interactions, everything feels smooth and efficient. I highly recommend their service to anyone looking for reliability."
LFJI-9889-CIUY-6899,45,2015,no,no,yes,2,32919.21,301845.7,Seattle,Chase , Seattle Pike Street,low,high,"I've had an excellent experience with the bank's mobile check deposits. Their team is consistently supportive, and using their services has made managing my finances much easier. From digital banking to in-person interactions, everything feels smooth and efficient. I highly recommend their service to anyone looking for reliability."
GLSW-1510-ONGE-5605,55,2004,yes,no,no,2,211945.33,293278.54,Denver,Chase , Denver 16th Street,medium,low,"I've had an excellent experience with the bank's friendly customer service. Their team is consistently supportive, and using their services has made managing my finances much easier. From digital banking to in-person interactions, everything feels smooth and efficient. I highly recommend their service to anyone looking for reliability."
PJEB-4523-THQN-7481,45,2022,yes,yes,yes,3,79629.62,168847.34,Chicago,Bank of America , Magnificent Mile,low,low,"My recent interactions with the bank have been disappointing, particularly related to unreliable mobile app. Customer support was slow to respond, and I encountered multiple obstacles while trying to resolve basic issues. The overall banking experience left much to be desired, pushing me to consider alternatives."
LJMI-8687-KLGV-6580,34,2023,no,yes,no,5,19994.74,396016.09,Dallas,Wells Fargo , Main Street Dallas,low,medium,"I've had an excellent experience with the bank's reward programs. Their team is consistently supportive, and using their services has made managing my finances much easier. From digital banking to in-person interactions, everything feels smooth and efficient. I highly recommend their service to anyone looking for reliability."
GKGD-2199-LHRQ-4835,23,2023,yes,yes,yes,3,198372.09,8984.42,Seattle,Chase , Seattle Pike Street,low,low,"I've had an excellent experience with the bank's seamless online banking. Their team is consistently supportive, and using their services has made managing my finances much easier. From digital banking to in-person interactions, everything feels smooth and efficient. I highly recommend their service to anyone looking for reliability."
YBTA-6302-KFDT-9246,64,2014,no,yes,yes,3,51188.08,227814.38,New York,Chase , 5th Avenue,medium,high,"My experience with the bank has been generally fine, especially regarding standard credit card offers. There have been occasional issues but nothing too disruptive. Service is functional and gets the job done. I wouldn't call it exceptional, but it certainly meets most of my banking needs without much hassle."
RVEY-4141-VVKN-0564,45,2006,no,no,yes,3,134632.82,91701.95,Los Angeles,Chase , Downtown LA,high,low,"I've had an excellent experience with the bank's quick mortgage approval. Their team is consistently supportive, and using their services has made managing my finances much easier. From digital banking to in-person interactions, everything feels smooth and efficient. I highly recommend their service to anyone looking for reliability."
KXGQ-0595-BEBC-4366,72,1999,yes,no,no,5,241335.33,57914.28,Austin,Wells Fargo , Congress Avenue,medium,high,"My recent interactions with the bank have been disappointing, particularly related to slow fraud resolution. Customer support was slow to respond, and I encountered multiple obstacles while trying to resolve basic issues. The overall banking experience left much to be desired, pushing me to consider alternatives."
TOYG-5314-IVHT-9851,42,2011,no,yes,no,5,229490.2,368329.06,New York,Chase , 5th Avenue,high,low,"My experience with the bank has been generally fine, especially regarding ok rewards. There have been occasional issues but nothing too disruptive. Service is functional and gets the job done. I wouldn't call it exceptional, but it certainly meets most of my banking needs without much hassle."
TKZR-0881-NUDU-5038,47,2013,yes,yes,yes,5,102082.26,345553.89,Seattle,Chase , Seattle Pike Street,low,high,"I've had an excellent experience with the bank's easy credit card replacement. Their team is consistently supportive, and using their services has made managing my finances much easier. From digital banking to in-person interactions, everything feels smooth and efficient. I highly recommend their service to anyone looking for reliability."
CXWY-0382-TXYY-8176,26,2017,no,yes,yes,5,248910.43,495947.05,New York,Chase , 5th Avenue,high,low,"My experience with the bank has been generally fine, especially regarding basic fraud alerts. There have been occasional issues but nothing too disruptive. Service is functional and gets the job done. I wouldn't call it exceptional, but it certainly meets most of my banking needs without much hassle."
RDYU-3570-NKXT-9326,71,2014,no,no,yes,4,84453.67,267632.3,Seattle,Chase , Seattle Pike Street,medium,high,"My recent interactions with the bank have been disappointing, particularly related to confusing mortgage process. Customer support was slow to respond, and I encountered multiple obstacles while trying to resolve basic issues. The overall banking experience left much to be desired, pushing me to consider alternatives."
FHAR-7612-MVEA-6686,49,1999,no,yes,no,3,196490.38,443669.2,Seattle,Chase , Seattle Pike Street,high,high,"My recent interactions with the bank have been disappointing, particularly related to confusing mortgage process. Customer support was slow to respond, and I encountered multiple obstacles while trying to resolve basic issues. The overall banking experience left much to be desired, pushing me to consider alternatives."
KEQT-1295-YIHG-8733,31,2012,yes,no,yes,3,109989.86,279924.38,Los Angeles,Chase , Downtown LA,low,medium,"I've had an excellent experience with the bank's easy credit card replacement. Their team is consistently supportive, and using their services has made managing my finances much easier. From digital banking to in-person interactions, everything feels smooth and efficient. I highly recommend their service to anyone looking for reliability."
AGYU-5087-GCEP-2891,78,1999,no,yes,no,3,243500.5,15260.17,Denver,Chase , Denver 16th Street,medium,low,"My recent interactions with the bank have been disappointing, particularly related to long branch lines. Customer support was slow to respond, and I encountered multiple obstacles while trying to resolve basic issues. The overall banking experience left much to be desired, pushing me to consider alternatives."
RURB-1745-FMDM-5413,47,2023,yes,no,no,5,72331.02,475032.67,Los Angeles,Chase , Downtown LA,low,high,"I've had an excellent experience with the bank's helpful financial advice. Their team is consistently supportive, and using their services has made managing my finances much easier. From digital banking to in-person interactions, everything feels smooth and efficient. I highly recommend their service to anyone looking for reliability."
VQDT-6402-FXEY-8656,54,1990,no,no,yes,1,227028.4,283133.92,Boston,Bank of America , Boylston Street,medium,medium,"My recent interactions with the bank have been disappointing, particularly related to long branch lines. Customer support was slow to respond, and I encountered multiple obstacles while trying to resolve basic issues. The overall banking experience left much to be desired, pushing me to consider alternatives."
RXBS-5021-UIBN-3920,69,2012,yes,no,no,1,199146.2,191216.94,New York,Chase , 5th Avenue,medium,medium,"My experience with the bank has been generally fine, especially regarding good but glitchy app. There have been occasional issues but nothing too disruptive. Service is functional and gets the job done. I wouldn't call it exceptional, but it certainly meets most of my banking needs without much hassle."
ZCWQ-4909-LHRW-1673,45,1998,no,no,yes,5,210194.33,441143.44,Seattle,Chase , Seattle Pike Street,low,high,"My recent interactions with the bank have been disappointing, particularly related to poor customer service. Customer support was slow to respond, and I encountered multiple obstacles while trying to resolve basic issues. The overall banking experience left much to be desired, pushing me to consider alternatives."
MXHA-0709-CGDD-1431,33,2010,yes,no,no,4,50003.73,293805.61,San Francisco,Bank of America , Embarcadero,medium,high,"My experience with the bank has been generally fine, especially regarding basic fraud alerts. There have been occasional issues but nothing too disruptive. Service is functional and gets the job done. I wouldn't call it exceptional, but it certainly meets most of my banking needs without much hassle."
WPHW-4373-JSCP-1666,21,2022,no,yes,yes,5,171913.34,256949.3,Dallas,Wells Fargo , Main Street Dallas,high,medium,"My recent interactions with the bank have been disappointing, particularly related to long branch lines. Customer support was slow to respond, and I encountered multiple obstacles while trying to resolve basic issues. The overall banking experience left much to be desired, pushing me to consider alternatives."
CNMI-9561-UZDD-9956,32,2014,yes,yes,yes,5,60433.23,305944.93,Seattle,Chase , Seattle Pike Street,low,low,"I've had an excellent experience with the bank's mobile app convenience. Their team is consistently supportive, and using their services has made managing my finances much easier. From digital banking to in-person interactions, everything feels smooth and efficient. I highly recommend their service to anyone looking for reliability."
XDNF-4846-SBDC-3843,25,2018,yes,no,yes,5,90527.3,226568.45,Miami,Wells Fargo , Brickell Avenue,low,high,"I've had an excellent experience with the bank's helpful financial advice. Their team is consistently supportive, and using their services has made managing my finances much easier. From digital banking to in-person interactions, everything feels smooth and efficient. I highly recommend their service to anyone looking for reliability."
CIZL-5947-RRFI-4886,74,2016,yes,yes,no,1,164813.18,135060.75,Boston,Bank of America , Boylston Street,medium,medium,"I've had an excellent experience with the bank's mobile check deposits. Their team is consistently supportive, and using their services has made managing my finances much easier. From digital banking to in-person interactions, everything feels smooth and efficient. I highly recommend their service to anyone looking for reliability."
FAAD-3774-HLMV-5489,68,2000,yes,no,yes,5,109756.52,431508.15,Austin,Wells Fargo , Congress Avenue,high,low,"My experience with the bank has been generally fine, especially regarding average online experience. There have been occasional issues but nothing too disruptive. Service is functional and gets the job done. I wouldn't call it exceptional, but it certainly meets most of my banking needs without much hassle."
TPOT-9518-UAID-3820,20,2023,no,no,no,0,245765.88,282710.69,Denver,Chase , Denver 16th Street,high,low,"I've had an excellent experience with the bank's fraud protection efficiency. Their team is consistently supportive, and using their services has made managing my finances much easier. From digital banking to in-person interactions, everything feels smooth and efficient. I highly recommend their service to anyone looking for reliability."
IFYL-5562-QZKS-2691,85,2024,no,yes,yes,1,62626.61,116056.55,Dallas,Wells Fargo , Main Street Dallas,low,medium,"I've had an excellent experience with the bank's seamless online banking. Their team is consistently supportive, and using their services has made managing my finances much easier. From digital banking to in-person interactions, everything feels smooth and efficient. I highly recommend their service to anyone looking for reliability."
ZQFO-2664-LTXV-5328,43,2012,no,yes,no,4,232884.2,232127.52,San Francisco,Bank of America , Embarcadero,low,low,"My recent interactions with the bank have been disappointing, particularly related to unreliable mobile app. Customer support was slow to respond, and I encountered multiple obstacles while trying to resolve basic issues. The overall banking experience left much to be desired, pushing me to consider alternatives."
KMIS-4894-BCHV-4174,38,2005,no,yes,yes,3,70923.65,256647.21,Miami,Wells Fargo , Brickell Avenue,high,medium,"I've had an excellent experience with the bank's mobile check deposits. Their team is consistently supportive, and using their services has made managing my finances much easier. From digital banking to in-person interactions, everything feels smooth and efficient. I highly recommend their service to anyone looking for reliability."
XHXQ-0150-EHGL-4442,62,2014,yes,yes,yes,3,32468.97,333938.07,Chicago,Bank of America , Magnificent Mile,medium,medium,"I've had an excellent experience with the bank's Zelle payment speed. Their team is consistently supportive, and using their services has made managing my finances much easier. From digital banking to in-person interactions, everything feels smooth and efficient. I highly recommend their service to anyone looking for reliability."
ODCT-5467-IVJP-9912,39,2010,yes,yes,no,2,134913.13,486539.28,Dallas,Wells Fargo , Main Street Dallas,low,medium,"My experience with the bank has been generally fine, especially regarding average service quality. There have been occasional issues but nothing too disruptive. Service is functional and gets the job done. I wouldn't call it exceptional, but it certainly meets most of my banking needs without much hassle."
ZNTD-4502-VRXB-7423,48,2018,yes,no,yes,3,125543.54,54141.31,Dallas,Wells Fargo , Main Street Dallas,low,medium,"I've had an excellent experience with the bank's mobile app convenience. Their team is consistently supportive, and using their services has made managing my finances much easier. From digital banking to in-person interactions, everything feels smooth and efficient. I highly recommend their service to anyone looking for reliability."
ELMZ-0728-VFLI-4212,39,2004,yes,yes,yes,5,36683.11,245787.66,Austin,Wells Fargo , Congress Avenue,high,high,"My recent interactions with the bank have been disappointing, particularly related to poor loyalty offers. Customer support was slow to respond, and I encountered multiple obstacles while trying to resolve basic issues. The overall banking experience left much to be desired, pushing me to consider alternatives."
HHJN-1283-DKGX-4541,51,2023,no,yes,no,5,209990.64,392197.27,Chicago,Bank of America , Magnificent Mile,high,high,"I've had an excellent experience with the bank's easy credit card replacement. Their team is consistently supportive, and using their services has made managing my finances much easier. From digital banking to in-person interactions, everything feels smooth and efficient. I highly recommend their service to anyone looking for reliability."
XVOL-6513-IFMW-7294,47,2024,yes,yes,yes,4,175159.96,159220.82,Austin,Wells Fargo , Congress Avenue,low,medium,"I've had an excellent experience with the bank's seamless online banking. Their team is consistently supportive, and using their services has made managing my finances much easier. From digital banking to in-person interactions, everything feels smooth and efficient. I highly recommend their service to anyone looking for reliability."
IZRL-4279-FRNM-7827,20,2023,no,no,yes,3,127405.49,30544.47,Los Angeles,Chase , Downtown LA,medium,low,"My experience with the bank has been generally fine, especially regarding ok rewards. There have been occasional issues but nothing too disruptive. Service is functional and gets the job done. I wouldn't call it exceptional, but it certainly meets most of my banking needs without much hassle."
CIDE-4263-RKVT-7967,19,2024,yes,no,yes,4,169843.98,85470.13,Seattle,Chase , Seattle Pike Street,low,high,"My experience with the bank has been generally fine, especially regarding good but glitchy app. There have been occasional issues but nothing too disruptive. Service is functional and gets the job done. I wouldn't call it exceptional, but it certainly meets most of my banking needs without much hassle."
HVUQ-1590-QERK-6383,29,2015,no,yes,no,4,247385.24,468529.38,San Francisco,Bank of America , Embarcadero,high,medium,"I've had an excellent experience with the bank's quick mortgage approval. Their team is consistently supportive, and using their services has made managing my finances much easier. From digital banking to in-person interactions, everything feels smooth and efficient. I highly recommend their service to anyone looking for reliability."
GUMZ-6885-YWGA-3448,27,2023,yes,yes,yes,2,148448.75,484458.27,Seattle,Chase , Seattle Pike Street,high,low,"My experience with the bank has been generally fine, especially regarding good but glitchy app. There have been occasional issues but nothing too disruptive. Service is functional and gets the job done. I wouldn't call it exceptional, but it certainly meets most of my banking needs without much hassle."
DEDN-2062-NOVN-0795,52,2005,no,no,yes,1,44815.41,459293,Boston,Bank of America , Boylston Street,medium,low,"My experience with the bank has been generally fine, especially regarding no major issues. There have been occasional issues but nothing too disruptive. Service is functional and gets the job done. I wouldn't call it exceptional, but it certainly meets most of my banking needs without much hassle."
QXBH-8749-LBUZ-6028,73,2006,no,yes,no,4,94364.43,367712.35,Denver,Chase , Denver 16th Street,high,high,"My recent interactions with the bank have been disappointing, particularly related to credit card disputes delays. Customer support was slow to respond, and I encountered multiple obstacles while trying to resolve basic issues. The overall banking experience left much to be desired, pushing me to consider alternatives."
XOHJ-8526-DNHQ-1947,54,2012,no,no,yes,5,168885.73,45832.86,Miami,Wells Fargo , Brickell Avenue,low,low,"My recent interactions with the bank have been disappointing, particularly related to poor customer service. Customer support was slow to respond, and I encountered multiple obstacles while trying to resolve basic issues. The overall banking experience left much to be desired, pushing me to consider alternatives."
FWSJ-0941-CBAK-5806,67,2020,yes,yes,yes,4,121221.51,190224.15,Boston,Bank of America , Boylston Street,low,high,"I've had an excellent experience with the bank's Zelle payment speed. Their team is consistently supportive, and using their services has made managing my finances much easier. From digital banking to in-person interactions, everything feels smooth and efficient. I highly recommend their service to anyone looking for reliability."
YOBS-3604-QHVF-5696,81,2024,no,no,yes,4,150029.32,218232.29,Miami,Wells Fargo , Brickell Avenue,medium,high,"My recent interactions with the bank have been disappointing, particularly related to slow fraud resolution. Customer support was slow to respond, and I encountered multiple obstacles while trying to resolve basic issues. The overall banking experience left much to be desired, pushing me to consider alternatives."
TPLR-2376-ZGXL-1504,84,2002,no,yes,no,5,138230.89,199296.83,Chicago,Bank of America , Magnificent Mile,low,high,"I've had an excellent experience with the bank's fraud protection efficiency. Their team is consistently supportive, and using their services has made managing my finances much easier. From digital banking to in-person interactions, everything feels smooth and efficient. I highly recommend their service to anyone looking for reliability."
EDYK-6175-HEVM-9315,52,1991,no,no,no,0,160591.7,342806.21,Los Angeles,Chase , Downtown LA,high,low,"I've had an excellent experience with the bank's mobile app convenience. Their team is consistently supportive, and using their services has made managing my finances much easier. From digital banking to in-person interactions, everything feels smooth and efficient. I highly recommend their service to anyone looking for reliability."
QNFG-5871-HOSQ-8958,39,2007,yes,no,no,2,74033.35,467115.43,New York,Chase , 5th Avenue,medium,medium,"My recent interactions with the bank have been disappointing, particularly related to poor customer service. Customer support was slow to respond, and I encountered multiple obstacles while trying to resolve basic issues. The overall banking experience left much to be desired, pushing me to consider alternatives."
ZDSG-2387-JEII-4885,35,2012,no,yes,yes,5,238635.37,341762.79,Denver,Chase , Denver 16th Street,high,high,"I've had an excellent experience with the bank's easy credit card replacement. Their team is consistently supportive, and using their services has made managing my finances much easier. From digital banking to in-person interactions, everything feels smooth and efficient. I highly recommend their service to anyone looking for reliability."
AHDT-4156-THJA-4766,42,2024,yes,no,no,1,76271.18,342234.63,Dallas,Wells Fargo , Main Street Dallas,medium,low,"I've had an excellent experience with the bank's easy credit card replacement. Their team is consistently supportive, and using their services has made managing my finances much easier. From digital banking to in-person interactions, everything feels smooth and efficient. I highly recommend their service to anyone looking for reliability."
KCZR-1434-OYKR-6557,79,2001,no,no,yes,4,55386.44,473032.37,Boston,Bank of America , Boylston Street,low,high,"My recent interactions with the bank have been disappointing, particularly related to app crashes during payment. Customer support was slow to respond, and I encountered multiple obstacles while trying to resolve basic issues. The overall banking experience left much to be desired, pushing me to consider alternatives."
RDFX-5651-GFHC-7083,65,1996,yes,yes,no,2,100963.99,475814.18,Los Angeles,Chase , Downtown LA,medium,high,"I've had an excellent experience with the bank's helpful financial advice. Their team is consistently supportive, and using their services has made managing my finances much easier. From digital banking to in-person interactions, everything feels smooth and efficient. I highly recommend their service to anyone looking for reliability."
AQYF-6627-HVXJ-5967,59,1991,no,no,no,0,67688.58,97079.77,Dallas,Wells Fargo , Main Street Dallas,high,high,"I've had an excellent experience with the bank's helpful financial advice. Their team is consistently supportive, and using their services has made managing my finances much easier. From digital banking to in-person interactions, everything feels smooth and efficient. I highly recommend their service to anyone looking for reliability."
FWHC-0774-MFGP-9757,27,2016,no,no,yes,1,61799.74,416512.26,Miami,Wells Fargo , Brickell Avenue,medium,high,"My recent interactions with the bank have been disappointing, particularly related to poor loyalty offers. Customer support was slow to respond, and I encountered multiple obstacles while trying to resolve basic issues. The overall banking experience left much to be desired, pushing me to consider alternatives."
IDOP-3120-WYVU-8339,29,2014,yes,no,no,2,91432.81,226838.37,Los Angeles,Chase , Downtown LA,medium,medium,"I've had an excellent experience with the bank's mobile app convenience. Their team is consistently supportive, and using their services has made managing my finances much easier. From digital banking to in-person interactions, everything feels smooth and efficient. I highly recommend their service to anyone looking for reliability."
HLGY-0214-TQIR-8578,40,2013,yes,no,no,5,213780.72,262262.39,Los Angeles,Chase , Downtown LA,low,medium,"I've had an excellent experience with the bank's easy credit card replacement. Their team is consistently supportive, and using their services has made managing my finances much easier. From digital banking to in-person interactions, everything feels smooth and efficient. I highly recommend their service to anyone looking for reliability."
AIOC-9484-VOPW-1904,20,2023,yes,yes,no,5,23270.16,176929.75,Austin,Wells Fargo , Congress Avenue,medium,medium,"I've had an excellent experience with the bank's mobile app convenience. Their team is consistently supportive, and using their services has made managing my finances much easier. From digital banking to in-person interactions, everything feels smooth and efficient. I highly recommend their service to anyone looking for reliability."
GZKC-6672-ETSN-7478,85,2020,yes,yes,no,4,78845.28,64887.95,Denver,Chase , Denver 16th Street,high,high,"My experience with the bank has been generally fine, especially regarding long wait times sometimes. There have been occasional issues but nothing too disruptive. Service is functional and gets the job done. I wouldn't call it exceptional, but it certainly meets most of my banking needs without much hassle."
OFNH-8559-QCNG-8668,69,2000,yes,no,no,3,28716.75,162227.59,Boston,Bank of America , Boylston Street,high,high,"My recent interactions with the bank have been disappointing, particularly related to app crashes during payment. Customer support was slow to respond, and I encountered multiple obstacles while trying to resolve basic issues. The overall banking experience left much to be desired, pushing me to consider alternatives."
GKQQ-2448-BDPQ-4874,74,2007,no,yes,yes,3,180933.89,255104.18,Seattle,Chase , Seattle Pike Street,high,high,"My recent interactions with the bank have been disappointing, particularly related to slow fraud resolution. Customer support was slow to respond, and I encountered multiple obstacles while trying to resolve basic issues. The overall banking experience left much to be desired, pushing me to consider alternatives."
OBIR-5690-OFTI-1201,72,2013,no,no,yes,4,45290.76,479002.56,Dallas,Wells Fargo , Main Street Dallas,low,low,"My experience with the bank has been generally fine, especially regarding basic fraud alerts. There have been occasional issues but nothing too disruptive. Service is functional and gets the job done. I wouldn't call it exceptional, but it certainly meets most of my banking needs without much hassle."
XPKB-2354-OCYM-0808,35,2008,yes,yes,yes,2,102538.35,114786.69,Seattle,Chase , Seattle Pike Street,high,low,"I've had an excellent experience with the bank's mobile app convenience. Their team is consistently supportive, and using their services has made managing my finances much easier. From digital banking to in-person interactions, everything feels smooth and efficient. I highly recommend their service to anyone looking for reliability."
BNIK-3980-DDOU-6181,32,2011,no,yes,yes,2,91134.5,240264.59,Miami,Wells Fargo , Brickell Avenue,high,low,"I've had an excellent experience with the bank's quick mortgage approval. Their team is consistently supportive, and using their services has made managing my finances much easier. From digital banking to in-person interactions, everything feels smooth and efficient. I highly recommend their service to anyone looking for reliability."
DJQK-4653-FBNB-5632,30,2013,no,no,no,0,152811.87,497550.21,Seattle,Chase , Seattle Pike Street,medium,low,"My experience with the bank has been generally fine, especially regarding good but glitchy app. There have been occasional issues but nothing too disruptive. Service is functional and gets the job done. I wouldn't call it exceptional, but it certainly meets most of my banking needs without much hassle."
AXLM-3870-OQEG-8875,72,2018,no,no,no,0,190521.53,64868.28,Austin,Wells Fargo , Congress Avenue,high,high,"My recent interactions with the bank have been disappointing, particularly related to credit card disputes delays. Customer support was slow to respond, and I encountered multiple obstacles while trying to resolve basic issues. The overall banking experience left much to be desired, pushing me to consider alternatives."
QJZB-6479-VEDM-5739,44,1999,yes,yes,yes,5,46425.56,418169.33,Chicago,Bank of America , Magnificent Mile,low,low,"I've had an excellent experience with the bank's reward programs. Their team is consistently supportive, and using their services has made managing my finances much easier. From digital banking to in-person interactions, everything feels smooth and efficient. I highly recommend their service to anyone looking for reliability."
UHTA-4985-WECE-7115,57,1995,yes,no,yes,1,137103.79,207684,Denver,Chase , Denver 16th Street,medium,low,"I've had an excellent experience with the bank's mobile app convenience. Their team is consistently supportive, and using their services has made managing my finances much easier. From digital banking to in-person interactions, everything feels smooth and efficient. I highly recommend their service to anyone looking for reliability."
KRXW-1202-UWWG-9274,77,2012,yes,yes,no,3,136890.11,43545.95,Los Angeles,Chase , Downtown LA,medium,low,"My recent interactions with the bank have been disappointing, particularly related to poor loyalty offers. Customer support was slow to respond, and I encountered multiple obstacles while trying to resolve basic issues. The overall banking experience left much to be desired, pushing me to consider alternatives."
JALS-6482-AKMC-8376,77,2010,no,no,no,0,46881.66,77377.47,Chicago,Bank of America , Magnificent Mile,high,low,"I've had an excellent experience with the bank's Zelle payment speed. Their team is consistently supportive, and using their services has made managing my finances much easier. From digital banking to in-person interactions, everything feels smooth and efficient. I highly recommend their service to anyone looking for reliability."
SIXD-6908-URLC-0142,29,2022,no,no,yes,5,39028.74,26548.23,San Francisco,Bank of America , Embarcadero,low,high,"I've had an excellent experience with the bank's mobile check deposits. Their team is consistently supportive, and using their services has made managing my finances much easier. From digital banking to in-person interactions, everything feels smooth and efficient. I highly recommend their service to anyone looking for reliability."
OCPN-3118-JUPO-2423,40,2003,no,yes,yes,3,199994.74,364151.73,Austin,Wells Fargo , Congress Avenue,high,high,"I've had an excellent experience with the bank's Zelle payment speed. Their team is consistently supportive, and using their services has made managing my finances much easier. From digital banking to in-person interactions, everything feels smooth and efficient. I highly recommend their service to anyone looking for reliability."
MXCY-9851-PHKH-1587,59,2001,yes,yes,yes,5,111805.96,85596.29,Denver,Chase , Denver 16th Street,low,high,"I've had an excellent experience with the bank's mobile app convenience. Their team is consistently supportive, and using their services has made managing my finances much easier. From digital banking to in-person interactions, everything feels smooth and efficient. I highly recommend their service to anyone looking for reliability."
BJZT-9567-BYAF-1056,27,2016,yes,yes,yes,1,91399.09,181846.15,Seattle,Chase , Seattle Pike Street,low,high,"I've had an excellent experience with the bank's mobile check deposits. Their team is consistently supportive, and using their services has made managing my finances much easier. From digital banking to in-person interactions, everything feels smooth and efficient. I highly recommend their service to anyone looking for reliability."
DQYD-0872-PILR-7485,57,2007,no,yes,no,5,166482.53,368557.47,Boston,Bank of America , Boylston Street,medium,low,"I've had an excellent experience with the bank's fraud protection efficiency. Their team is consistently supportive, and using their services has made managing my finances much easier. From digital banking to in-person interactions, everything feels smooth and efficient. I highly recommend their service to anyone looking for reliability."
VRFJ-1430-WVHH-0513,49,1994,no,no,no,0,205529.41,387465.48,Chicago,Bank of America , Magnificent Mile,high,high,"I've had an excellent experience with the bank's reward programs. Their team is consistently supportive, and using their services has made managing my finances much easier. From digital banking to in-person interactions, everything feels smooth and efficient. I highly recommend their service to anyone looking for reliability."
ZWDR-3264-NBMN-2139,74,1990,yes,yes,no,3,53091.05,165554.86,Miami,Wells Fargo , Brickell Avenue,high,high,"I've had an excellent experience with the bank's Zelle payment speed. Their team is consistently supportive, and using their services has made managing my finances much easier. From digital banking to in-person interactions, everything feels smooth and efficient. I highly recommend their service to anyone looking for reliability."
OLLC-6520-BPUX-0608,81,1997,yes,no,no,1,151200.96,279156.13,Austin,Wells Fargo , Congress Avenue,high,low,"My recent interactions with the bank have been disappointing, particularly related to poor loyalty offers. Customer support was slow to respond, and I encountered multiple obstacles while trying to resolve basic issues. The overall banking experience left much to be desired, pushing me to consider alternatives."
QDKR-6020-IPKR-4017,30,2013,no,no,yes,4,59283.51,18828.56,Chicago,Bank of America , Magnificent Mile,low,medium,"I've had an excellent experience with the bank's mobile app convenience. Their team is consistently supportive, and using their services has made managing my finances much easier. From digital banking to in-person interactions, everything feels smooth and efficient. I highly recommend their service to anyone looking for reliability."
ZTTE-8941-NSHX-6815,77,2023,no,no,yes,5,188895.56,352476.45,Boston,Bank of America , Boylston Street,medium,high,"My experience with the bank has been generally fine, especially regarding ordinary mortgage process. There have been occasional issues but nothing too disruptive. Service is functional and gets the job done. I wouldn't call it exceptional, but it certainly meets most of my banking needs without much hassle."
JKGC-9967-HECM-1388,48,2024,no,yes,yes,1,19074.2,488994.92,Boston,Bank of America , Boylston Street,low,medium,"I've had an excellent experience with the bank's quick mortgage approval. Their team is consistently supportive, and using their services has made managing my finances much easier. From digital banking to in-person interactions, everything feels smooth and efficient. I highly recommend their service to anyone looking for reliability."
DYTH-8223-MERL-5791,59,1997,no,yes,no,1,239212.14,436003.31,Miami,Wells Fargo , Brickell Avenue,high,low,"My experience with the bank has been generally fine, especially regarding ordinary mortgage process. There have been occasional issues but nothing too disruptive. Service is functional and gets the job done. I wouldn't call it exceptional, but it certainly meets most of my banking needs without much hassle."
QUSJ-1720-MQLW-1409,39,2012,yes,yes,no,1,127322.65,326877.35,New York,Chase , 5th Avenue,high,high,"My recent interactions with the bank have been disappointing, particularly related to unreliable mobile app. Customer support was slow to respond, and I encountered multiple obstacles while trying to resolve basic issues. The overall banking experience left much to be desired, pushing me to consider alternatives."
EYSH-4852-VXGQ-1897,43,2000,no,no,yes,1,176391.78,249932.62,Los Angeles,Chase , Downtown LA,high,low,"I've had an excellent experience with the bank's mobile check deposits. Their team is consistently supportive, and using their services has made managing my finances much easier. From digital banking to in-person interactions, everything feels smooth and efficient. I highly recommend their service to anyone looking for reliability."
LCVO-6659-QXWX-6698,37,2006,yes,yes,yes,3,218681.76,461993.76,Chicago,Bank of America , Magnificent Mile,medium,medium,"I've had an excellent experience with the bank's mobile app convenience. Their team is consistently supportive, and using their services has made managing my finances much easier. From digital banking to in-person interactions, everything feels smooth and efficient. I highly recommend their service to anyone looking for reliability."
SLCW-4119-YFTN-9855,24,2019,yes,yes,yes,3,109633.63,64751.24,Austin,Wells Fargo , Congress Avenue,low,low,"My recent interactions with the bank have been disappointing, particularly related to unreliable mobile app. Customer support was slow to respond, and I encountered multiple obstacles while trying to resolve basic issues. The overall banking experience left much to be desired, pushing me to consider alternatives."
LMFM-5790-IQDP-7692,75,1998,no,no,yes,1,232488.5,373386.55,Miami,Wells Fargo , Brickell Avenue,low,low,"My experience with the bank has been generally fine, especially regarding average service quality. There have been occasional issues but nothing too disruptive. Service is functional and gets the job done. I wouldn't call it exceptional, but it certainly meets most of my banking needs without much hassle."
BPTG-9113-XOHN-2345,73,2014,no,yes,yes,5,57026.86,325313.26,Dallas,Wells Fargo , Main Street Dallas,high,medium,"My experience with the bank has been generally fine, especially regarding standard credit card offers. There have been occasional issues but nothing too disruptive. Service is functional and gets the job done. I wouldn't call it exceptional, but it certainly meets most of my banking needs without much hassle."
WFVV-5526-XRCE-3654,54,2001,yes,yes,no,1,200611.69,341520.86,Boston,Bank of America , Boylston Street,high,high,"I've had an excellent experience with the bank's quick mortgage approval. Their team is consistently supportive, and using their services has made managing my finances much easier. From digital banking to in-person interactions, everything feels smooth and efficient. I highly recommend their service to anyone looking for reliability."
IOGI-2097-RBFS-9572,59,1998,yes,no,no,1,19022,411619.1,Chicago,Bank of America , Magnificent Mile,low,high,"I've had an excellent experience with the bank's mobile app convenience. Their team is consistently supportive, and using their services has made managing my finances much easier. From digital banking to in-person interactions, everything feels smooth and efficient. I highly recommend their service to anyone looking for reliability."
JMYR-1461-GIEY-0980,26,2017,yes,no,yes,5,152112.84,411746.82,San Francisco,Bank of America , Embarcadero,low,low,"I've had an excellent experience with the bank's seamless online banking. Their team is consistently supportive, and using their services has made managing my finances much easier. From digital banking to in-person interactions, everything feels smooth and efficient. I highly recommend their service to anyone looking for reliability."
KJJH-0735-YMHS-3700,53,2002,no,no,no,0,101172.29,153472.58,Austin,Wells Fargo , Congress Avenue,low,low,"I've had an excellent experience with the bank's quick mortgage approval. Their team is consistently supportive, and using their services has made managing my finances much easier. From digital banking to in-person interactions, everything feels smooth and efficient. I highly recommend their service to anyone looking for reliability."
HKBM-8430-UVXG-0639,37,2006,yes,no,yes,3,43931.52,307125.58,New York,Chase , 5th Avenue,medium,low,"I've had an excellent experience with the bank's friendly customer service. Their team is consistently supportive, and using their services has made managing my finances much easier. From digital banking to in-person interactions, everything feels smooth and efficient. I highly recommend their service to anyone looking for reliability."
LJPF-8192-RTHK-4770,25,2018,yes,no,yes,3,115156.74,295406.33,Boston,Bank of America , Boylston Street,medium,low,"My experience with the bank has been generally fine, especially regarding average online experience. There have been occasional issues but nothing too disruptive. Service is functional and gets the job done. I wouldn't call it exceptional, but it certainly meets most of my banking needs without much hassle."
ASJX-1330-IGIX-6262,85,1996,no,no,no,0,209525.4,342224.35,Chicago,Bank of America , Magnificent Mile,high,low,"I've had an excellent experience with the bank's reward programs. Their team is consistently supportive, and using their services has made managing my finances much easier. From digital banking to in-person interactions, everything feels smooth and efficient. I highly recommend their service to anyone looking for reliability."
MTSR-5628-CEAA-3441,22,2021,yes,yes,yes,4,100348.89,452548.13,Los Angeles,Chase , Downtown LA,medium,high,"My recent interactions with the bank have been disappointing, particularly related to loan approval frustration. Customer support was slow to respond, and I encountered multiple obstacles while trying to resolve basic issues. The overall banking experience left much to be desired, pushing me to consider alternatives."
CWCV-2833-SMDN-0378,57,1994,no,no,no,0,81985.25,421752.65,Austin,Wells Fargo , Congress Avenue,low,medium,"I've had an excellent experience with the bank's seamless online banking. Their team is consistently supportive, and using their services has made managing my finances much easier. From digital banking to in-person interactions, everything feels smooth and efficient. I highly recommend their service to anyone looking for reliability."
TGIA-8734-OBGJ-8812,50,2019,no,yes,yes,2,145411.23,384578.44,Austin,Wells Fargo , Congress Avenue,high,low,"I've had an excellent experience with the bank's quick mortgage approval. Their team is consistently supportive, and using their services has made managing my finances much easier. From digital banking to in-person interactions, everything feels smooth and efficient. I highly recommend their service to anyone looking for reliability."
QXOE-7965-DAZW-3303,70,2004,yes,no,no,2,194409.4,44990.34,New York,Chase , 5th Avenue,low,medium,"I've had an excellent experience with the bank's mobile app convenience. Their team is consistently supportive, and using their services has made managing my finances much easier. From digital banking to in-person interactions, everything feels smooth and efficient. I highly recommend their service to anyone looking for reliability."
SPDM-4441-CAYP-3978,19,2024,yes,no,no,5,49811.05,15241.03,Boston,Bank of America , Boylston Street,high,low,"I've had an excellent experience with the bank's helpful financial advice. Their team is consistently supportive, and using their services has made managing my finances much easier. From digital banking to in-person interactions, everything feels smooth and efficient. I highly recommend their service to anyone looking for reliability."
TOEZ-9455-ZGCW-9528,77,1995,yes,yes,no,3,38891.61,26941.54,San Francisco,Bank of America , Embarcadero,high,low,"My recent interactions with the bank have been disappointing, particularly related to long branch lines. Customer support was slow to respond, and I encountered multiple obstacles while trying to resolve basic issues. The overall banking experience left much to be desired, pushing me to consider alternatives."
RDAS-6019-QQGU-0843,54,2013,no,no,no,0,203241.26,87490.31,San Francisco,Bank of America , Embarcadero,high,low,"I've had an excellent experience with the bank's mobile app convenience. Their team is consistently supportive, and using their services has made managing my finances much easier. From digital banking to in-person interactions, everything feels smooth and efficient. I highly recommend their service to anyone looking for reliability."
JZGH-8683-BURF-1371,73,2001,no,no,no,0,180300.82,298080.14,New York,Chase , 5th Avenue,medium,low,"I've had an excellent experience with the bank's mobile check deposits. Their team is consistently supportive, and using their services has made managing my finances much easier. From digital banking to in-person interactions, everything feels smooth and efficient. I highly recommend their service to anyone looking for reliability."
YJDA-2540-RLFO-4799,18,2025,yes,yes,no,1,208307.58,459728.11,Los Angeles,Chase , Downtown LA,medium,medium,"I've had an excellent experience with the bank's helpful financial advice. Their team is consistently supportive, and using their services has made managing my finances much easier. From digital banking to in-person interactions, everything feels smooth and efficient. I highly recommend their service to anyone looking for reliability."
AZMU-6064-BXVY-2015,37,2006,no,yes,yes,1,179377.15,237501.7,Seattle,Chase , Seattle Pike Street,low,low,"I've had an excellent experience with the bank's seamless online banking. Their team is consistently supportive, and using their services has made managing my finances much easier. From digital banking to in-person interactions, everything feels smooth and efficient. I highly recommend their service to anyone looking for reliability."
FTIO-1790-QROF-8482,72,1996,no,no,yes,1,201849.3,25288.78,Dallas,Wells Fargo , Main Street Dallas,high,medium,"I've had an excellent experience with the bank's seamless online banking. Their team is consistently supportive, and using their services has made managing my finances much easier. From digital banking to in-person interactions, everything feels smooth and efficient. I highly recommend their service to anyone looking for reliability."
SSGX-4600-KMCJ-1108,22,2021,no,yes,yes,5,147286.38,349966.94,Austin,Wells Fargo , Congress Avenue,high,high,"I've had an excellent experience with the bank's reward programs. Their team is consistently supportive, and using their services has made managing my finances much easier. From digital banking to in-person interactions, everything feels smooth and efficient. I highly recommend their service to anyone looking for reliability."
NBSX-4313-GBUS-7057,58,2005,yes,no,yes,2,75047.6,304424.61,Dallas,Wells Fargo , Main Street Dallas,low,high,"My experience with the bank has been generally fine, especially regarding average service quality. There have been occasional issues but nothing too disruptive. Service is functional and gets the job done. I wouldn't call it exceptional, but it certainly meets most of my banking needs without much hassle."
WINE-3340-DRIC-7512,81,2015,no,yes,yes,1,123863.22,219508.67,Dallas,Wells Fargo , Main Street Dallas,low,medium,"My recent interactions with the bank have been disappointing, particularly related to confusing mortgage process. Customer support was slow to respond, and I encountered multiple obstacles while trying to resolve basic issues. The overall banking experience left much to be desired, pushing me to consider alternatives."
JIZY-2812-YRCO-2977,55,1996,no,no,yes,1,65826.64,143327.52,Seattle,Chase , Seattle Pike Street,low,medium,"My experience with the bank has been generally fine, especially regarding no major issues. There have been occasional issues but nothing too disruptive. Service is functional and gets the job done. I wouldn't call it exceptional, but it certainly meets most of my banking needs without much hassle."
HIDC-2816-KXZX-2316,49,2004,yes,no,no,1,64569.82,344442.09,Austin,Wells Fargo , Congress Avenue,high,high,"My experience with the bank has been generally fine, especially regarding average online experience. There have been occasional issues but nothing too disruptive. Service is functional and gets the job done. I wouldn't call it exceptional, but it certainly meets most of my banking needs without much hassle."
USEN-1276-QGWA-8460,32,2018,yes,yes,no,1,222604.87,424060.77,Denver,Chase , Denver 16th Street,high,low,"My experience with the bank has been generally fine, especially regarding average online experience. There have been occasional issues but nothing too disruptive. Service is functional and gets the job done. I wouldn't call it exceptional, but it certainly meets most of my banking needs without much hassle."
RJNY-2176-OTCC-1867,24,2022,no,yes,yes,3,111524.35,420513.72,New York,Chase , 5th Avenue,high,high,"I've had an excellent experience with the bank's Zelle payment speed. Their team is consistently supportive, and using their services has made managing my finances much easier. From digital banking to in-person interactions, everything feels smooth and efficient. I highly recommend their service to anyone looking for reliability."
YCVG-0255-JQHY-8586,30,2024,yes,yes,no,5,179926.99,307604.74,New York,Chase , 5th Avenue,high,high,"My recent interactions with the bank have been disappointing, particularly related to loan approval frustration. Customer support was slow to respond, and I encountered multiple obstacles while trying to resolve basic issues. The overall banking experience left much to be desired, pushing me to consider alternatives."
OAJA-6688-EXWC-5706,75,1999,yes,yes,no,5,186774.83,268750.91,Boston,Bank of America , Boylston Street,high,high,"My recent interactions with the bank have been disappointing, particularly related to confusing mortgage process. Customer support was slow to respond, and I encountered multiple obstacles while trying to resolve basic issues. The overall banking experience left much to be desired, pushing me to consider alternatives."
DLUR-5074-JABC-2830,21,2022,no,no,no,0,47486.55,378916.33,Dallas,Wells Fargo , Main Street Dallas,medium,medium,"My recent interactions with the bank have been disappointing, particularly related to poor loyalty offers. Customer support was slow to respond, and I encountered multiple obstacles while trying to resolve basic issues. The overall banking experience left much to be desired, pushing me to consider alternatives."
ZILA-2458-AZVS-5953,74,2022,no,no,yes,4,55555.13,405935.14,Boston,Bank of America , Boylston Street,medium,high,"My experience with the bank has been generally fine, especially regarding standard credit card offers. There have been occasional issues but nothing too disruptive. Service is functional and gets the job done. I wouldn't call it exceptional, but it certainly meets most of my banking needs without much hassle."
DHYT-1212-WBAG-9326,58,2020,yes,yes,yes,3,147405.84,149777.84,New York,Chase , 5th Avenue,medium,low,"I've had an excellent experience with the bank's Zelle payment speed. Their team is consistently supportive, and using their services has made managing my finances much easier. From digital banking to in-person interactions, everything feels smooth and efficient. I highly recommend their service to anyone looking for reliability."
SINT-1922-NEHO-5249,81,2007,yes,no,yes,3,185658.28,196052.27,Miami,Wells Fargo , Brickell Avenue,high,medium,"I've had an excellent experience with the bank's helpful financial advice. Their team is consistently supportive, and using their services has made managing my finances much easier. From digital banking to in-person interactions, everything feels smooth and efficient. I highly recommend their service to anyone looking for reliability."
GZYT-2023-JOGR-4442,63,2004,yes,no,yes,4,114527.86,177305.02,New York,Chase , 5th Avenue,low,medium,"I've had an excellent experience with the bank's mobile app convenience. Their team is consistently supportive, and using their services has made managing my finances much easier. From digital banking to in-person interactions, everything feels smooth and efficient. I highly recommend their service to anyone looking for reliability."
MKYN-3067-ZMIL-2924,40,2021,no,yes,no,5,103685.91,53504.44,Boston,Bank of America , Boylston Street,medium,high,"My recent interactions with the bank have been disappointing, particularly related to credit card disputes delays. Customer support was slow to respond, and I encountered multiple obstacles while trying to resolve basic issues. The overall banking experience left much to be desired, pushing me to consider alternatives."
PSNM-0895-ESPM-9266,23,2020,no,no,no,0,73433.91,132415.69,Seattle,Chase , Seattle Pike Street,high,medium,"I've had an excellent experience with the bank's reward programs. Their team is consistently supportive, and using their services has made managing my finances much easier. From digital banking to in-person interactions, everything feels smooth and efficient. I highly recommend their service to anyone looking for reliability."
UICP-7218-FGRZ-7169,83,2009,yes,yes,no,5,50943.08,169008.96,New York,Chase , 5th Avenue,medium,low,"I've had an excellent experience with the bank's Zelle payment speed. Their team is consistently supportive, and using their services has made managing my finances much easier. From digital banking to in-person interactions, everything feels smooth and efficient. I highly recommend their service to anyone looking for reliability."
FCOT-8495-YVZV-2798,49,2016,no,yes,yes,4,242400.4,480077.04,Chicago,Bank of America , Magnificent Mile,low,medium,"I've had an excellent experience with the bank's mobile check deposits. Their team is consistently supportive, and using their services has made managing my finances much easier. From digital banking to in-person interactions, everything feels smooth and efficient. I highly recommend their service to anyone looking for reliability."
TWYZ-0778-EVQK-8005,82,2004,yes,no,yes,2,107869.3,75669.35,Boston,Bank of America , Boylston Street,high,medium,"I've had an excellent experience with the bank's helpful financial advice. Their team is consistently supportive, and using their services has made managing my finances much easier. From digital banking to in-person interactions, everything feels smooth and efficient. I highly recommend their service to anyone looking for reliability."
CIJI-8815-ILUR-1392,72,1991,yes,yes,no,4,65396.17,414848.13,Denver,Chase , Denver 16th Street,high,high,"My experience with the bank has been generally fine, especially regarding long wait times sometimes. There have been occasional issues but nothing too disruptive. Service is functional and gets the job done. I wouldn't call it exceptional, but it certainly meets most of my banking needs without much hassle."
CVAJ-6711-HZAV-4268,38,2005,no,yes,yes,1,126650.94,203816.25,Los Angeles,Chase , Downtown LA,low,medium,"I've had an excellent experience with the bank's mobile check deposits. Their team is consistently supportive, and using their services has made managing my finances much easier. From digital banking to in-person interactions, everything feels smooth and efficient. I highly recommend their service to anyone looking for reliability."
HKFS-3797-YFUP-8624,50,2010,yes,no,no,5,20153.76,82786.68,Chicago,Bank of America , Magnificent Mile,medium,medium,"I've had an excellent experience with the bank's mobile app convenience. Their team is consistently supportive, and using their services has made managing my finances much easier. From digital banking to in-person interactions, everything feels smooth and efficient. I highly recommend their service to anyone looking for reliability."
GWVO-0164-FMPI-2468,33,2010,no,no,yes,1,178798.42,136800.05,Austin,Wells Fargo , Congress Avenue,high,medium,"I've had an excellent experience with the bank's reward programs. Their team is consistently supportive, and using their services has made managing my finances much easier. From digital banking to in-person interactions, everything feels smooth and efficient. I highly recommend their service to anyone looking for reliability."
FSWC-5711-OPGO-2620,79,1994,yes,no,yes,4,142144.83,453776.56,Seattle,Chase , Seattle Pike Street,low,medium,"I've had an excellent experience with the bank's Zelle payment speed. Their team is consistently supportive, and using their services has made managing my finances much easier. From digital banking to in-person interactions, everything feels smooth and efficient. I highly recommend their service to anyone looking for reliability."
TGHC-5713-PHVO-7824,30,2013,yes,no,no,3,136488.32,497638.2,Austin,Wells Fargo , Congress Avenue,low,medium,"My experience with the bank has been generally fine, especially regarding good but glitchy app. There have been occasional issues but nothing too disruptive. Service is functional and gets the job done. I wouldn't call it exceptional, but it certainly meets most of my banking needs without much hassle."
HZZF-2885-IGBW-9639,66,2006,no,yes,no,5,160358.1,220173.32,Denver,Chase , Denver 16th Street,high,medium,"I've had an excellent experience with the bank's seamless online banking. Their team is consistently supportive, and using their services has made managing my finances much easier. From digital banking to in-person interactions, everything feels smooth and efficient. I highly recommend their service to anyone looking for reliability."
ABMO-0210-AXFO-5168,59,2011,no,no,yes,5,44167.45,67383.84,Denver,Chase , Denver 16th Street,high,high,"I've had an excellent experience with the bank's friendly customer service. Their team is consistently supportive, and using their services has made managing my finances much easier. From digital banking to in-person interactions, everything feels smooth and efficient. I highly recommend their service to anyone looking for reliability."
YORM-1771-RNWS-3318,64,2005,no,yes,no,5,31540.16,39303.16,Chicago,Bank of America , Magnificent Mile,high,high,"I've had an excellent experience with the bank's Zelle payment speed. Their team is consistently supportive, and using their services has made managing my finances much easier. From digital banking to in-person interactions, everything feels smooth and efficient. I highly recommend their service to anyone looking for reliability."
ORCB-5007-CBHD-9948,68,2003,no,no,yes,3,244328.09,323809.25,New York,Chase , 5th Avenue,low,high,"I've had an excellent experience with the bank's mobile check deposits. Their team is consistently supportive, and using their services has made managing my finances much easier. From digital banking to in-person interactions, everything feels smooth and efficient. I highly recommend their service to anyone looking for reliability."
AMWY-1401-KUTA-1712,65,1993,no,no,yes,5,20821.7,328032,Denver,Chase , Denver 16th Street,high,medium,"I've had an excellent experience with the bank's fraud protection efficiency. Their team is consistently supportive, and using their services has made managing my finances much easier. From digital banking to in-person interactions, everything feels smooth and efficient. I highly recommend their service to anyone looking for reliability."
RJGJ-5714-MILL-8640,50,2001,yes,no,no,3,175365.98,136985.85,Chicago,Bank of America , Magnificent Mile,high,high,"I've had an excellent experience with the bank's helpful financial advice. Their team is consistently supportive, and using their services has made managing my finances much easier. From digital banking to in-person interactions, everything feels smooth and efficient. I highly recommend their service to anyone looking for reliability."
ZLCE-8177-VAPV-5045,81,2016,yes,no,no,2,53029.88,410095.69,Denver,Chase , Denver 16th Street,medium,medium,"I've had an excellent experience with the bank's seamless online banking. Their team is consistently supportive, and using their services has made managing my finances much easier. From digital banking to in-person interactions, everything feels smooth and efficient. I highly recommend their service to anyone looking for reliability."
HRZB-0767-WACK-6216,74,2011,yes,no,no,2,241718.09,96143.76,Seattle,Chase , Seattle Pike Street,high,high,"I've had an excellent experience with the bank's Zelle payment speed. Their team is consistently supportive, and using their services has made managing my finances much easier. From digital banking to in-person interactions, everything feels smooth and efficient. I highly recommend their service to anyone looking for reliability."
VHPG-1264-PJKM-5481,49,2013,no,no,no,0,215757.73,92162.68,New York,Chase , 5th Avenue,medium,medium,"I've had an excellent experience with the bank's quick mortgage approval. Their team is consistently supportive, and using their services has made managing my finances much easier. From digital banking to in-person interactions, everything feels smooth and efficient. I highly recommend their service to anyone looking for reliability."
GFDH-1104-ZPIA-1330,68,2011,no,yes,yes,3,178276.25,337633.78,Dallas,Wells Fargo , Main Street Dallas,low,low,"I've had an excellent experience with the bank's friendly customer service. Their team is consistently supportive, and using their services has made managing my finances much easier. From digital banking to in-person interactions, everything feels smooth and efficient. I highly recommend their service to anyone looking for reliability."
UAIS-4086-WFCF-9811,55,2001,no,no,no,0,169311.37,155308.13,Miami,Wells Fargo , Brickell Avenue,low,medium,"I've had an excellent experience with the bank's quick mortgage approval. Their team is consistently supportive, and using their services has made managing my finances much easier. From digital banking to in-person interactions, everything feels smooth and efficient. I highly recommend their service to anyone looking for reliability."
KCOL-1747-VJTQ-4856,21,2022,yes,yes,no,5,246121.07,46150.08,Denver,Chase , Denver 16th Street,high,medium,"I've had an excellent experience with the bank's seamless online banking. Their team is consistently supportive, and using their services has made managing my finances much easier. From digital banking to in-person interactions, everything feels smooth and efficient. I highly recommend their service to anyone looking for reliability."
WIFO-0891-NHBT-2885,25,2018,yes,yes,no,4,136323.54,198040.48,Boston,Bank of America , Boylston Street,high,medium,"My experience with the bank has been generally fine, especially regarding mobile deposit takes time. There have been occasional issues but nothing too disruptive. Service is functional and gets the job done. I wouldn't call it exceptional, but it certainly meets most of my banking needs without much hassle."
XBUC-1891-QTQV-7383,28,2015,no,no,yes,2,119837.11,497108.01,Boston,Bank of America , Boylston Street,medium,medium,"I've had an excellent experience with the bank's easy credit card replacement. Their team is consistently supportive, and using their services has made managing my finances much easier. From digital banking to in-person interactions, everything feels smooth and efficient. I highly recommend their service to anyone looking for reliability."
CYYU-1098-EEJW-0398,27,2016,yes,yes,yes,1,139259.04,114403.78,Chicago,Bank of America , Magnificent Mile,medium,medium,"My recent interactions with the bank have been disappointing, particularly related to hidden banking fees. Customer support was slow to respond, and I encountered multiple obstacles while trying to resolve basic issues. The overall banking experience left much to be desired, pushing me to consider alternatives."
ODLH-8013-IPVW-1166,67,2024,yes,no,no,5,54668.85,491700.53,Los Angeles,Chase , Downtown LA,high,low,"I've had an excellent experience with the bank's fraud protection efficiency. Their team is consistently supportive, and using their services has made managing my finances much easier. From digital banking to in-person interactions, everything feels smooth and efficient. I highly recommend their service to anyone looking for reliability."
GBAJ-5767-QKVR-9595,47,2022,no,no,no,0,26080.03,337910.32,Dallas,Wells Fargo , Main Street Dallas,medium,medium,"I've had an excellent experience with the bank's friendly customer service. Their team is consistently supportive, and using their services has made managing my finances much easier. From digital banking to in-person interactions, everything feels smooth and efficient. I highly recommend their service to anyone looking for reliability."
PLPM-2509-TFNU-6425,54,2019,no,yes,yes,1,41179.86,472232.17,Dallas,Wells Fargo , Main Street Dallas,low,high,"My recent interactions with the bank have been disappointing, particularly related to app crashes during payment. Customer support was slow to respond, and I encountered multiple obstacles while trying to resolve basic issues. The overall banking experience left much to be desired, pushing me to consider alternatives."
SWDV-2491-MUFO-8361,80,1995,no,no,no,0,72080.61,146734.91,Austin,Wells Fargo , Congress Avenue,high,high,"I've had an excellent experience with the bank's helpful financial advice. Their team is consistently supportive, and using their services has made managing my finances much easier. From digital banking to in-person interactions, everything feels smooth and efficient. I highly recommend their service to anyone looking for reliability."
OPOK-3882-OEUI-3118,21,2022,no,yes,yes,3,98103.09,6307.79,Chicago,Bank of America , Magnificent Mile,high,low,"My experience with the bank has been generally fine, especially regarding good but glitchy app. There have been occasional issues but nothing too disruptive. Service is functional and gets the job done. I wouldn't call it exceptional, but it certainly meets most of my banking needs without much hassle."
XXQV-3379-HNOB-9798,49,1994,no,no,yes,4,105854.06,497164.98,Miami,Wells Fargo , Brickell Avenue,low,medium,"My experience with the bank has been generally fine, especially regarding mobile deposit takes time. There have been occasional issues but nothing too disruptive. Service is functional and gets the job done. I wouldn't call it exceptional, but it certainly meets most of my banking needs without much hassle."
XNOX-3977-IYVY-2178,52,2004,no,yes,no,2,23404.52,460416.27,Boston,Bank of America , Boylston Street,high,high,"My experience with the bank has been generally fine, especially regarding good but glitchy app. There have been occasional issues but nothing too disruptive. Service is functional and gets the job done. I wouldn't call it exceptional, but it certainly meets most of my banking needs without much hassle."
IZEH-0960-NBRG-2821,68,2018,no,no,yes,3,96154.99,86124.99,Miami,Wells Fargo , Brickell Avenue,medium,medium,"My experience with the bank has been generally fine, especially regarding long wait times sometimes. There have been occasional issues but nothing too disruptive. Service is functional and gets the job done. I wouldn't call it exceptional, but it certainly meets most of my banking needs without much hassle."
XMSX-6037-ITIN-0548,72,1993,yes,no,yes,3,156650.34,108721.35,San Francisco,Bank of America , Embarcadero,high,high,"I've had an excellent experience with the bank's reward programs. Their team is consistently supportive, and using their services has made managing my finances much easier. From digital banking to in-person interactions, everything feels smooth and efficient. I highly recommend their service to anyone looking for reliability."
UTCO-0140-TORR-6665,48,1997,yes,no,no,4,187805.17,401952.56,Miami,Wells Fargo , Brickell Avenue,high,high,"I've had an excellent experience with the bank's fraud protection efficiency. Their team is consistently supportive, and using their services has made managing my finances much easier. From digital banking to in-person interactions, everything feels smooth and efficient. I highly recommend their service to anyone looking for reliability."
VAAA-5005-FGLZ-8763,83,1999,yes,no,no,3,151012.17,66422.45,Seattle,Chase , Seattle Pike Street,medium,low,"My experience with the bank has been generally fine, especially regarding no major issues. There have been occasional issues but nothing too disruptive. Service is functional and gets the job done. I wouldn't call it exceptional, but it certainly meets most of my banking needs without much hassle."
WVVO-0631-VUAS-4208,50,2014,yes,yes,yes,5,246826.48,270223.51,Dallas,Wells Fargo , Main Street Dallas,medium,high,"I've had an excellent experience with the bank's quick mortgage approval. Their team is consistently supportive, and using their services has made managing my finances much easier. From digital banking to in-person interactions, everything feels smooth and efficient. I highly recommend their service to anyone looking for reliability."
VZNA-4459-NKRX-7824,34,2009,yes,no,yes,4,70334.47,284006.59,Dallas,Wells Fargo , Main Street Dallas,low,low,"I've had an excellent experience with the bank's reward programs. Their team is consistently supportive, and using their services has made managing my finances much easier. From digital banking to in-person interactions, everything feels smooth and efficient. I highly recommend their service to anyone looking for reliability."
EAYY-2094-HUUB-8492,81,1991,no,yes,yes,1,136514.06,257341.97,Miami,Wells Fargo , Brickell Avenue,low,high,"My recent interactions with the bank have been disappointing, particularly related to poor loyalty offers. Customer support was slow to respond, and I encountered multiple obstacles while trying to resolve basic issues. The overall banking experience left much to be desired, pushing me to consider alternatives."
HCVT-6184-VIQI-5231,39,2004,yes,yes,yes,1,58501.85,87864.57,Denver,Chase , Denver 16th Street,low,low,"My experience with the bank has been generally fine, especially regarding standard credit card offers. There have been occasional issues but nothing too disruptive. Service is functional and gets the job done. I wouldn't call it exceptional, but it certainly meets most of my banking needs without much hassle."
JSJC-4340-NDNB-0928,67,2019,no,no,yes,1,228859.58,253961.59,Miami,Wells Fargo , Brickell Avenue,high,high,"My recent interactions with the bank have been disappointing, particularly related to poor loyalty offers. Customer support was slow to respond, and I encountered multiple obstacles while trying to resolve basic issues. The overall banking experience left much to be desired, pushing me to consider alternatives."
WDEL-7058-GJVP-3324,67,1997,yes,yes,no,1,102577.77,398429.79,Boston,Bank of America , Boylston Street,medium,low,"My recent interactions with the bank have been disappointing, particularly related to slow fraud resolution. Customer support was slow to respond, and I encountered multiple obstacles while trying to resolve basic issues. The overall banking experience left much to be desired, pushing me to consider alternatives."
DLJE-6282-GMZX-3295,58,2005,yes,yes,no,2,113967.94,375537.57,Los Angeles,Chase , Downtown LA,high,high,"My experience with the bank has been generally fine, especially regarding average online experience. There have been occasional issues but nothing too disruptive. Service is functional and gets the job done. I wouldn't call it exceptional, but it certainly meets most of my banking needs without much hassle."
HGIJ-0467-THVE-4012,57,2016,no,yes,yes,4,61660.6,386547.34,Chicago,Bank of America , Magnificent Mile,low,medium,"I've had an excellent experience with the bank's fraud protection efficiency. Their team is consistently supportive, and using their services has made managing my finances much easier. From digital banking to in-person interactions, everything feels smooth and efficient. I highly recommend their service to anyone looking for reliability."
LHVY-0003-OCMB-8434,65,2007,no,no,no,0,92880.75,451469.69,Seattle,Chase , Seattle Pike Street,low,medium,"I've had an excellent experience with the bank's mobile app convenience. Their team is consistently supportive, and using their services has made managing my finances much easier. From digital banking to in-person interactions, everything feels smooth and efficient. I highly recommend their service to anyone looking for reliability."
GWZT-3948-NBZA-7359,72,2007,yes,yes,yes,5,107352.03,185484.23,Seattle,Chase , Seattle Pike Street,low,high,"My recent interactions with the bank have been disappointing, particularly related to hidden banking fees. Customer support was slow to respond, and I encountered multiple obstacles while trying to resolve basic issues. The overall banking experience left much to be desired, pushing me to consider alternatives."
GIBQ-7761-XIXR-0853,54,1990,no,no,yes,3,159317.85,461197.41,Miami,Wells Fargo , Brickell Avenue,high,medium,"My recent interactions with the bank have been disappointing, particularly related to credit card disputes delays. Customer support was slow to respond, and I encountered multiple obstacles while trying to resolve basic issues. The overall banking experience left much to be desired, pushing me to consider alternatives."
HCYB-8345-VOVN-0448,84,1990,no,yes,no,3,143835.17,147100.55,Denver,Chase , Denver 16th Street,low,medium,"My experience with the bank has been generally fine, especially regarding average service quality. There have been occasional issues but nothing too disruptive. Service is functional and gets the job done. I wouldn't call it exceptional, but it certainly meets most of my banking needs without much hassle."
HNAR-5942-VKGP-8347,69,2000,no,no,yes,4,70008.76,216724.52,Boston,Bank of America , Boylston Street,high,high,"My recent interactions with the bank have been disappointing, particularly related to confusing mortgage process. Customer support was slow to respond, and I encountered multiple obstacles while trying to resolve basic issues. The overall banking experience left much to be desired, pushing me to consider alternatives."
HZTT-9546-SPIM-4869,85,2021,yes,no,yes,2,203669.93,214377.16,Denver,Chase , Denver 16th Street,medium,medium,"I've had an excellent experience with the bank's Zelle payment speed. Their team is consistently supportive, and using their services has made managing my finances much easier. From digital banking to in-person interactions, everything feels smooth and efficient. I highly recommend their service to anyone looking for reliability."
KKWZ-5325-XTLI-3180,66,1991,yes,yes,yes,5,46184.75,440589.76,Miami,Wells Fargo , Brickell Avenue,medium,medium,"My experience with the bank has been generally fine, especially regarding ok rewards. There have been occasional issues but nothing too disruptive. Service is functional and gets the job done. I wouldn't call it exceptional, but it certainly meets most of my banking needs without much hassle."
JIZA-9441-LTZI-2807,41,2014,yes,no,yes,4,215873.44,380526.21,Boston,Bank of America , Boylston Street,high,medium,"My experience with the bank has been generally fine, especially regarding no major issues. There have been occasional issues but nothing too disruptive. Service is functional and gets the job done. I wouldn't call it exceptional, but it certainly meets most of my banking needs without much hassle."
NCXJ-2840-JMZR-4235,64,2011,no,yes,no,3,122375.77,353033.17,Chicago,Bank of America , Magnificent Mile,high,high,"I've had an excellent experience with the bank's Zelle payment speed. Their team is consistently supportive, and using their services has made managing my finances much easier. From digital banking to in-person interactions, everything feels smooth and efficient. I highly recommend their service to anyone looking for reliability."
OMZR-6737-MGRR-5199,67,2001,yes,yes,yes,2,36596.98,356385.05,Chicago,Bank of America , Magnificent Mile,medium,low,"My experience with the bank has been generally fine, especially regarding average online experience. There have been occasional issues but nothing too disruptive. Service is functional and gets the job done. I wouldn't call it exceptional, but it certainly meets most of my banking needs without much hassle."
LGKV-5646-QYRE-6301,38,2005,no,no,yes,3,27547.72,353566.47,Seattle,Chase , Seattle Pike Street,medium,high,"I've had an excellent experience with the bank's quick mortgage approval. Their team is consistently supportive, and using their services has made managing my finances much easier. From digital banking to in-person interactions, everything feels smooth and efficient. I highly recommend their service to anyone looking for reliability."
WFEJ-3191-UNES-2273,31,2012,no,no,no,0,89955.7,389751.15,San Francisco,Bank of America , Embarcadero,low,low,"I've had an excellent experience with the bank's quick mortgage approval. Their team is consistently supportive, and using their services has made managing my finances much easier. From digital banking to in-person interactions, everything feels smooth and efficient. I highly recommend their service to anyone looking for reliability."
MKFR-1220-HHXH-3141,64,2021,yes,yes,yes,2,163547.79,109778.65,Denver,Chase , Denver 16th Street,high,medium,"I've had an excellent experience with the bank's quick mortgage approval. Their team is consistently supportive, and using their services has made managing my finances much easier. From digital banking to in-person interactions, everything feels smooth and efficient. I highly recommend their service to anyone looking for reliability."
ASSF-8094-CSIH-7620,76,2000,yes,yes,no,3,248091.68,251549.34,Seattle,Chase , Seattle Pike Street,high,high,"I've had an excellent experience with the bank's mobile app convenience. Their team is consistently supportive, and using their services has made managing my finances much easier. From digital banking to in-person interactions, everything feels smooth and efficient. I highly recommend their service to anyone looking for reliability."
OERY-2649-COMW-1322,18,2025,yes,no,yes,1,176879.12,358538.38,San Francisco,Bank of America , Embarcadero,low,low,"My recent interactions with the bank have been disappointing, particularly related to loan approval frustration. Customer support was slow to respond, and I encountered multiple obstacles while trying to resolve basic issues. The overall banking experience left much to be desired, pushing me to consider alternatives."
OVMY-2941-ZDPW-6972,67,2024,no,yes,no,4,28845.6,175716.14,Chicago,Bank of America , Magnificent Mile,high,high,"I've had an excellent experience with the bank's friendly customer service. Their team is consistently supportive, and using their services has made managing my finances much easier. From digital banking to in-person interactions, everything feels smooth and efficient. I highly recommend their service to anyone looking for reliability."
MJDP-7194-ZIYQ-7524,65,1990,yes,no,yes,5,35250.81,92964.89,New York,Chase , 5th Avenue,low,high,"I've had an excellent experience with the bank's friendly customer service. Their team is consistently supportive, and using their services has made managing my finances much easier. From digital banking to in-person interactions, everything feels smooth and efficient. I highly recommend their service to anyone looking for reliability."
OFPE-5188-BQUY-2408,47,2018,yes,yes,yes,5,22714.59,35440.09,New York,Chase , 5th Avenue,medium,high,"My recent interactions with the bank have been disappointing, particularly related to app crashes during payment. Customer support was slow to respond, and I encountered multiple obstacles while trying to resolve basic issues. The overall banking experience left much to be desired, pushing me to consider alternatives."
QSZR-3224-RRKN-3265,18,2025,no,yes,no,4,182173.48,349563.42,San Francisco,Bank of America , Embarcadero,low,high,"My recent interactions with the bank have been disappointing, particularly related to long branch lines. Customer support was slow to respond, and I encountered multiple obstacles while trying to resolve basic issues. The overall banking experience left much to be desired, pushing me to consider alternatives."
PXUN-3223-HDRL-1687,77,2016,yes,no,no,1,154866.81,139514.27,Chicago,Bank of America , Magnificent Mile,medium,low,"My experience with the bank has been generally fine, especially regarding no major issues. There have been occasional issues but nothing too disruptive. Service is functional and gets the job done. I wouldn't call it exceptional, but it certainly meets most of my banking needs without much hassle."
SHVS-6307-CDSG-9598,83,1999,no,yes,no,4,34420.98,450848.27,Seattle,Chase , Seattle Pike Street,high,low,"My recent interactions with the bank have been disappointing, particularly related to poor customer service. Customer support was slow to respond, and I encountered multiple obstacles while trying to resolve basic issues. The overall banking experience left much to be desired, pushing me to consider alternatives."
NUJV-7396-YTOH-4642,23,2020,no,no,yes,5,58046.33,234136.03,New York,Chase , 5th Avenue,medium,low,"I've had an excellent experience with the bank's fraud protection efficiency. Their team is consistently supportive, and using their services has made managing my finances much easier. From digital banking to in-person interactions, everything feels smooth and efficient. I highly recommend their service to anyone looking for reliability."
OMVD-6463-PMTX-3366,85,2005,no,yes,no,4,29211.74,431022.1,San Francisco,Bank of America , Embarcadero,high,medium,"I've had an excellent experience with the bank's reward programs. Their team is consistently supportive, and using their services has made managing my finances much easier. From digital banking to in-person interactions, everything feels smooth and efficient. I highly recommend their service to anyone looking for reliability."
TWFX-6024-HWNP-4233,75,2002,yes,no,no,4,133294.26,273581.23,New York,Chase , 5th Avenue,low,medium,"My recent interactions with the bank have been disappointing, particularly related to hidden banking fees. Customer support was slow to respond, and I encountered multiple obstacles while trying to resolve basic issues. The overall banking experience left much to be desired, pushing me to consider alternatives."
JANC-7075-MKPB-8309,69,1998,yes,no,no,3,119696.28,222166.75,Los Angeles,Chase , Downtown LA,medium,high,"I've had an excellent experience with the bank's reward programs. Their team is consistently supportive, and using their services has made managing my finances much easier. From digital banking to in-person interactions, everything feels smooth and efficient. I highly recommend their service to anyone looking for reliability."
KDVZ-4436-GLHY-1161,75,2011,no,yes,no,3,52472.1,282285.52,New York,Chase , 5th Avenue,high,low,"I've had an excellent experience with the bank's fraud protection efficiency. Their team is consistently supportive, and using their services has made managing my finances much easier. From digital banking to in-person interactions, everything feels smooth and efficient. I highly recommend their service to anyone looking for reliability."
CRZQ-7262-WUSX-0150,60,2010,yes,yes,no,5,179461.74,365309.94,Denver,Chase , Denver 16th Street,high,high,"I've had an excellent experience with the bank's helpful financial advice. Their team is consistently supportive, and using their services has made managing my finances much easier. From digital banking to in-person interactions, everything feels smooth and efficient. I highly recommend their service to anyone looking for reliability."
SDVZ-5215-JKJT-3794,28,2015,no,no,yes,4,246775.85,9548.3,Miami,Wells Fargo , Brickell Avenue,medium,medium,"I've had an excellent experience with the bank's friendly customer service. Their team is consistently supportive, and using their services has made managing my finances much easier. From digital banking to in-person interactions, everything feels smooth and efficient. I highly recommend their service to anyone looking for reliability."
VRKV-6093-XZQP-9407,24,2019,yes,yes,no,5,160930.89,459688.63,Austin,Wells Fargo , Congress Avenue,medium,medium,"My recent interactions with the bank have been disappointing, particularly related to hidden banking fees. Customer support was slow to respond, and I encountered multiple obstacles while trying to resolve basic issues. The overall banking experience left much to be desired, pushing me to consider alternatives."
QBVF-7539-TSTI-6842,18,2025,yes,yes,no,2,199459.39,450048.9,Miami,Wells Fargo , Brickell Avenue,medium,low,"My recent interactions with the bank have been disappointing, particularly related to unreliable mobile app. Customer support was slow to respond, and I encountered multiple obstacles while trying to resolve basic issues. The overall banking experience left much to be desired, pushing me to consider alternatives."
WSUI-5769-GQFR-7862,24,2019,no,yes,no,1,217763.56,465250.7,New York,Chase , 5th Avenue,medium,high,"I've had an excellent experience with the bank's seamless online banking. Their team is consistently supportive, and using their services has made managing my finances much easier. From digital banking to in-person interactions, everything feels smooth and efficient. I highly recommend their service to anyone looking for reliability."
FBWE-0242-EGHI-1086,61,1992,no,no,yes,3,38474.87,221471.12,Denver,Chase , Denver 16th Street,low,low,"I've had an excellent experience with the bank's Zelle payment speed. Their team is consistently supportive, and using their services has made managing my finances much easier. From digital banking to in-person interactions, everything feels smooth and efficient. I highly recommend their service to anyone looking for reliability."
CNCD-6286-JRTO-8369,24,2019,no,yes,yes,5,191484.09,32881.43,Austin,Wells Fargo , Congress Avenue,low,medium,"My experience with the bank has been generally fine, especially regarding no major issues. There have been occasional issues but nothing too disruptive. Service is functional and gets the job done. I wouldn't call it exceptional, but it certainly meets most of my banking needs without much hassle."
TYIC-9428-OVGP-0917,45,2009,yes,yes,yes,1,80197.03,63028.25,Dallas,Wells Fargo , Main Street Dallas,low,low,"My recent interactions with the bank have been disappointing, particularly related to confusing mortgage process. Customer support was slow to respond, and I encountered multiple obstacles while trying to resolve basic issues. The overall banking experience left much to be desired, pushing me to consider alternatives."
VODZ-6918-JRGH-4867,54,1994,yes,no,yes,1,247764.13,168405.37,Seattle,Chase , Seattle Pike Street,high,high,"I've had an excellent experience with the bank's helpful financial advice. Their team is consistently supportive, and using their services has made managing my finances much easier. From digital banking to in-person interactions, everything feels smooth and efficient. I highly recommend their service to anyone looking for reliability."
IPWU-0962-VTAY-4001,62,2005,no,no,yes,3,99916.31,35330.84,Chicago,Bank of America , Magnificent Mile,low,medium,"My experience with the bank has been generally fine, especially regarding basic fraud alerts. There have been occasional issues but nothing too disruptive. Service is functional and gets the job done. I wouldn't call it exceptional, but it certainly meets most of my banking needs without much hassle."
UGCW-4520-WCUV-1649,19,2024,no,no,yes,2,143482.8,358564.41,Austin,Wells Fargo , Congress Avenue,medium,medium,"My experience with the bank has been generally fine, especially regarding ordinary mortgage process. There have been occasional issues but nothing too disruptive. Service is functional and gets the job done. I wouldn't call it exceptional, but it certainly meets most of my banking needs without much hassle."
IASF-0336-TYPT-3282,79,2022,no,yes,yes,5,60553.67,424139.02,New York,Chase , 5th Avenue,medium,high,"My recent interactions with the bank have been disappointing, particularly related to credit card disputes delays. Customer support was slow to respond, and I encountered multiple obstacles while trying to resolve basic issues. The overall banking experience left much to be desired, pushing me to consider alternatives."
OTRS-8432-BSFV-8608,18,2025,no,no,no,0,93530.96,4024.97,San Francisco,Bank of America , Embarcadero,low,high,"I've had an excellent experience with the bank's mobile app convenience. Their team is consistently supportive, and using their services has made managing my finances much easier. From digital banking to in-person interactions, everything feels smooth and efficient. I highly recommend their service to anyone looking for reliability."
FJOL-5396-EHCT-9175,81,2003,no,no,no,0,226228.33,91822.45,San Francisco,Bank of America , Embarcadero,low,medium,"I've had an excellent experience with the bank's friendly customer service. Their team is consistently supportive, and using their services has made managing my finances much easier. From digital banking to in-person interactions, everything feels smooth and efficient. I highly recommend their service to anyone looking for reliability."
WNEE-2617-TKWC-5943,25,2018,yes,yes,yes,2,92792.05,47624.45,Boston,Bank of America , Boylston Street,low,high,"I've had an excellent experience with the bank's quick mortgage approval. Their team is consistently supportive, and using their services has made managing my finances much easier. From digital banking to in-person interactions, everything feels smooth and efficient. I highly recommend their service to anyone looking for reliability."
ROUD-8479-EATI-1070,71,1992,no,yes,yes,5,194611.78,270506.93,New York,Chase , 5th Avenue,medium,high,"My experience with the bank has been generally fine, especially regarding average service quality. There have been occasional issues but nothing too disruptive. Service is functional and gets the job done. I wouldn't call it exceptional, but it certainly meets most of my banking needs without much hassle."
PADM-2035-ZIMA-5945,37,2006,yes,no,no,3,66686.85,68040.54,Dallas,Wells Fargo , Main Street Dallas,low,medium,"I've had an excellent experience with the bank's mobile app convenience. Their team is consistently supportive, and using their services has made managing my finances much easier. From digital banking to in-person interactions, everything feels smooth and efficient. I highly recommend their service to anyone looking for reliability."
GTGF-9440-WDRF-1539,75,2010,yes,yes,yes,4,188182.46,385533.02,San Francisco,Bank of America , Embarcadero,medium,low,"I've had an excellent experience with the bank's fraud protection efficiency. Their team is consistently supportive, and using their services has made managing my finances much easier. From digital banking to in-person interactions, everything feels smooth and efficient. I highly recommend their service to anyone looking for reliability."
XNCG-9987-XXTX-6245,48,2016,yes,yes,yes,3,101960.34,260330.38,Seattle,Chase , Seattle Pike Street,low,medium,"I've had an excellent experience with the bank's easy credit card replacement. Their team is consistently supportive, and using their services has made managing my finances much easier. From digital banking to in-person interactions, everything feels smooth and efficient. I highly recommend their service to anyone looking for reliability."
OQMY-9395-EYFR-9519,34,2009,no,yes,yes,2,212835.63,112824.89,Austin,Wells Fargo , Congress Avenue,high,low,"I've had an excellent experience with the bank's mobile app convenience. Their team is consistently supportive, and using their services has made managing my finances much easier. From digital banking to in-person interactions, everything feels smooth and efficient. I highly recommend their service to anyone looking for reliability."
IHLN-0849-NBEV-7075,39,2004,yes,yes,no,4,199633.94,261126.99,Chicago,Bank of America , Magnificent Mile,medium,high,"I've had an excellent experience with the bank's seamless online banking. Their team is consistently supportive, and using their services has made managing my finances much easier. From digital banking to in-person interactions, everything feels smooth and efficient. I highly recommend their service to anyone looking for reliability."
XJST-7729-JMXJ-4562,30,2017,yes,yes,no,1,140849.68,166157.87,New York,Chase , 5th Avenue,high,low,"My recent interactions with the bank have been disappointing, particularly related to app crashes during payment. Customer support was slow to respond, and I encountered multiple obstacles while trying to resolve basic issues. The overall banking experience left much to be desired, pushing me to consider alternatives."
ZVYN-6655-MTED-6853,77,2020,yes,yes,no,4,136439.55,354414.86,Denver,Chase , Denver 16th Street,medium,low,"I've had an excellent experience with the bank's mobile check deposits. Their team is consistently supportive, and using their services has made managing my finances much easier. From digital banking to in-person interactions, everything feels smooth and efficient. I highly recommend their service to anyone looking for reliability."
RYZN-8349-IDGD-6793,45,1998,no,yes,no,1,203870.87,138055.49,Austin,Wells Fargo , Congress Avenue,medium,low,"My experience with the bank has been generally fine, especially regarding ordinary mortgage process. There have been occasional issues but nothing too disruptive. Service is functional and gets the job done. I wouldn't call it exceptional, but it certainly meets most of my banking needs without much hassle."
OPLD-4296-VIFB-3529,39,2020,yes,yes,yes,1,144531.96,307520.95,Miami,Wells Fargo , Brickell Avenue,high,low,"My experience with the bank has been generally fine, especially regarding good but glitchy app. There have been occasional issues but nothing too disruptive. Service is functional and gets the job done. I wouldn't call it exceptional, but it certainly meets most of my banking needs without much hassle."
TNZI-2395-ANMA-4726,25,2018,yes,no,no,3,247039.7,327416.84,Los Angeles,Chase , Downtown LA,high,low,"I've had an excellent experience with the bank's quick mortgage approval. Their team is consistently supportive, and using their services has made managing my finances much easier. From digital banking to in-person interactions, everything feels smooth and efficient. I highly recommend their service to anyone looking for reliability."
CMZS-6042-GKQP-5300,26,2017,no,yes,yes,5,44735.25,313651.39,Boston,Bank of America , Boylston Street,low,low,"My recent interactions with the bank have been disappointing, particularly related to poor customer service. Customer support was slow to respond, and I encountered multiple obstacles while trying to resolve basic issues. The overall banking experience left much to be desired, pushing me to consider alternatives."
NOLF-5088-WPOA-4018,24,2019,yes,yes,yes,1,183480.79,249013.51,New York,Chase , 5th Avenue,low,high,"My recent interactions with the bank have been disappointing, particularly related to credit card disputes delays. Customer support was slow to respond, and I encountered multiple obstacles while trying to resolve basic issues. The overall banking experience left much to be desired, pushing me to consider alternatives."
KIET-7560-HEZY-6396,42,2001,yes,yes,no,2,223288.93,203579,Miami,Wells Fargo , Brickell Avenue,medium,low,"I've had an excellent experience with the bank's fraud protection efficiency. Their team is consistently supportive, and using their services has made managing my finances much easier. From digital banking to in-person interactions, everything feels smooth and efficient. I highly recommend their service to anyone looking for reliability."
XZQW-9868-MDIF-9250,62,2004,no,no,no,0,108502.66,292281.1,New York,Chase , 5th Avenue,high,high,"My recent interactions with the bank have been disappointing, particularly related to long branch lines. Customer support was slow to respond, and I encountered multiple obstacles while trying to resolve basic issues. The overall banking experience left much to be desired, pushing me to consider alternatives."
SARQ-2350-RFZG-7691,20,2023,yes,no,yes,3,85156.42,432594.56,Los Angeles,Chase , Downtown LA,low,low,"I've had an excellent experience with the bank's friendly customer service. Their team is consistently supportive, and using their services has made managing my finances much easier. From digital banking to in-person interactions, everything feels smooth and efficient. I highly recommend their service to anyone looking for reliability."
XMHA-4241-EFVQ-6760,45,1998,yes,no,yes,5,142184.88,137952.85,Denver,Chase , Denver 16th Street,high,medium,"My recent interactions with the bank have been disappointing, particularly related to poor loyalty offers. Customer support was slow to respond, and I encountered multiple obstacles while trying to resolve basic issues. The overall banking experience left much to be desired, pushing me to consider alternatives."
HKDP-7355-YSVO-0614,28,2015,yes,no,no,4,132755.49,183446.24,Seattle,Chase , Seattle Pike Street,high,medium,"I've had an excellent experience with the bank's quick mortgage approval. Their team is consistently supportive, and using their services has made managing my finances much easier. From digital banking to in-person interactions, everything feels smooth and efficient. I highly recommend their service to anyone looking for reliability."
GVXD-0561-RCVX-5072,23,2020,yes,no,yes,4,149027.07,402090.93,Seattle,Chase , Seattle Pike Street,medium,medium,"I've had an excellent experience with the bank's Zelle payment speed. Their team is consistently supportive, and using their services has made managing my finances much easier. From digital banking to in-person interactions, everything feels smooth and efficient. I highly recommend their service to anyone looking for reliability."
LGGH-2133-LYWY-5333,54,2006,no,yes,no,3,107006.32,98173.59,New York,Chase , 5th Avenue,medium,high,"I've had an excellent experience with the bank's mobile check deposits. Their team is consistently supportive, and using their services has made managing my finances much easier. From digital banking to in-person interactions, everything feels smooth and efficient. I highly recommend their service to anyone looking for reliability."
YRTB-0747-BJBU-1962,71,2012,yes,no,no,1,121599.6,64737.89,Los Angeles,Chase , Downtown LA,low,medium,"My recent interactions with the bank have been disappointing, particularly related to credit card disputes delays. Customer support was slow to respond, and I encountered multiple obstacles while trying to resolve basic issues. The overall banking experience left much to be desired, pushing me to consider alternatives."
NRTE-2400-UEMR-6498,29,2014,yes,no,yes,3,171384.18,459817.58,Chicago,Bank of America , Magnificent Mile,high,medium,"I've had an excellent experience with the bank's friendly customer service. Their team is consistently supportive, and using their services has made managing my finances much easier. From digital banking to in-person interactions, everything feels smooth and efficient. I highly recommend their service to anyone looking for reliability."
URYN-6070-TKRF-8684,52,1999,yes,yes,no,4,238337.19,308849.63,Boston,Bank of America , Boylston Street,high,high,"My recent interactions with the bank have been disappointing, particularly related to app crashes during payment. Customer support was slow to respond, and I encountered multiple obstacles while trying to resolve basic issues. The overall banking experience left much to be desired, pushing me to consider alternatives."
HTCN-9748-ZGIL-4211,57,1995,no,no,yes,1,146530.82,402498.97,Seattle,Chase , Seattle Pike Street,low,high,"I've had an excellent experience with the bank's easy credit card replacement. Their team is consistently supportive, and using their services has made managing my finances much easier. From digital banking to in-person interactions, everything feels smooth and efficient. I highly recommend their service to anyone looking for reliability."
LZUM-5086-XHFG-0706,64,1993,no,yes,yes,1,76274.38,101153.44,Dallas,Wells Fargo , Main Street Dallas,low,high,"I've had an excellent experience with the bank's quick mortgage approval. Their team is consistently supportive, and using their services has made managing my finances much easier. From digital banking to in-person interactions, everything feels smooth and efficient. I highly recommend their service to anyone looking for reliability."
KFGV-1132-FFEX-5665,64,2023,no,no,yes,2,245332.39,133538.09,Los Angeles,Chase , Downtown LA,medium,high,"I've had an excellent experience with the bank's friendly customer service. Their team is consistently supportive, and using their services has made managing my finances much easier. From digital banking to in-person interactions, everything feels smooth and efficient. I highly recommend their service to anyone looking for reliability."
QLNZ-3864-VNXV-6118,52,2021,no,no,no,0,182344.99,360276.01,Seattle,Chase , Seattle Pike Street,medium,high,"My recent interactions with the bank have been disappointing, particularly related to confusing mortgage process. Customer support was slow to respond, and I encountered multiple obstacles while trying to resolve basic issues. The overall banking experience left much to be desired, pushing me to consider alternatives."
MDVZ-2310-QXVS-2886,48,2017,no,no,no,0,105864.92,364066.73,San Francisco,Bank of America , Embarcadero,high,medium,"I've had an excellent experience with the bank's fraud protection efficiency. Their team is consistently supportive, and using their services has made managing my finances much easier. From digital banking to in-person interactions, everything feels smooth and efficient. I highly recommend their service to anyone looking for reliability."
IZFV-0690-GWAZ-8813,53,1998,yes,yes,no,2,101935.69,267743.21,Miami,Wells Fargo , Brickell Avenue,low,high,"I've had an excellent experience with the bank's easy credit card replacement. Their team is consistently supportive, and using their services has made managing my finances much easier. From digital banking to in-person interactions, everything feels smooth and efficient. I highly recommend their service to anyone looking for reliability."
VSVC-6815-PYDU-5875,83,1995,no,yes,no,4,48509.91,393263.69,San Francisco,Bank of America , Embarcadero,medium,high,"My experience with the bank has been generally fine, especially regarding average online experience. There have been occasional issues but nothing too disruptive. Service is functional and gets the job done. I wouldn't call it exceptional, but it certainly meets most of my banking needs without much hassle."
TSGK-2710-YDYN-6805,75,2001,yes,yes,yes,3,219477.2,138091.94,Seattle,Chase , Seattle Pike Street,low,medium,"I've had an excellent experience with the bank's reward programs. Their team is consistently supportive, and using their services has made managing my finances much easier. From digital banking to in-person interactions, everything feels smooth and efficient. I highly recommend their service to anyone looking for reliability."
RNFR-4228-WHPK-9580,41,2014,yes,no,yes,5,239109.38,325332.58,Denver,Chase , Denver 16th Street,high,low,"I've had an excellent experience with the bank's reward programs. Their team is consistently supportive, and using their services has made managing my finances much easier. From digital banking to in-person interactions, everything feels smooth and efficient. I highly recommend their service to anyone looking for reliability."
EZMM-5244-QWOQ-9104,32,2011,no,no,yes,5,205254.41,226402.59,Los Angeles,Chase , Downtown LA,medium,low,"I've had an excellent experience with the bank's seamless online banking. Their team is consistently supportive, and using their services has made managing my finances much easier. From digital banking to in-person interactions, everything feels smooth and efficient. I highly recommend their service to anyone looking for reliability."
XPZN-5444-THAE-7113,20,2023,yes,no,no,1,48390.86,60123.63,Austin,Wells Fargo , Congress Avenue,medium,high,"I've had an excellent experience with the bank's friendly customer service. Their team is consistently supportive, and using their services has made managing my finances much easier. From digital banking to in-person interactions, everything feels smooth and efficient. I highly recommend their service to anyone looking for reliability."
KCKB-9473-OTDO-7966,53,2010,yes,yes,no,5,80649.64,448130.58,Boston,Bank of America , Boylston Street,medium,high,"I've had an excellent experience with the bank's friendly customer service. Their team is consistently supportive, and using their services has made managing my finances much easier. From digital banking to in-person interactions, everything feels smooth and efficient. I highly recommend their service to anyone looking for reliability."
IWJN-3256-KDTV-8226,81,1993,yes,no,yes,5,241745.26,434846.82,Austin,Wells Fargo , Congress Avenue,high,low,"I've had an excellent experience with the bank's reward programs. Their team is consistently supportive, and using their services has made managing my finances much easier. From digital banking to in-person interactions, everything feels smooth and efficient. I highly recommend their service to anyone looking for reliability."
ASYB-4178-KYKH-4482,36,2007,no,no,no,0,150666.61,200152.5,Boston,Bank of America , Boylston Street,medium,medium,"I've had an excellent experience with the bank's fraud protection efficiency. Their team is consistently supportive, and using their services has made managing my finances much easier. From digital banking to in-person interactions, everything feels smooth and efficient. I highly recommend their service to anyone looking for reliability."
ICHI-1485-XVNE-3923,18,2025,no,yes,yes,5,179562.5,407645.55,Los Angeles,Chase , Downtown LA,medium,high,"I've had an excellent experience with the bank's Zelle payment speed. Their team is consistently supportive, and using their services has made managing my finances much easier. From digital banking to in-person interactions, everything feels smooth and efficient. I highly recommend their service to anyone looking for reliability."
PKFF-3076-MGEQ-4645,59,2023,yes,yes,yes,1,128703.56,341209.22,Miami,Wells Fargo , Brickell Avenue,high,low,"I've had an excellent experience with the bank's fraud protection efficiency. Their team is consistently supportive, and using their services has made managing my finances much easier. From digital banking to in-person interactions, everything feels smooth and efficient. I highly recommend their service to anyone looking for reliability."
RTFX-6080-JVKC-0020,58,2019,yes,yes,no,3,156990.6,113354.58,Miami,Wells Fargo , Brickell Avenue,high,high,"I've had an excellent experience with the bank's quick mortgage approval. Their team is consistently supportive, and using their services has made managing my finances much easier. From digital banking to in-person interactions, everything feels smooth and efficient. I highly recommend their service to anyone looking for reliability."
WZVK-3090-XFHF-0228,68,2023,yes,no,yes,3,61637.98,99057.8,Miami,Wells Fargo , Brickell Avenue,high,medium,"My recent interactions with the bank have been disappointing, particularly related to credit card disputes delays. Customer support was slow to respond, and I encountered multiple obstacles while trying to resolve basic issues. The overall banking experience left much to be desired, pushing me to consider alternatives."
ZTGK-7898-SGHX-8287,84,2015,yes,yes,yes,4,185669.77,427972.6,San Francisco,Bank of America , Embarcadero,low,medium,"My recent interactions with the bank have been disappointing, particularly related to unreliable mobile app. Customer support was slow to respond, and I encountered multiple obstacles while trying to resolve basic issues. The overall banking experience left much to be desired, pushing me to consider alternatives."
BZJH-1425-WWVF-7273,63,2003,yes,yes,yes,1,165385.11,385428.91,Chicago,Bank of America , Magnificent Mile,medium,low,"My recent interactions with the bank have been disappointing, particularly related to app crashes during payment. Customer support was slow to respond, and I encountered multiple obstacles while trying to resolve basic issues. The overall banking experience left much to be desired, pushing me to consider alternatives."
IFGD-8574-CGED-6715,40,2003,no,no,no,0,177970.79,447200.98,Denver,Chase , Denver 16th Street,low,medium,"I've had an excellent experience with the bank's helpful financial advice. Their team is consistently supportive, and using their services has made managing my finances much easier. From digital banking to in-person interactions, everything feels smooth and efficient. I highly recommend their service to anyone looking for reliability."
MEKY-8534-JAIJ-4647,72,2017,yes,no,yes,3,108317.56,453699,Los Angeles,Chase , Downtown LA,high,medium,"I've had an excellent experience with the bank's easy credit card replacement. Their team is consistently supportive, and using their services has made managing my finances much easier. From digital banking to in-person interactions, everything feels smooth and efficient. I highly recommend their service to anyone looking for reliability."
WEDM-0060-KCXB-1235,67,2021,yes,yes,yes,3,24064.98,7079.73,New York,Chase , 5th Avenue,low,low,"My experience with the bank has been generally fine, especially regarding good but glitchy app. There have been occasional issues but nothing too disruptive. Service is functional and gets the job done. I wouldn't call it exceptional, but it certainly meets most of my banking needs without much hassle."
JRPH-1595-RERQ-6238,46,2001,yes,no,no,5,194080.53,267066.18,Seattle,Chase , Seattle Pike Street,medium,medium,"I've had an excellent experience with the bank's fraud protection efficiency. Their team is consistently supportive, and using their services has made managing my finances much easier. From digital banking to in-person interactions, everything feels smooth and efficient. I highly recommend their service to anyone looking for reliability."
GDIJ-8292-ORAU-1496,74,2006,yes,yes,yes,1,245805.79,491235.81,Austin,Wells Fargo , Congress Avenue,low,low,"I've had an excellent experience with the bank's fraud protection efficiency. Their team is consistently supportive, and using their services has made managing my finances much easier. From digital banking to in-person interactions, everything feels smooth and efficient. I highly recommend their service to anyone looking for reliability."
ZHGB-7312-SOXE-0842,55,2006,yes,no,yes,5,206686.4,495406.21,Boston,Bank of America , Boylston Street,high,low,"I've had an excellent experience with the bank's friendly customer service. Their team is consistently supportive, and using their services has made managing my finances much easier. From digital banking to in-person interactions, everything feels smooth and efficient. I highly recommend their service to anyone looking for reliability."
YHXZ-9604-YMQD-5851,69,1993,no,yes,no,1,102323.8,24654.47,Chicago,Bank of America , Magnificent Mile,medium,low,"My recent interactions with the bank have been disappointing, particularly related to app crashes during payment. Customer support was slow to respond, and I encountered multiple obstacles while trying to resolve basic issues. The overall banking experience left much to be desired, pushing me to consider alternatives."
JOGW-3232-ZMMT-7128,32,2024,yes,no,no,5,201350.96,137889.85,Austin,Wells Fargo , Congress Avenue,low,low,"I've had an excellent experience with the bank's friendly customer service. Their team is consistently supportive, and using their services has made managing my finances much easier. From digital banking to in-person interactions, everything feels smooth and efficient. I highly recommend their service to anyone looking for reliability."
RGLF-2721-JQGH-0755,47,2009,yes,no,yes,3,223792.48,35868.55,Austin,Wells Fargo , Congress Avenue,medium,low,"My recent interactions with the bank have been disappointing, particularly related to app crashes during payment. Customer support was slow to respond, and I encountered multiple obstacles while trying to resolve basic issues. The overall banking experience left much to be desired, pushing me to consider alternatives."
UIXQ-5159-YWFW-7079,83,2008,no,yes,no,5,100863.13,31628.77,Seattle,Chase , Seattle Pike Street,high,medium,"My recent interactions with the bank have been disappointing, particularly related to long branch lines. Customer support was slow to respond, and I encountered multiple obstacles while trying to resolve basic issues. The overall banking experience left much to be desired, pushing me to consider alternatives."
HOLV-0689-WTUL-9297,58,2006,yes,yes,yes,2,35322.32,488676.99,Austin,Wells Fargo , Congress Avenue,medium,low,"I've had an excellent experience with the bank's fraud protection efficiency. Their team is consistently supportive, and using their services has made managing my finances much easier. From digital banking to in-person interactions, everything feels smooth and efficient. I highly recommend their service to anyone looking for reliability."
DGIQ-7216-IQAM-7594,60,2017,no,yes,yes,4,184410.68,296212.54,Miami,Wells Fargo , Brickell Avenue,low,high,"My experience with the bank has been generally fine, especially regarding basic fraud alerts. There have been occasional issues but nothing too disruptive. Service is functional and gets the job done. I wouldn't call it exceptional, but it certainly meets most of my banking needs without much hassle."
FUXK-1921-BKVL-7535,81,2012,yes,yes,no,4,205632.82,9080.08,San Francisco,Bank of America , Embarcadero,low,medium,"I've had an excellent experience with the bank's helpful financial advice. Their team is consistently supportive, and using their services has made managing my finances much easier. From digital banking to in-person interactions, everything feels smooth and efficient. I highly recommend their service to anyone looking for reliability."
QBHK-9201-BDRB-1609,27,2021,yes,yes,yes,1,87258.03,470400.38,Chicago,Bank of America , Magnificent Mile,high,low,"My recent interactions with the bank have been disappointing, particularly related to long branch lines. Customer support was slow to respond, and I encountered multiple obstacles while trying to resolve basic issues. The overall banking experience left much to be desired, pushing me to consider alternatives."
MJOX-8403-GOLG-7514,77,2024,no,no,yes,4,239399.4,237283.23,Seattle,Chase , Seattle Pike Street,low,low,"My experience with the bank has been generally fine, especially regarding mobile deposit takes time. There have been occasional issues but nothing too disruptive. Service is functional and gets the job done. I wouldn't call it exceptional, but it certainly meets most of my banking needs without much hassle."
KBFI-1079-LYXU-3060,47,1996,yes,yes,no,5,106509.81,382320.32,Seattle,Chase , Seattle Pike Street,medium,medium,"My experience with the bank has been generally fine, especially regarding ok rewards. There have been occasional issues but nothing too disruptive. Service is functional and gets the job done. I wouldn't call it exceptional, but it certainly meets most of my banking needs without much hassle."
AYOE-7343-IPSC-5357,78,2024,no,no,yes,5,234952.81,470352.31,Denver,Chase , Denver 16th Street,high,high,"My experience with the bank has been generally fine, especially regarding no major issues. There have been occasional issues but nothing too disruptive. Service is functional and gets the job done. I wouldn't call it exceptional, but it certainly meets most of my banking needs without much hassle."
GUHW-2445-CGUU-7479,29,2014,no,no,yes,4,239146.04,336056.75,Dallas,Wells Fargo , Main Street Dallas,high,high,"I've had an excellent experience with the bank's friendly customer service. Their team is consistently supportive, and using their services has made managing my finances much easier. From digital banking to in-person interactions, everything feels smooth and efficient. I highly recommend their service to anyone looking for reliability."
RJLA-9640-DTER-9482,33,2010,yes,yes,yes,4,31274.47,421082.45,San Francisco,Bank of America , Embarcadero,medium,medium,"I've had an excellent experience with the bank's easy credit card replacement. Their team is consistently supportive, and using their services has made managing my finances much easier. From digital banking to in-person interactions, everything feels smooth and efficient. I highly recommend their service to anyone looking for reliability."
GFUF-9209-EYPK-0146,76,2008,no,yes,yes,3,47965.91,484084.79,Seattle,Chase , Seattle Pike Street,medium,medium,"I've had an excellent experience with the bank's reward programs. Their team is consistently supportive, and using their services has made managing my finances much easier. From digital banking to in-person interactions, everything feels smooth and efficient. I highly recommend their service to anyone looking for reliability."
FDBY-7337-HYYR-2304,73,2021,no,no,no,0,120782.65,154754.75,Dallas,Wells Fargo , Main Street Dallas,low,medium,"I've had an excellent experience with the bank's helpful financial advice. Their team is consistently supportive, and using their services has made managing my finances much easier. From digital banking to in-person interactions, everything feels smooth and efficient. I highly recommend their service to anyone looking for reliability."
QMOV-3760-GUCW-3446,72,1992,no,no,yes,5,110575.92,176501.66,Los Angeles,Chase , Downtown LA,high,low,"I've had an excellent experience with the bank's fraud protection efficiency. Their team is consistently supportive, and using their services has made managing my finances much easier. From digital banking to in-person interactions, everything feels smooth and efficient. I highly recommend their service to anyone looking for reliability."
TETD-7236-BCGU-0733,67,2007,no,yes,no,3,33583.37,441365.96,Austin,Wells Fargo , Congress Avenue,high,high,"I've had an excellent experience with the bank's mobile app convenience. Their team is consistently supportive, and using their services has made managing my finances much easier. From digital banking to in-person interactions, everything feels smooth and efficient. I highly recommend their service to anyone looking for reliability."
YISV-4771-FWAP-2361,66,2004,no,yes,yes,5,102176.01,232975.82,San Francisco,Bank of America , Embarcadero,low,low,"I've had an excellent experience with the bank's mobile check deposits. Their team is consistently supportive, and using their services has made managing my finances much easier. From digital banking to in-person interactions, everything feels smooth and efficient. I highly recommend their service to anyone looking for reliability."
OLET-4551-GTGS-6057,38,2023,yes,no,no,5,63496.97,149854.83,San Francisco,Bank of America , Embarcadero,low,medium,"I've had an excellent experience with the bank's friendly customer service. Their team is consistently supportive, and using their services has made managing my finances much easier. From digital banking to in-person interactions, everything feels smooth and efficient. I highly recommend their service to anyone looking for reliability."
AWKU-2037-YBTQ-9589,60,2015,no,no,no,0,117136.77,149268.55,Denver,Chase , Denver 16th Street,medium,medium,"I've had an excellent experience with the bank's helpful financial advice. Their team is consistently supportive, and using their services has made managing my finances much easier. From digital banking to in-person interactions, everything feels smooth and efficient. I highly recommend their service to anyone looking for reliability."
RKKP-4335-SDVO-2112,57,2006,yes,no,yes,3,148805.59,301740.31,Dallas,Wells Fargo , Main Street Dallas,low,high,"My recent interactions with the bank have been disappointing, particularly related to credit card disputes delays. Customer support was slow to respond, and I encountered multiple obstacles while trying to resolve basic issues. The overall banking experience left much to be desired, pushing me to consider alternatives."
VXMQ-6780-OVPZ-4737,53,2018,no,yes,no,3,76991.67,262912.27,Los Angeles,Chase , Downtown LA,high,high,"My recent interactions with the bank have been disappointing, particularly related to loan approval frustration. Customer support was slow to respond, and I encountered multiple obstacles while trying to resolve basic issues. The overall banking experience left much to be desired, pushing me to consider alternatives."
TMKI-5974-NQSM-4092,46,1997,no,no,yes,4,184893.26,361773.02,Boston,Bank of America , Boylston Street,low,high,"I've had an excellent experience with the bank's quick mortgage approval. Their team is consistently supportive, and using their services has made managing my finances much easier. From digital banking to in-person interactions, everything feels smooth and efficient. I highly recommend their service to anyone looking for reliability."
BWCY-9674-TLQT-1686,52,1996,yes,yes,yes,3,249460.99,380124.41,Boston,Bank of America , Boylston Street,medium,low,"My recent interactions with the bank have been disappointing, particularly related to poor loyalty offers. Customer support was slow to respond, and I encountered multiple obstacles while trying to resolve basic issues. The overall banking experience left much to be desired, pushing me to consider alternatives."
VTXO-2890-VCVR-7271,32,2020,yes,no,no,2,226320.88,259286.06,New York,Chase , 5th Avenue,low,medium,"My recent interactions with the bank have been disappointing, particularly related to unreliable mobile app. Customer support was slow to respond, and I encountered multiple obstacles while trying to resolve basic issues. The overall banking experience left much to be desired, pushing me to consider alternatives."
PGHI-4347-NUQZ-1037,78,1998,yes,yes,yes,1,25084.02,139068.83,Seattle,Chase , Seattle Pike Street,medium,medium,"I've had an excellent experience with the bank's fraud protection efficiency. Their team is consistently supportive, and using their services has made managing my finances much easier. From digital banking to in-person interactions, everything feels smooth and efficient. I highly recommend their service to anyone looking for reliability."
CIPZ-0581-FKTU-9115,46,1997,yes,yes,no,5,47044.7,57399.37,Seattle,Chase , Seattle Pike Street,high,medium,"I've had an excellent experience with the bank's quick mortgage approval. Their team is consistently supportive, and using their services has made managing my finances much easier. From digital banking to in-person interactions, everything feels smooth and efficient. I highly recommend their service to anyone looking for reliability."
QTSD-2491-DBRW-2019,85,2015,yes,no,no,5,174222.09,235676.66,San Francisco,Bank of America , Embarcadero,low,high,"I've had an excellent experience with the bank's fraud protection efficiency. Their team is consistently supportive, and using their services has made managing my finances much easier. From digital banking to in-person interactions, everything feels smooth and efficient. I highly recommend their service to anyone looking for reliability."
KATU-7836-CEDB-2739,45,1998,no,no,no,0,75953.1,163628.04,Seattle,Chase , Seattle Pike Street,medium,low,"I've had an excellent experience with the bank's mobile check deposits. Their team is consistently supportive, and using their services has made managing my finances much easier. From digital banking to in-person interactions, everything feels smooth and efficient. I highly recommend their service to anyone looking for reliability."
ZGZX-2920-IAJV-5981,65,1993,yes,no,yes,1,209771.19,78785.67,Miami,Wells Fargo , Brickell Avenue,high,high,"I've had an excellent experience with the bank's easy credit card replacement. Their team is consistently supportive, and using their services has made managing my finances much easier. From digital banking to in-person interactions, everything feels smooth and efficient. I highly recommend their service to anyone looking for reliability."
TNGE-9143-WQDN-5676,42,2009,no,no,yes,2,110545.71,328011.64,Chicago,Bank of America , Magnificent Mile,low,medium,"I've had an excellent experience with the bank's easy credit card replacement. Their team is consistently supportive, and using their services has made managing my finances much easier. From digital banking to in-person interactions, everything feels smooth and efficient. I highly recommend their service to anyone looking for reliability."
FKUN-6256-QPNF-4389,71,2022,no,yes,yes,4,200995.39,494288.29,Los Angeles,Chase , Downtown LA,high,medium,"My recent interactions with the bank have been disappointing, particularly related to slow fraud resolution. Customer support was slow to respond, and I encountered multiple obstacles while trying to resolve basic issues. The overall banking experience left much to be desired, pushing me to consider alternatives."
IPXR-4113-YYST-9792,66,1993,yes,yes,no,3,223978.11,32205.65,Chicago,Bank of America , Magnificent Mile,medium,low,"My experience with the bank has been generally fine, especially regarding average online experience. There have been occasional issues but nothing too disruptive. Service is functional and gets the job done. I wouldn't call it exceptional, but it certainly meets most of my banking needs without much hassle."
IZFI-3652-WEAI-6095,58,1993,yes,yes,no,2,53391.84,407533.37,New York,Chase , 5th Avenue,high,medium,"I've had an excellent experience with the bank's easy credit card replacement. Their team is consistently supportive, and using their services has made managing my finances much easier. From digital banking to in-person interactions, everything feels smooth and efficient. I highly recommend their service to anyone looking for reliability."
PLPM-2987-VJQR-4501,41,2018,no,yes,yes,1,46366.99,497008.14,Seattle,Chase , Seattle Pike Street,high,low,"I've had an excellent experience with the bank's fraud protection efficiency. Their team is consistently supportive, and using their services has made managing my finances much easier. From digital banking to in-person interactions, everything feels smooth and efficient. I highly recommend their service to anyone looking for reliability."
DTGM-4321-GWGS-0382,35,2011,no,yes,yes,1,221286.46,114860.91,New York,Chase , 5th Avenue,low,low,"I've had an excellent experience with the bank's mobile app convenience. Their team is consistently supportive, and using their services has made managing my finances much easier. From digital banking to in-person interactions, everything feels smooth and efficient. I highly recommend their service to anyone looking for reliability."
TORP-6341-UXEX-5292,74,1994,yes,no,no,2,234211.45,5353.08,Dallas,Wells Fargo , Main Street Dallas,medium,low,"I've had an excellent experience with the bank's Zelle payment speed. Their team is consistently supportive, and using their services has made managing my finances much easier. From digital banking to in-person interactions, everything feels smooth and efficient. I highly recommend their service to anyone looking for reliability."
GFCP-2893-UTZV-1626,62,2010,yes,yes,yes,2,165812.41,105304.69,Austin,Wells Fargo , Congress Avenue,low,low,"My experience with the bank has been generally fine, especially regarding ordinary mortgage process. There have been occasional issues but nothing too disruptive. Service is functional and gets the job done. I wouldn't call it exceptional, but it certainly meets most of my banking needs without much hassle."
MKTL-6756-XVQZ-4891,51,2021,yes,yes,yes,1,78650.51,458949.9,Los Angeles,Chase , Downtown LA,low,low,"My recent interactions with the bank have been disappointing, particularly related to confusing mortgage process. Customer support was slow to respond, and I encountered multiple obstacles while trying to resolve basic issues. The overall banking experience left much to be desired, pushing me to consider alternatives."
FCLQ-2708-JMMG-0561,76,1994,yes,yes,no,5,53315.4,81703.29,Chicago,Bank of America , Magnificent Mile,low,medium,"My experience with the bank has been generally fine, especially regarding average online experience. There have been occasional issues but nothing too disruptive. Service is functional and gets the job done. I wouldn't call it exceptional, but it certainly meets most of my banking needs without much hassle."
JEHB-1054-DUIP-8941,74,2016,no,no,yes,3,165915.38,345491.91,New York,Chase , 5th Avenue,medium,medium,"I've had an excellent experience with the bank's mobile app convenience. Their team is consistently supportive, and using their services has made managing my finances much easier. From digital banking to in-person interactions, everything feels smooth and efficient. I highly recommend their service to anyone looking for reliability."
AMBZ-1378-LRRV-7031,41,2006,yes,no,no,5,142281.64,268411.47,Seattle,Chase , Seattle Pike Street,medium,low,"I've had an excellent experience with the bank's mobile check deposits. Their team is consistently supportive, and using their services has made managing my finances much easier. From digital banking to in-person interactions, everything feels smooth and efficient. I highly recommend their service to anyone looking for reliability."
BZVK-6599-VIRW-6515,61,2022,yes,yes,yes,2,155717.34,401332.23,Austin,Wells Fargo , Congress Avenue,high,high,"My recent interactions with the bank have been disappointing, particularly related to unreliable mobile app. Customer support was slow to respond, and I encountered multiple obstacles while trying to resolve basic issues. The overall banking experience left much to be desired, pushing me to consider alternatives."
XIZU-8248-ZPWT-0980,54,2006,yes,yes,no,1,162392.25,225684.76,San Francisco,Bank of America , Embarcadero,low,low,"I've had an excellent experience with the bank's seamless online banking. Their team is consistently supportive, and using their services has made managing my finances much easier. From digital banking to in-person interactions, everything feels smooth and efficient. I highly recommend their service to anyone looking for reliability."
JSZQ-0832-VIND-6813,29,2014,yes,no,yes,1,178768.93,491260.11,Miami,Wells Fargo , Brickell Avenue,high,medium,"I've had an excellent experience with the bank's friendly customer service. Their team is consistently supportive, and using their services has made managing my finances much easier. From digital banking to in-person interactions, everything feels smooth and efficient. I highly recommend their service to anyone looking for reliability."
LWIN-1245-QQCV-7748,76,1993,no,no,yes,5,234145.11,299132.12,Denver,Chase , Denver 16th Street,medium,low,"I've had an excellent experience with the bank's friendly customer service. Their team is consistently supportive, and using their services has made managing my finances much easier. From digital banking to in-person interactions, everything feels smooth and efficient. I highly recommend their service to anyone looking for reliability."
JQAF-2295-LDMX-4956,50,2012,yes,no,yes,3,38975.56,87751.44,Denver,Chase , Denver 16th Street,medium,medium,"My experience with the bank has been generally fine, especially regarding ordinary mortgage process. There have been occasional issues but nothing too disruptive. Service is functional and gets the job done. I wouldn't call it exceptional, but it certainly meets most of my banking needs without much hassle."
KQOI-6625-WEMR-3557,76,2001,yes,yes,no,2,50168.58,56493.44,Dallas,Wells Fargo , Main Street Dallas,low,medium,"I've had an excellent experience with the bank's easy credit card replacement. Their team is consistently supportive, and using their services has made managing my finances much easier. From digital banking to in-person interactions, everything feels smooth and efficient. I highly recommend their service to anyone looking for reliability."
MAIF-6450-HILS-5215,66,2002,yes,yes,yes,1,244398.06,147213.82,San Francisco,Bank of America , Embarcadero,medium,low,"My recent interactions with the bank have been disappointing, particularly related to loan approval frustration. Customer support was slow to respond, and I encountered multiple obstacles while trying to resolve basic issues. The overall banking experience left much to be desired, pushing me to consider alternatives."
KSMI-8203-FQWB-7235,81,2022,no,yes,no,3,19890.25,83105.05,Dallas,Wells Fargo , Main Street Dallas,medium,high,"My experience with the bank has been generally fine, especially regarding no major issues. There have been occasional issues but nothing too disruptive. Service is functional and gets the job done. I wouldn't call it exceptional, but it certainly meets most of my banking needs without much hassle."
PYEM-7075-FDIB-6932,62,1994,no,yes,no,3,75483.98,350995.4,Seattle,Chase , Seattle Pike Street,low,medium,"My recent interactions with the bank have been disappointing, particularly related to poor loyalty offers. Customer support was slow to respond, and I encountered multiple obstacles while trying to resolve basic issues. The overall banking experience left much to be desired, pushing me to consider alternatives."
NHMJ-7378-EDDQ-5838,38,2010,no,yes,no,1,121302.38,249004.07,Seattle,Chase , Seattle Pike Street,medium,low,"My recent interactions with the bank have been disappointing, particularly related to credit card disputes delays. Customer support was slow to respond, and I encountered multiple obstacles while trying to resolve basic issues. The overall banking experience left much to be desired, pushing me to consider alternatives."
VITD-4520-YQJG-8574,37,2006,no,yes,no,2,142543.18,70879.94,Chicago,Bank of America , Magnificent Mile,high,low,"I've had an excellent experience with the bank's mobile check deposits. Their team is consistently supportive, and using their services has made managing my finances much easier. From digital banking to in-person interactions, everything feels smooth and efficient. I highly recommend their service to anyone looking for reliability."
QWTI-5977-DXDO-5591,38,2005,no,yes,yes,2,232154.23,477525.12,New York,Chase , 5th Avenue,medium,low,"My recent interactions with the bank have been disappointing, particularly related to app crashes during payment. Customer support was slow to respond, and I encountered multiple obstacles while trying to resolve basic issues. The overall banking experience left much to be desired, pushing me to consider alternatives."
AYEE-1172-VRHU-8743,58,2010,no,yes,no,1,123869,360100.78,New York,Chase , 5th Avenue,low,high,"I've had an excellent experience with the bank's mobile check deposits. Their team is consistently supportive, and using their services has made managing my finances much easier. From digital banking to in-person interactions, everything feels smooth and efficient. I highly recommend their service to anyone looking for reliability."
QJTI-6269-WXBY-4131,55,2001,yes,no,no,2,93777.76,129604.47,Seattle,Chase , Seattle Pike Street,high,low,"I've had an excellent experience with the bank's mobile check deposits. Their team is consistently supportive, and using their services has made managing my finances much easier. From digital banking to in-person interactions, everything feels smooth and efficient. I highly recommend their service to anyone looking for reliability."
WVPD-7039-MIKO-2599,42,2003,yes,yes,yes,4,79063.67,267216.35,Boston,Bank of America , Boylston Street,low,high,"I've had an excellent experience with the bank's friendly customer service. Their team is consistently supportive, and using their services has made managing my finances much easier. From digital banking to in-person interactions, everything feels smooth and efficient. I highly recommend their service to anyone looking for reliability."
DWJI-7620-AKSE-8909,40,2003,yes,yes,yes,2,191058.07,255680.9,Chicago,Bank of America , Magnificent Mile,low,high,"I've had an excellent experience with the bank's friendly customer service. Their team is consistently supportive, and using their services has made managing my finances much easier. From digital banking to in-person interactions, everything feels smooth and efficient. I highly recommend their service to anyone looking for reliability."
OWBJ-6426-XBKS-1973,73,2024,no,no,no,0,225002.93,51990.6,San Francisco,Bank of America , Embarcadero,high,low,"My experience with the bank has been generally fine, especially regarding good but glitchy app. There have been occasional issues but nothing too disruptive. Service is functional and gets the job done. I wouldn't call it exceptional, but it certainly meets most of my banking needs without much hassle."
FGNB-5391-ZRZW-5959,25,2018,no,no,yes,5,15225.6,397306.23,Boston,Bank of America , Boylston Street,low,high,"I've had an excellent experience with the bank's reward programs. Their team is consistently supportive, and using their services has made managing my finances much easier. From digital banking to in-person interactions, everything feels smooth and efficient. I highly recommend their service to anyone looking for reliability."
NNRX-0450-VYIF-7447,85,2020,yes,no,no,5,240544.24,318902.94,Boston,Bank of America , Boylston Street,medium,medium,"My experience with the bank has been generally fine, especially regarding ok rewards. There have been occasional issues but nothing too disruptive. Service is functional and gets the job done. I wouldn't call it exceptional, but it certainly meets most of my banking needs without much hassle."
ZPOG-4736-ABTF-1887,73,1998,yes,no,yes,1,158471.03,357429.51,Dallas,Wells Fargo , Main Street Dallas,medium,low,"My recent interactions with the bank have been disappointing, particularly related to poor customer service. Customer support was slow to respond, and I encountered multiple obstacles while trying to resolve basic issues. The overall banking experience left much to be desired, pushing me to consider alternatives."
FTCA-3785-QAHM-0898,41,2002,no,yes,yes,2,53327.36,126467.82,Chicago,Bank of America , Magnificent Mile,low,low,"I've had an excellent experience with the bank's easy credit card replacement. Their team is consistently supportive, and using their services has made managing my finances much easier. From digital banking to in-person interactions, everything feels smooth and efficient. I highly recommend their service to anyone looking for reliability."
MOPH-7962-NJNZ-4923,83,1997,yes,no,no,1,208964.85,203125.64,Dallas,Wells Fargo , Main Street Dallas,high,high,"My recent interactions with the bank have been disappointing, particularly related to slow fraud resolution. Customer support was slow to respond, and I encountered multiple obstacles while trying to resolve basic issues. The overall banking experience left much to be desired, pushing me to consider alternatives."
XCUF-2888-JGGK-5474,85,1996,yes,yes,yes,5,144144.9,28506.53,Denver,Chase , Denver 16th Street,medium,medium,"I've had an excellent experience with the bank's mobile check deposits. Their team is consistently supportive, and using their services has made managing my finances much easier. From digital banking to in-person interactions, everything feels smooth and efficient. I highly recommend their service to anyone looking for reliability."
IYIG-5698-WSNK-0686,18,2025,yes,no,yes,5,52904.01,168330.28,Seattle,Chase , Seattle Pike Street,high,medium,"I've had an excellent experience with the bank's quick mortgage approval. Their team is consistently supportive, and using their services has made managing my finances much easier. From digital banking to in-person interactions, everything feels smooth and efficient. I highly recommend their service to anyone looking for reliability."
RPZR-2529-RHBC-5876,59,1992,no,yes,no,1,223279.54,449572.23,Los Angeles,Chase , Downtown LA,high,high,"I've had an excellent experience with the bank's mobile app convenience. Their team is consistently supportive, and using their services has made managing my finances much easier. From digital banking to in-person interactions, everything feels smooth and efficient. I highly recommend their service to anyone looking for reliability."
RNFS-8403-PTQT-5604,38,2016,yes,yes,yes,3,108555.28,348753.24,New York,Chase , 5th Avenue,low,medium,"I've had an excellent experience with the bank's helpful financial advice. Their team is consistently supportive, and using their services has made managing my finances much easier. From digital banking to in-person interactions, everything feels smooth and efficient. I highly recommend their service to anyone looking for reliability."
SFEU-3592-UIFW-8534,40,2003,no,yes,yes,3,110764.63,373491.91,Seattle,Chase , Seattle Pike Street,high,medium,"I've had an excellent experience with the bank's easy credit card replacement. Their team is consistently supportive, and using their services has made managing my finances much easier. From digital banking to in-person interactions, everything feels smooth and efficient. I highly recommend their service to anyone looking for reliability."
RPHY-0890-EZSQ-9500,69,2001,no,no,yes,1,117002.56,152351.4,Miami,Wells Fargo , Brickell Avenue,low,low,"My recent interactions with the bank have been disappointing, particularly related to poor loyalty offers. Customer support was slow to respond, and I encountered multiple obstacles while trying to resolve basic issues. The overall banking experience left much to be desired, pushing me to consider alternatives."
HFWU-8987-IFAU-5441,82,2000,yes,yes,yes,5,173161.32,424574.34,Miami,Wells Fargo , Brickell Avenue,high,low,"I've had an excellent experience with the bank's quick mortgage approval. Their team is consistently supportive, and using their services has made managing my finances much easier. From digital banking to in-person interactions, everything feels smooth and efficient. I highly recommend their service to anyone looking for reliability."
XOKW-3911-KRLR-8563,26,2023,no,no,yes,3,238876.88,241139.24,San Francisco,Bank of America , Embarcadero,medium,low,"I've had an excellent experience with the bank's Zelle payment speed. Their team is consistently supportive, and using their services has made managing my finances much easier. From digital banking to in-person interactions, everything feels smooth and efficient. I highly recommend their service to anyone looking for reliability."
HKFS-6005-YCFV-1634,39,2004,yes,no,yes,3,160974.93,233544.44,New York,Chase , 5th Avenue,medium,medium,"I've had an excellent experience with the bank's fraud protection efficiency. Their team is consistently supportive, and using their services has made managing my finances much easier. From digital banking to in-person interactions, everything feels smooth and efficient. I highly recommend their service to anyone looking for reliability."
JSQW-6608-LFQS-6298,32,2012,no,yes,no,2,170274.17,89097.54,Miami,Wells Fargo , Brickell Avenue,high,low,"I've had an excellent experience with the bank's helpful financial advice. Their team is consistently supportive, and using their services has made managing my finances much easier. From digital banking to in-person interactions, everything feels smooth and efficient. I highly recommend their service to anyone looking for reliability."
XPRH-0131-LWKX-7373,66,2013,no,no,yes,4,219421.24,287373.07,Chicago,Bank of America , Magnificent Mile,low,low,"My recent interactions with the bank have been disappointing, particularly related to hidden banking fees. Customer support was slow to respond, and I encountered multiple obstacles while trying to resolve basic issues. The overall banking experience left much to be desired, pushing me to consider alternatives."
NKXF-7316-JNVJ-3223,57,2022,yes,no,no,1,156550.83,335581.24,San Francisco,Bank of America , Embarcadero,high,high,"I've had an excellent experience with the bank's easy credit card replacement. Their team is consistently supportive, and using their services has made managing my finances much easier. From digital banking to in-person interactions, everything feels smooth and efficient. I highly recommend their service to anyone looking for reliability."
UDFB-1980-RXPV-4024,56,1998,yes,no,no,5,126667.19,382416.09,New York,Chase , 5th Avenue,medium,medium,"My recent interactions with the bank have been disappointing, particularly related to slow fraud resolution. Customer support was slow to respond, and I encountered multiple obstacles while trying to resolve basic issues. The overall banking experience left much to be desired, pushing me to consider alternatives."
JDJD-6022-IRFT-0484,74,2015,no,yes,yes,4,198734.01,228642.16,Denver,Chase , Denver 16th Street,high,high,"I've had an excellent experience with the bank's friendly customer service. Their team is consistently supportive, and using their services has made managing my finances much easier. From digital banking to in-person interactions, everything feels smooth and efficient. I highly recommend their service to anyone looking for reliability."
DMLX-6760-PSOE-2393,63,2008,no,no,yes,4,60482.19,304131.29,Austin,Wells Fargo , Congress Avenue,high,medium,"I've had an excellent experience with the bank's helpful financial advice. Their team is consistently supportive, and using their services has made managing my finances much easier. From digital banking to in-person interactions, everything feels smooth and efficient. I highly recommend their service to anyone looking for reliability."
MQEX-4612-YTFX-6920,49,2008,no,no,yes,3,187272.89,268217.41,Miami,Wells Fargo , Brickell Avenue,high,low,"I've had an excellent experience with the bank's Zelle payment speed. Their team is consistently supportive, and using their services has made managing my finances much easier. From digital banking to in-person interactions, everything feels smooth and efficient. I highly recommend their service to anyone looking for reliability."
ADWX-3084-OBLV-1969,21,2022,no,no,yes,4,54166.34,320004.87,Seattle,Chase , Seattle Pike Street,medium,low,"I've had an excellent experience with the bank's mobile check deposits. Their team is consistently supportive, and using their services has made managing my finances much easier. From digital banking to in-person interactions, everything feels smooth and efficient. I highly recommend their service to anyone looking for reliability."
LNPF-2301-YAKW-3813,22,2021,no,yes,no,1,108226.29,144938.99,San Francisco,Bank of America , Embarcadero,high,low,"I've had an excellent experience with the bank's friendly customer service. Their team is consistently supportive, and using their services has made managing my finances much easier. From digital banking to in-person interactions, everything feels smooth and efficient. I highly recommend their service to anyone looking for reliability."
DBDO-2205-YBQT-1307,52,2024,no,no,yes,1,15128.02,438629.91,New York,Chase , 5th Avenue,high,high,"My experience with the bank has been generally fine, especially regarding good but glitchy app. There have been occasional issues but nothing too disruptive. Service is functional and gets the job done. I wouldn't call it exceptional, but it certainly meets most of my banking needs without much hassle."
QMXK-8076-LATV-3246,60,2020,no,yes,no,2,210850.78,371756.42,Los Angeles,Chase , Downtown LA,low,high,"My recent interactions with the bank have been disappointing, particularly related to long branch lines. Customer support was slow to respond, and I encountered multiple obstacles while trying to resolve basic issues. The overall banking experience left much to be desired, pushing me to consider alternatives."
SOFE-7828-EBVN-8339,19,2024,no,no,yes,5,15148.49,22962.13,San Francisco,Bank of America , Embarcadero,medium,high,"I've had an excellent experience with the bank's easy credit card replacement. Their team is consistently supportive, and using their services has made managing my finances much easier. From digital banking to in-person interactions, everything feels smooth and efficient. I highly recommend their service to anyone looking for reliability."
NNOX-9048-RIJP-2475,31,2012,yes,yes,no,3,83804.2,278979.08,Seattle,Chase , Seattle Pike Street,high,low,"My recent interactions with the bank have been disappointing, particularly related to hidden banking fees. Customer support was slow to respond, and I encountered multiple obstacles while trying to resolve basic issues. The overall banking experience left much to be desired, pushing me to consider alternatives."
DKZE-8465-JUFH-4165,73,2018,yes,no,yes,5,42804.06,236052.04,Austin,Wells Fargo , Congress Avenue,medium,high,"My experience with the bank has been generally fine, especially regarding average online experience. There have been occasional issues but nothing too disruptive. Service is functional and gets the job done. I wouldn't call it exceptional, but it certainly meets most of my banking needs without much hassle."
UGXO-7682-QGMF-2495,44,2017,no,yes,yes,1,78775.08,147813.2,New York,Chase , 5th Avenue,medium,low,"I've had an excellent experience with the bank's friendly customer service. Their team is consistently supportive, and using their services has made managing my finances much easier. From digital banking to in-person interactions, everything feels smooth and efficient. I highly recommend their service to anyone looking for reliability."
PVTJ-8035-DKWF-5166,68,2020,no,no,no,0,227060.92,200434.64,Denver,Chase , Denver 16th Street,medium,low,"My experience with the bank has been generally fine, especially regarding average service quality. There have been occasional issues but nothing too disruptive. Service is functional and gets the job done. I wouldn't call it exceptional, but it certainly meets most of my banking needs without much hassle."
NKDI-6492-LRXV-6170,36,2007,yes,no,no,4,155378.78,436121.35,Dallas,Wells Fargo , Main Street Dallas,low,medium,"I've had an excellent experience with the bank's seamless online banking. Their team is consistently supportive, and using their services has made managing my finances much easier. From digital banking to in-person interactions, everything feels smooth and efficient. I highly recommend their service to anyone looking for reliability."
IXZL-9830-RLXG-9592,41,2002,yes,yes,no,1,65631.89,317601.14,Seattle,Chase , Seattle Pike Street,high,medium,"My recent interactions with the bank have been disappointing, particularly related to unreliable mobile app. Customer support was slow to respond, and I encountered multiple obstacles while trying to resolve basic issues. The overall banking experience left much to be desired, pushing me to consider alternatives."
SLLY-1126-LJAE-5214,81,2009,no,no,no,0,82814.82,392733.68,Austin,Wells Fargo , Congress Avenue,medium,high,"I've had an excellent experience with the bank's reward programs. Their team is consistently supportive, and using their services has made managing my finances much easier. From digital banking to in-person interactions, everything feels smooth and efficient. I highly recommend their service to anyone looking for reliability."
ZDMW-9301-QQYR-3338,59,2000,yes,yes,yes,2,16435.06,415218.35,Los Angeles,Chase , Downtown LA,low,medium,"My experience with the bank has been generally fine, especially regarding mobile deposit takes time. There have been occasional issues but nothing too disruptive. Service is functional and gets the job done. I wouldn't call it exceptional, but it certainly meets most of my banking needs without much hassle."
XDNW-8476-BHOL-6783,45,1998,yes,yes,yes,5,73547.16,63862.9,San Francisco,Bank of America , Embarcadero,low,low,"My recent interactions with the bank have been disappointing, particularly related to app crashes during payment. Customer support was slow to respond, and I encountered multiple obstacles while trying to resolve basic issues. The overall banking experience left much to be desired, pushing me to consider alternatives."
IZJN-0377-HLKB-7293,48,1999,no,no,yes,3,196514.21,268035.85,Miami,Wells Fargo , Brickell Avenue,high,high,"My recent interactions with the bank have been disappointing, particularly related to slow fraud resolution. Customer support was slow to respond, and I encountered multiple obstacles while trying to resolve basic issues. The overall banking experience left much to be desired, pushing me to consider alternatives."
BHRX-5191-WIFS-5640,59,2010,no,yes,yes,4,172119.45,85155.59,Los Angeles,Chase , Downtown LA,medium,low,"My experience with the bank has been generally fine, especially regarding basic fraud alerts. There have been occasional issues but nothing too disruptive. Service is functional and gets the job done. I wouldn't call it exceptional, but it certainly meets most of my banking needs without much hassle."
DBMS-8762-QJKV-1655,32,2022,no,no,no,0,34747.85,33280.06,San Francisco,Bank of America , Embarcadero,medium,low,"I've had an excellent experience with the bank's seamless online banking. Their team is consistently supportive, and using their services has made managing my finances much easier. From digital banking to in-person interactions, everything feels smooth and efficient. I highly recommend their service to anyone looking for reliability."
RUUR-2348-CAIZ-2780,64,2009,yes,no,no,3,87205.23,235807.96,Boston,Bank of America , Boylston Street,medium,high,"My recent interactions with the bank have been disappointing, particularly related to long branch lines. Customer support was slow to respond, and I encountered multiple obstacles while trying to resolve basic issues. The overall banking experience left much to be desired, pushing me to consider alternatives."
ZHQU-1899-NSOP-1664,56,2018,no,yes,no,5,98755.67,150140.13,Los Angeles,Chase , Downtown LA,high,medium,"I've had an excellent experience with the bank's quick mortgage approval. Their team is consistently supportive, and using their services has made managing my finances much easier. From digital banking to in-person interactions, everything feels smooth and efficient. I highly recommend their service to anyone looking for reliability."
DVSU-7794-JTKU-2121,44,1999,no,yes,no,4,140564.16,111122.77,Los Angeles,Chase , Downtown LA,low,high,"I've had an excellent experience with the bank's reward programs. Their team is consistently supportive, and using their services has made managing my finances much easier. From digital banking to in-person interactions, everything feels smooth and efficient. I highly recommend their service to anyone looking for reliability."
PQPX-3680-ITDK-9376,26,2017,yes,yes,no,5,135550.27,253013.8,Los Angeles,Chase , Downtown LA,low,high,"I've had an excellent experience with the bank's friendly customer service. Their team is consistently supportive, and using their services has made managing my finances much easier. From digital banking to in-person interactions, everything feels smooth and efficient. I highly recommend their service to anyone looking for reliability."
GUIR-4692-PHAO-8200,79,2024,no,yes,yes,2,209394.33,217397.47,Miami,Wells Fargo , Brickell Avenue,medium,high,"I've had an excellent experience with the bank's quick mortgage approval. Their team is consistently supportive, and using their services has made managing my finances much easier. From digital banking to in-person interactions, everything feels smooth and efficient. I highly recommend their service to anyone looking for reliability."
WTDJ-3198-KDTK-8325,33,2018,no,no,no,0,64986.12,163718.81,Miami,Wells Fargo , Brickell Avenue,low,medium,"I've had an excellent experience with the bank's quick mortgage approval. Their team is consistently supportive, and using their services has made managing my finances much easier. From digital banking to in-person interactions, everything feels smooth and efficient. I highly recommend their service to anyone looking for reliability."
TROT-6058-MOCQ-1321,83,1996,no,no,no,0,83746.28,434678.27,Boston,Bank of America , Boylston Street,medium,low,"I've had an excellent experience with the bank's friendly customer service. Their team is consistently supportive, and using their services has made managing my finances much easier. From digital banking to in-person interactions, everything feels smooth and efficient. I highly recommend their service to anyone looking for reliability."
JYNP-7928-VJYW-2740,38,2015,yes,no,yes,1,206203.67,68275.86,Austin,Wells Fargo , Congress Avenue,high,high,"I've had an excellent experience with the bank's seamless online banking. Their team is consistently supportive, and using their services has made managing my finances much easier. From digital banking to in-person interactions, everything feels smooth and efficient. I highly recommend their service to anyone looking for reliability."
GQUC-1235-KJCQ-3489,51,2011,yes,yes,yes,1,26332.69,297788.69,Dallas,Wells Fargo , Main Street Dallas,medium,medium,"I've had an excellent experience with the bank's seamless online banking. Their team is consistently supportive, and using their services has made managing my finances much easier. From digital banking to in-person interactions, everything feels smooth and efficient. I highly recommend their service to anyone looking for reliability."
NBJA-9670-KOYY-5632,47,2011,yes,yes,yes,4,154695.98,331785.56,Los Angeles,Chase , Downtown LA,medium,medium,"My experience with the bank has been generally fine, especially regarding average service quality. There have been occasional issues but nothing too disruptive. Service is functional and gets the job done. I wouldn't call it exceptional, but it certainly meets most of my banking needs without much hassle."
ONNA-7317-WQNL-4959,67,2007,no,no,no,0,55113.69,455419.33,Chicago,Bank of America , Magnificent Mile,medium,medium,"My recent interactions with the bank have been disappointing, particularly related to loan approval frustration. Customer support was slow to respond, and I encountered multiple obstacles while trying to resolve basic issues. The overall banking experience left much to be desired, pushing me to consider alternatives."
QFBF-0805-FGDA-5129,62,2023,yes,yes,yes,1,48712.92,220553.69,San Francisco,Bank of America , Embarcadero,high,medium,"My recent interactions with the bank have been disappointing, particularly related to confusing mortgage process. Customer support was slow to respond, and I encountered multiple obstacles while trying to resolve basic issues. The overall banking experience left much to be desired, pushing me to consider alternatives."
WJAL-4551-CXQC-2692,35,2009,yes,no,yes,3,18381.35,164083.1,Boston,Bank of America , Boylston Street,high,high,"My experience with the bank has been generally fine, especially regarding long wait times sometimes. There have been occasional issues but nothing too disruptive. Service is functional and gets the job done. I wouldn't call it exceptional, but it certainly meets most of my banking needs without much hassle."
YDQB-4462-HDSN-7328,30,2013,yes,no,no,1,137921.99,195609.3,Dallas,Wells Fargo , Main Street Dallas,high,low,"I've had an excellent experience with the bank's fraud protection efficiency. Their team is consistently supportive, and using their services has made managing my finances much easier. From digital banking to in-person interactions, everything feels smooth and efficient. I highly recommend their service to anyone looking for reliability."
WHIO-9214-JZHN-6276,21,2022,no,no,yes,1,150858.73,304877.3,Miami,Wells Fargo , Brickell Avenue,medium,high,"I've had an excellent experience with the bank's easy credit card replacement. Their team is consistently supportive, and using their services has made managing my finances much easier. From digital banking to in-person interactions, everything feels smooth and efficient. I highly recommend their service to anyone looking for reliability."
XABD-4616-ZCMQ-8551,19,2024,yes,yes,no,3,150616.67,185203.26,Miami,Wells Fargo , Brickell Avenue,low,high,"I've had an excellent experience with the bank's fraud protection efficiency. Their team is consistently supportive, and using their services has made managing my finances much easier. From digital banking to in-person interactions, everything feels smooth and efficient. I highly recommend their service to anyone looking for reliability."
RCQA-0820-DBVU-1944,44,2004,no,yes,no,5,133579.25,375428.99,Seattle,Chase , Seattle Pike Street,high,medium,"I've had an excellent experience with the bank's mobile check deposits. Their team is consistently supportive, and using their services has made managing my finances much easier. From digital banking to in-person interactions, everything feels smooth and efficient. I highly recommend their service to anyone looking for reliability."
QIUM-7449-GHZC-1978,42,2001,no,yes,yes,5,150283.22,393632.4,New York,Chase , 5th Avenue,low,low,"My recent interactions with the bank have been disappointing, particularly related to app crashes during payment. Customer support was slow to respond, and I encountered multiple obstacles while trying to resolve basic issues. The overall banking experience left much to be desired, pushing me to consider alternatives."
NOUH-8801-TYRV-0475,78,2009,yes,no,no,4,72187.09,213295.96,Los Angeles,Chase , Downtown LA,high,low,"My experience with the bank has been generally fine, especially regarding good but glitchy app. There have been occasional issues but nothing too disruptive. Service is functional and gets the job done. I wouldn't call it exceptional, but it certainly meets most of my banking needs without much hassle."
GXJM-2700-KGUB-2426,30,2022,yes,yes,no,2,29334.19,67814.5,Boston,Bank of America , Boylston Street,low,high,"I've had an excellent experience with the bank's helpful financial advice. Their team is consistently supportive, and using their services has made managing my finances much easier. From digital banking to in-person interactions, everything feels smooth and efficient. I highly recommend their service to anyone looking for reliability."
QFCV-7349-YYAZ-4943,26,2017,no,yes,no,3,47867.31,219935.4,Austin,Wells Fargo , Congress Avenue,low,high,"I've had an excellent experience with the bank's seamless online banking. Their team is consistently supportive, and using their services has made managing my finances much easier. From digital banking to in-person interactions, everything feels smooth and efficient. I highly recommend their service to anyone looking for reliability."
RNTI-4049-EAYA-3874,69,2005,yes,no,yes,4,29183.11,3557.2,San Francisco,Bank of America , Embarcadero,medium,high,"My experience with the bank has been generally fine, especially regarding ordinary mortgage process. There have been occasional issues but nothing too disruptive. Service is functional and gets the job done. I wouldn't call it exceptional, but it certainly meets most of my banking needs without much hassle."
NCYQ-6925-GEGY-7055,29,2014,no,no,yes,1,167905.46,430387.09,San Francisco,Bank of America , Embarcadero,medium,low,"My recent interactions with the bank have been disappointing, particularly related to hidden banking fees. Customer support was slow to respond, and I encountered multiple obstacles while trying to resolve basic issues. The overall banking experience left much to be desired, pushing me to consider alternatives."
WFFB-2889-PMND-9814,41,2012,no,yes,yes,3,83191.67,196443.69,Denver,Chase , Denver 16th Street,high,high,"My experience with the bank has been generally fine, especially regarding ordinary mortgage process. There have been occasional issues but nothing too disruptive. Service is functional and gets the job done. I wouldn't call it exceptional, but it certainly meets most of my banking needs without much hassle."
WZYD-1394-VRUE-8771,83,2005,no,no,yes,3,21620.66,79203.98,New York,Chase , 5th Avenue,high,medium,"My recent interactions with the bank have been disappointing, particularly related to unreliable mobile app. Customer support was slow to respond, and I encountered multiple obstacles while trying to resolve basic issues. The overall banking experience left much to be desired, pushing me to consider alternatives."
KGQA-6264-CWLR-7536,61,2005,no,yes,yes,3,204700.91,128212.37,Seattle,Chase , Seattle Pike Street,high,high,"I've had an excellent experience with the bank's mobile app convenience. Their team is consistently supportive, and using their services has made managing my finances much easier. From digital banking to in-person interactions, everything feels smooth and efficient. I highly recommend their service to anyone looking for reliability."
DBXH-8929-LJKA-7613,31,2019,no,yes,no,4,219965.21,317406.74,Seattle,Chase , Seattle Pike Street,medium,medium,"I've had an excellent experience with the bank's mobile app convenience. Their team is consistently supportive, and using their services has made managing my finances much easier. From digital banking to in-person interactions, everything feels smooth and efficient. I highly recommend their service to anyone looking for reliability."
PPMM-3769-FGBL-2546,33,2010,yes,yes,yes,3,245330.37,4136.28,Dallas,Wells Fargo , Main Street Dallas,low,medium,"I've had an excellent experience with the bank's fraud protection efficiency. Their team is consistently supportive, and using their services has made managing my finances much easier. From digital banking to in-person interactions, everything feels smooth and efficient. I highly recommend their service to anyone looking for reliability."
GTCF-3416-LSFK-7374,35,2022,yes,no,no,5,78588.23,58029.62,Seattle,Chase , Seattle Pike Street,high,low,"I've had an excellent experience with the bank's seamless online banking. Their team is consistently supportive, and using their services has made managing my finances much easier. From digital banking to in-person interactions, everything feels smooth and efficient. I highly recommend their service to anyone looking for reliability."
YYRM-1926-OTWN-3139,20,2023,yes,no,no,3,76130.02,378085.73,Denver,Chase , Denver 16th Street,high,high,"I've had an excellent experience with the bank's easy credit card replacement. Their team is consistently supportive, and using their services has made managing my finances much easier. From digital banking to in-person interactions, everything feels smooth and efficient. I highly recommend their service to anyone looking for reliability."
IRAR-9123-DXFB-6372,40,2022,no,no,no,0,192283.72,175302.5,New York,Chase , 5th Avenue,high,low,"My experience with the bank has been generally fine, especially regarding good but glitchy app. There have been occasional issues but nothing too disruptive. Service is functional and gets the job done. I wouldn't call it exceptional, but it certainly meets most of my banking needs without much hassle."
GDVC-4717-BZOD-8613,35,2021,yes,no,no,1,19999.15,483917.61,San Francisco,Bank of America , Embarcadero,high,high,"My experience with the bank has been generally fine, especially regarding ok rewards. There have been occasional issues but nothing too disruptive. Service is functional and gets the job done. I wouldn't call it exceptional, but it certainly meets most of my banking needs without much hassle."
EVBK-1645-HSCE-6512,52,1992,yes,no,yes,4,133411.05,261358.73,Miami,Wells Fargo , Brickell Avenue,low,high,"I've had an excellent experience with the bank's seamless online banking. Their team is consistently supportive, and using their services has made managing my finances much easier. From digital banking to in-person interactions, everything feels smooth and efficient. I highly recommend their service to anyone looking for reliability."
WVFE-6652-HOTE-1658,78,2018,no,yes,yes,1,110105.2,380490.47,Austin,Wells Fargo , Congress Avenue,medium,low,"I've had an excellent experience with the bank's helpful financial advice. Their team is consistently supportive, and using their services has made managing my finances much easier. From digital banking to in-person interactions, everything feels smooth and efficient. I highly recommend their service to anyone looking for reliability."
JTAS-0930-CHNW-1706,19,2024,yes,no,yes,4,209087.59,436673.83,Dallas,Wells Fargo , Main Street Dallas,low,low,"I've had an excellent experience with the bank's easy credit card replacement. Their team is consistently supportive, and using their services has made managing my finances much easier. From digital banking to in-person interactions, everything feels smooth and efficient. I highly recommend their service to anyone looking for reliability."
MWMZ-8489-EGNR-6121,35,2012,no,yes,yes,2,30937.72,423691.2,Boston,Bank of America , Boylston Street,low,low,"I've had an excellent experience with the bank's seamless online banking. Their team is consistently supportive, and using their services has made managing my finances much easier. From digital banking to in-person interactions, everything feels smooth and efficient. I highly recommend their service to anyone looking for reliability."
CITU-9740-DQLH-6718,75,2019,yes,yes,no,2,30576.92,28298.55,Denver,Chase , Denver 16th Street,high,medium,"I've had an excellent experience with the bank's fraud protection efficiency. Their team is consistently supportive, and using their services has made managing my finances much easier. From digital banking to in-person interactions, everything feels smooth and efficient. I highly recommend their service to anyone looking for reliability."
XYCJ-3069-ZRUS-9374,30,2013,yes,no,no,1,212444.34,321623.27,Denver,Chase , Denver 16th Street,low,high,"My recent interactions with the bank have been disappointing, particularly related to loan approval frustration. Customer support was slow to respond, and I encountered multiple obstacles while trying to resolve basic issues. The overall banking experience left much to be desired, pushing me to consider alternatives."
YJLU-1969-MUNQ-2845,57,1996,yes,yes,no,4,238747.73,14080.64,Austin,Wells Fargo , Congress Avenue,high,high,"My recent interactions with the bank have been disappointing, particularly related to confusing mortgage process. Customer support was slow to respond, and I encountered multiple obstacles while trying to resolve basic issues. The overall banking experience left much to be desired, pushing me to consider alternatives."
BJLK-4770-QHLV-5088,67,2006,no,yes,yes,1,102700.66,495927.89,Boston,Bank of America , Boylston Street,medium,low,"My experience with the bank has been generally fine, especially regarding good but glitchy app. There have been occasional issues but nothing too disruptive. Service is functional and gets the job done. I wouldn't call it exceptional, but it certainly meets most of my banking needs without much hassle."
FKAL-9415-FTJX-6404,51,2003,yes,no,yes,1,140388.81,310928.48,Chicago,Bank of America , Magnificent Mile,low,low,"I've had an excellent experience with the bank's mobile app convenience. Their team is consistently supportive, and using their services has made managing my finances much easier. From digital banking to in-person interactions, everything feels smooth and efficient. I highly recommend their service to anyone looking for reliability."
OUDI-2860-TDWC-8084,73,1996,no,yes,yes,3,17819.81,273077.67,Dallas,Wells Fargo , Main Street Dallas,medium,high,"I've had an excellent experience with the bank's helpful financial advice. Their team is consistently supportive, and using their services has made managing my finances much easier. From digital banking to in-person interactions, everything feels smooth and efficient. I highly recommend their service to anyone looking for reliability."
WORL-3420-YCUM-9690,22,2021,no,yes,no,3,184538.8,35039.22,Chicago,Bank of America , Magnificent Mile,medium,low,"I've had an excellent experience with the bank's quick mortgage approval. Their team is consistently supportive, and using their services has made managing my finances much easier. From digital banking to in-person interactions, everything feels smooth and efficient. I highly recommend their service to anyone looking for reliability."
ZJXN-9181-HCJD-8554,21,2022,no,no,no,0,88552.29,29966.25,Seattle,Chase , Seattle Pike Street,medium,low,"My experience with the bank has been generally fine, especially regarding ordinary mortgage process. There have been occasional issues but nothing too disruptive. Service is functional and gets the job done. I wouldn't call it exceptional, but it certainly meets most of my banking needs without much hassle."
LPJO-9389-OKUF-2514,19,2024,no,yes,no,5,59534.04,389346.18,Chicago,Bank of America , Magnificent Mile,high,medium,"I've had an excellent experience with the bank's mobile check deposits. Their team is consistently supportive, and using their services has made managing my finances much easier. From digital banking to in-person interactions, everything feels smooth and efficient. I highly recommend their service to anyone looking for reliability."
WFNA-9216-MEGG-8060,31,2012,no,yes,no,4,168945.2,247807.13,Chicago,Bank of America , Magnificent Mile,low,low,"I've had an excellent experience with the bank's friendly customer service. Their team is consistently supportive, and using their services has made managing my finances much easier. From digital banking to in-person interactions, everything feels smooth and efficient. I highly recommend their service to anyone looking for reliability."
SKHB-1465-ABAW-4763,53,2016,yes,no,yes,4,54288.21,403871.54,New York,Chase , 5th Avenue,low,medium,"I've had an excellent experience with the bank's fraud protection efficiency. Their team is consistently supportive, and using their services has made managing my finances much easier. From digital banking to in-person interactions, everything feels smooth and efficient. I highly recommend their service to anyone looking for reliability."
CLSL-9486-SKVI-0975,57,2005,no,yes,yes,1,193500.42,146567.88,New York,Chase , 5th Avenue,low,low,"I've had an excellent experience with the bank's reward programs. Their team is consistently supportive, and using their services has made managing my finances much easier. From digital banking to in-person interactions, everything feels smooth and efficient. I highly recommend their service to anyone looking for reliability."
WLLV-7668-XIPI-2078,68,1990,yes,no,yes,1,229171.83,134939.05,San Francisco,Bank of America , Embarcadero,low,low,"I've had an excellent experience with the bank's friendly customer service. Their team is consistently supportive, and using their services has made managing my finances much easier. From digital banking to in-person interactions, everything feels smooth and efficient. I highly recommend their service to anyone looking for reliability."
ZKTX-4988-VFBO-9612,57,2018,no,yes,no,4,20311.93,337201.47,New York,Chase , 5th Avenue,medium,high,"My experience with the bank has been generally fine, especially regarding average online experience. There have been occasional issues but nothing too disruptive. Service is functional and gets the job done. I wouldn't call it exceptional, but it certainly meets most of my banking needs without much hassle."
WSXK-7707-CBVT-4962,46,1998,no,no,yes,5,124420.39,409170.59,San Francisco,Bank of America , Embarcadero,high,high,"I've had an excellent experience with the bank's friendly customer service. Their team is consistently supportive, and using their services has made managing my finances much easier. From digital banking to in-person interactions, everything feels smooth and efficient. I highly recommend their service to anyone looking for reliability."
SCIR-5991-AWIP-8547,52,2012,no,no,yes,3,23708.01,52884.35,New York,Chase , 5th Avenue,high,high,"My recent interactions with the bank have been disappointing, particularly related to unreliable mobile app. Customer support was slow to respond, and I encountered multiple obstacles while trying to resolve basic issues. The overall banking experience left much to be desired, pushing me to consider alternatives."
VHZJ-5367-RXFU-6439,29,2014,no,no,no,0,157562.82,267930.31,Miami,Wells Fargo , Brickell Avenue,medium,medium,"I've had an excellent experience with the bank's helpful financial advice. Their team is consistently supportive, and using their services has made managing my finances much easier. From digital banking to in-person interactions, everything feels smooth and efficient. I highly recommend their service to anyone looking for reliability."
GSOQ-0485-XUMT-7534,83,2016,yes,yes,no,3,249794.91,453927.3,Austin,Wells Fargo , Congress Avenue,high,high,"My experience with the bank has been generally fine, especially regarding mobile deposit takes time. There have been occasional issues but nothing too disruptive. Service is functional and gets the job done. I wouldn't call it exceptional, but it certainly meets most of my banking needs without much hassle."
BCZS-4910-JGDE-3000,51,1992,yes,no,yes,4,40740.83,16264.5,Dallas,Wells Fargo , Main Street Dallas,medium,high,"I've had an excellent experience with the bank's Zelle payment speed. Their team is consistently supportive, and using their services has made managing my finances much easier. From digital banking to in-person interactions, everything feels smooth and efficient. I highly recommend their service to anyone looking for reliability."
DUAP-9955-HHAZ-0161,73,2009,yes,yes,no,4,188189.61,382045.65,Denver,Chase , Denver 16th Street,low,medium,"I've had an excellent experience with the bank's friendly customer service. Their team is consistently supportive, and using their services has made managing my finances much easier. From digital banking to in-person interactions, everything feels smooth and efficient. I highly recommend their service to anyone looking for reliability."
FWFF-8719-MFEU-7242,43,2010,yes,no,no,4,117705.87,224523.69,Denver,Chase , Denver 16th Street,low,high,"My recent interactions with the bank have been disappointing, particularly related to unreliable mobile app. Customer support was slow to respond, and I encountered multiple obstacles while trying to resolve basic issues. The overall banking experience left much to be desired, pushing me to consider alternatives."
SLDH-8870-JUGM-6143,85,2016,no,no,no,0,49788.04,427841.48,Chicago,Bank of America , Magnificent Mile,low,low,"I've had an excellent experience with the bank's easy credit card replacement. Their team is consistently supportive, and using their services has made managing my finances much easier. From digital banking to in-person interactions, everything feels smooth and efficient. I highly recommend their service to anyone looking for reliability."
ACOF-1971-NNDK-4120,36,2007,no,no,yes,1,193920.19,989.17,Chicago,Bank of America , Magnificent Mile,low,low,"I've had an excellent experience with the bank's Zelle payment speed. Their team is consistently supportive, and using their services has made managing my finances much easier. From digital banking to in-person interactions, everything feels smooth and efficient. I highly recommend their service to anyone looking for reliability."
XJGY-5864-FDPY-8698,49,2008,no,no,yes,4,41139.03,2414.63,Boston,Bank of America , Boylston Street,high,high,"My experience with the bank has been generally fine, especially regarding mobile deposit takes time. There have been occasional issues but nothing too disruptive. Service is functional and gets the job done. I wouldn't call it exceptional, but it certainly meets most of my banking needs without much hassle."
UBEU-8931-XAKE-6837,29,2014,no,yes,no,3,20438.52,477472.49,Denver,Chase , Denver 16th Street,low,medium,"My recent interactions with the bank have been disappointing, particularly related to confusing mortgage process. Customer support was slow to respond, and I encountered multiple obstacles while trying to resolve basic issues. The overall banking experience left much to be desired, pushing me to consider alternatives."
DXTM-4431-WPKF-5038,48,1998,no,yes,no,5,210442.26,336627.06,Denver,Chase , Denver 16th Street,high,high,"My recent interactions with the bank have been disappointing, particularly related to unreliable mobile app. Customer support was slow to respond, and I encountered multiple obstacles while trying to resolve basic issues. The overall banking experience left much to be desired, pushing me to consider alternatives."
EEPD-3868-XSQX-3007,23,2020,yes,no,no,4,247413.11,475477.44,Austin,Wells Fargo , Congress Avenue,high,medium,"My recent interactions with the bank have been disappointing, particularly related to confusing mortgage process. Customer support was slow to respond, and I encountered multiple obstacles while trying to resolve basic issues. The overall banking experience left much to be desired, pushing me to consider alternatives."
LTKD-9903-HAPY-9324,49,1994,yes,yes,no,5,66492.75,217281.02,Austin,Wells Fargo , Congress Avenue,low,high,"I've had an excellent experience with the bank's seamless online banking. Their team is consistently supportive, and using their services has made managing my finances much easier. From digital banking to in-person interactions, everything feels smooth and efficient. I highly recommend their service to anyone looking for reliability."
TKKW-7127-ESZZ-6738,30,2023,yes,no,yes,5,156970.33,322880.89,Los Angeles,Chase , Downtown LA,high,medium,"I've had an excellent experience with the bank's friendly customer service. Their team is consistently supportive, and using their services has made managing my finances much easier. From digital banking to in-person interactions, everything feels smooth and efficient. I highly recommend their service to anyone looking for reliability."
EJTY-4704-JGUE-9988,57,1999,yes,yes,no,5,17829,181509.42,San Francisco,Bank of America , Embarcadero,medium,low,"My experience with the bank has been generally fine, especially regarding good but glitchy app. There have been occasional issues but nothing too disruptive. Service is functional and gets the job done. I wouldn't call it exceptional, but it certainly meets most of my banking needs without much hassle."
PCVJ-6994-XOQD-1316,21,2022,no,no,no,0,151771.1,352026.82,Dallas,Wells Fargo , Main Street Dallas,medium,medium,"I've had an excellent experience with the bank's seamless online banking. Their team is consistently supportive, and using their services has made managing my finances much easier. From digital banking to in-person interactions, everything feels smooth and efficient. I highly recommend their service to anyone looking for reliability."
GVPJ-2664-RHLE-4145,30,2013,yes,no,yes,1,180989.89,269537.43,Austin,Wells Fargo , Congress Avenue,low,high,"I've had an excellent experience with the bank's mobile app convenience. Their team is consistently supportive, and using their services has made managing my finances much easier. From digital banking to in-person interactions, everything feels smooth and efficient. I highly recommend their service to anyone looking for reliability."
UABD-1357-ZJIV-7753,46,2022,no,no,yes,1,240828.52,195541.02,Boston,Bank of America , Boylston Street,low,high,"I've had an excellent experience with the bank's quick mortgage approval. Their team is consistently supportive, and using their services has made managing my finances much easier. From digital banking to in-person interactions, everything feels smooth and efficient. I highly recommend their service to anyone looking for reliability."
JZQG-0182-GNWN-7930,81,2006,no,yes,no,1,200572.13,179255.5,San Francisco,Bank of America , Embarcadero,low,medium,"My experience with the bank has been generally fine, especially regarding long wait times sometimes. There have been occasional issues but nothing too disruptive. Service is functional and gets the job done. I wouldn't call it exceptional, but it certainly meets most of my banking needs without much hassle."
PTZT-3977-KQFI-6059,62,2019,yes,yes,no,1,52475.53,47350.62,Dallas,Wells Fargo , Main Street Dallas,high,low,"I've had an excellent experience with the bank's easy credit card replacement. Their team is consistently supportive, and using their services has made managing my finances much easier. From digital banking to in-person interactions, everything feels smooth and efficient. I highly recommend their service to anyone looking for reliability."
XDUV-0567-GMVB-7633,31,2012,no,yes,yes,5,244019.92,172975.78,Boston,Bank of America , Boylston Street,low,medium,"My recent interactions with the bank have been disappointing, particularly related to app crashes during payment. Customer support was slow to respond, and I encountered multiple obstacles while trying to resolve basic issues. The overall banking experience left much to be desired, pushing me to consider alternatives."
GQDT-7836-ZIMM-5749,25,2019,yes,yes,yes,2,115220.58,11765.82,Seattle,Chase , Seattle Pike Street,low,low,"I've had an excellent experience with the bank's mobile app convenience. Their team is consistently supportive, and using their services has made managing my finances much easier. From digital banking to in-person interactions, everything feels smooth and efficient. I highly recommend their service to anyone looking for reliability."
PVVW-0510-TYLJ-5122,36,2019,yes,yes,yes,5,221559.99,453687.68,Boston,Bank of America , Boylston Street,low,low,"I've had an excellent experience with the bank's helpful financial advice. Their team is consistently supportive, and using their services has made managing my finances much easier. From digital banking to in-person interactions, everything feels smooth and efficient. I highly recommend their service to anyone looking for reliability."
JZUV-9907-XAYF-1754,26,2017,yes,yes,yes,5,227545.62,473251.95,Denver,Chase , Denver 16th Street,high,medium,"My recent interactions with the bank have been disappointing, particularly related to hidden banking fees. Customer support was slow to respond, and I encountered multiple obstacles while trying to resolve basic issues. The overall banking experience left much to be desired, pushing me to consider alternatives."
FVAR-3328-TGZR-9436,73,2010,yes,no,no,3,185470.43,485322.52,New York,Chase , 5th Avenue,medium,high,"My experience with the bank has been generally fine, especially regarding mobile deposit takes time. There have been occasional issues but nothing too disruptive. Service is functional and gets the job done. I wouldn't call it exceptional, but it certainly meets most of my banking needs without much hassle."
BNVL-2794-UOLC-0675,71,2004,no,no,yes,3,161179.22,166448.15,Chicago,Bank of America , Magnificent Mile,low,medium,"I've had an excellent experience with the bank's Zelle payment speed. Their team is consistently supportive, and using their services has made managing my finances much easier. From digital banking to in-person interactions, everything feels smooth and efficient. I highly recommend their service to anyone looking for reliability."
GLKU-3784-WHSP-9421,57,2021,yes,no,yes,2,146208.55,210927.87,Austin,Wells Fargo , Congress Avenue,medium,medium,"My recent interactions with the bank have been disappointing, particularly related to credit card disputes delays. Customer support was slow to respond, and I encountered multiple obstacles while trying to resolve basic issues. The overall banking experience left much to be desired, pushing me to consider alternatives."
LHSH-0931-IJPG-2505,58,1996,yes,no,yes,3,121469.85,1896.67,Boston,Bank of America , Boylston Street,medium,medium,"I've had an excellent experience with the bank's quick mortgage approval. Their team is consistently supportive, and using their services has made managing my finances much easier. From digital banking to in-person interactions, everything feels smooth and efficient. I highly recommend their service to anyone looking for reliability."
FSHF-1755-HVMJ-0680,37,2006,no,yes,no,3,215290.79,220998.92,Seattle,Chase , Seattle Pike Street,medium,high,"I've had an excellent experience with the bank's seamless online banking. Their team is consistently supportive, and using their services has made managing my finances much easier. From digital banking to in-person interactions, everything feels smooth and efficient. I highly recommend their service to anyone looking for reliability."
WIDN-2442-MTSL-0812,28,2015,yes,yes,no,5,23577.37,487483.61,Dallas,Wells Fargo , Main Street Dallas,low,high,"My experience with the bank has been generally fine, especially regarding ok rewards. There have been occasional issues but nothing too disruptive. Service is functional and gets the job done. I wouldn't call it exceptional, but it certainly meets most of my banking needs without much hassle."
FOEB-9608-RYUR-3802,79,2009,yes,yes,yes,2,218062.19,405847.51,Dallas,Wells Fargo , Main Street Dallas,medium,low,"My experience with the bank has been generally fine, especially regarding ordinary mortgage process. There have been occasional issues but nothing too disruptive. Service is functional and gets the job done. I wouldn't call it exceptional, but it certainly meets most of my banking needs without much hassle."
SBTX-5547-EPIG-8845,66,1999,yes,yes,yes,2,200798.03,216411.82,Dallas,Wells Fargo , Main Street Dallas,medium,high,"My recent interactions with the bank have been disappointing, particularly related to hidden banking fees. Customer support was slow to respond, and I encountered multiple obstacles while trying to resolve basic issues. The overall banking experience left much to be desired, pushing me to consider alternatives."
AXDJ-7432-KGKT-8506,50,2001,yes,no,no,2,166062.25,43970.71,San Francisco,Bank of America , Embarcadero,low,low,"I've had an excellent experience with the bank's fraud protection efficiency. Their team is consistently supportive, and using their services has made managing my finances much easier. From digital banking to in-person interactions, everything feels smooth and efficient. I highly recommend their service to anyone looking for reliability."
LKSN-2575-SOYE-9650,28,2023,yes,no,yes,1,216436.01,214517.25,Denver,Chase , Denver 16th Street,medium,low,"My experience with the bank has been generally fine, especially regarding standard credit card offers. There have been occasional issues but nothing too disruptive. Service is functional and gets the job done. I wouldn't call it exceptional, but it certainly meets most of my banking needs without much hassle."
HJEX-8722-NLCL-1073,54,2022,yes,yes,no,4,203322.13,268420.17,San Francisco,Bank of America , Embarcadero,medium,medium,"My recent interactions with the bank have been disappointing, particularly related to confusing mortgage process. Customer support was slow to respond, and I encountered multiple obstacles while trying to resolve basic issues. The overall banking experience left much to be desired, pushing me to consider alternatives."
MUZH-7071-VOKN-6669,62,1996,yes,yes,yes,2,52834.5,439081.33,Dallas,Wells Fargo , Main Street Dallas,medium,low,"My recent interactions with the bank have been disappointing, particularly related to long branch lines. Customer support was slow to respond, and I encountered multiple obstacles while trying to resolve basic issues. The overall banking experience left much to be desired, pushing me to consider alternatives."
LRYN-1190-WKZF-5136,49,1994,yes,no,yes,2,158655.68,475530.92,Dallas,Wells Fargo , Main Street Dallas,medium,low,"I've had an excellent experience with the bank's quick mortgage approval. Their team is consistently supportive, and using their services has made managing my finances much easier. From digital banking to in-person interactions, everything feels smooth and efficient. I highly recommend their service to anyone looking for reliability."
DCAK-4361-JLEZ-6401,30,2022,no,yes,yes,1,53341.58,499751.26,Los Angeles,Chase , Downtown LA,low,low,"My experience with the bank has been generally fine, especially regarding good but glitchy app. There have been occasional issues but nothing too disruptive. Service is functional and gets the job done. I wouldn't call it exceptional, but it certainly meets most of my banking needs without much hassle."
WHDA-3754-SIZY-0796,24,2019,yes,no,yes,4,64316.3,459491.79,Denver,Chase , Denver 16th Street,medium,low,"I've had an excellent experience with the bank's helpful financial advice. Their team is consistently supportive, and using their services has made managing my finances much easier. From digital banking to in-person interactions, everything feels smooth and efficient. I highly recommend their service to anyone looking for reliability."
WJCY-5389-DOGE-9620,30,2019,no,yes,yes,5,193052.54,442053.05,Los Angeles,Chase , Downtown LA,low,medium,"I've had an excellent experience with the bank's Zelle payment speed. Their team is consistently supportive, and using their services has made managing my finances much easier. From digital banking to in-person interactions, everything feels smooth and efficient. I highly recommend their service to anyone looking for reliability."
GPFS-7500-TOXB-9461,82,2006,yes,no,no,4,92234.34,182329.29,Denver,Chase , Denver 16th Street,low,high,"My recent interactions with the bank have been disappointing, particularly related to long branch lines. Customer support was slow to respond, and I encountered multiple obstacles while trying to resolve basic issues. The overall banking experience left much to be desired, pushing me to consider alternatives."
SOHC-7849-AWJC-7716,74,2011,yes,no,yes,5,43054.27,236274.12,Miami,Wells Fargo , Brickell Avenue,low,high,"I've had an excellent experience with the bank's easy credit card replacement. Their team is consistently supportive, and using their services has made managing my finances much easier. From digital banking to in-person interactions, everything feels smooth and efficient. I highly recommend their service to anyone looking for reliability."
JTBT-5707-RORT-0642,84,1990,no,yes,no,4,193706.41,357529.44,Boston,Bank of America , Boylston Street,medium,low,"My recent interactions with the bank have been disappointing, particularly related to slow fraud resolution. Customer support was slow to respond, and I encountered multiple obstacles while trying to resolve basic issues. The overall banking experience left much to be desired, pushing me to consider alternatives."
JIWW-3565-KMYM-0425,21,2022,yes,no,yes,1,225032.96,338423.05,Seattle,Chase , Seattle Pike Street,high,high,"I've had an excellent experience with the bank's seamless online banking. Their team is consistently supportive, and using their services has made managing my finances much easier. From digital banking to in-person interactions, everything feels smooth and efficient. I highly recommend their service to anyone looking for reliability."
BYUF-3249-RAVA-0344,80,1997,yes,no,no,1,24474.82,439153.33,Seattle,Chase , Seattle Pike Street,high,low,"I've had an excellent experience with the bank's Zelle payment speed. Their team is consistently supportive, and using their services has made managing my finances much easier. From digital banking to in-person interactions, everything feels smooth and efficient. I highly recommend their service to anyone looking for reliability."
FSJA-2283-XEUI-3481,19,2024,no,no,yes,4,54883.36,128446.58,New York,Chase , 5th Avenue,medium,low,"I've had an excellent experience with the bank's reward programs. Their team is consistently supportive, and using their services has made managing my finances much easier. From digital banking to in-person interactions, everything feels smooth and efficient. I highly recommend their service to anyone looking for reliability."
MVID-0804-AZOT-8267,41,2002,yes,no,yes,3,156579.23,381709.18,Chicago,Bank of America , Magnificent Mile,high,medium,"I've had an excellent experience with the bank's seamless online banking. Their team is consistently supportive, and using their services has made managing my finances much easier. From digital banking to in-person interactions, everything feels smooth and efficient. I highly recommend their service to anyone looking for reliability."
EBOX-2761-PJWM-6991,78,1991,no,no,no,0,117678.71,345046.77,Austin,Wells Fargo , Congress Avenue,low,high,"I've had an excellent experience with the bank's seamless online banking. Their team is consistently supportive, and using their services has made managing my finances much easier. From digital banking to in-person interactions, everything feels smooth and efficient. I highly recommend their service to anyone looking for reliability."
ZEHD-7000-UDIU-4262,29,2014,yes,yes,no,2,208511.09,194197.6,San Francisco,Bank of America , Embarcadero,low,medium,"My recent interactions with the bank have been disappointing, particularly related to unreliable mobile app. Customer support was slow to respond, and I encountered multiple obstacles while trying to resolve basic issues. The overall banking experience left much to be desired, pushing me to consider alternatives."
XPWV-8890-KESZ-3608,64,1992,no,yes,no,1,180161.82,347419.07,New York,Chase , 5th Avenue,high,high,"I've had an excellent experience with the bank's easy credit card replacement. Their team is consistently supportive, and using their services has made managing my finances much easier. From digital banking to in-person interactions, everything feels smooth and efficient. I highly recommend their service to anyone looking for reliability."
DCCW-5030-BWGV-1190,54,2024,no,yes,yes,5,17401.44,456437.36,Los Angeles,Chase , Downtown LA,high,medium,"My experience with the bank has been generally fine, especially regarding good but glitchy app. There have been occasional issues but nothing too disruptive. Service is functional and gets the job done. I wouldn't call it exceptional, but it certainly meets most of my banking needs without much hassle."
OMYR-4360-JMWL-4868,58,2004,yes,yes,yes,2,229224.11,188528.49,Denver,Chase , Denver 16th Street,high,medium,"I've had an excellent experience with the bank's mobile app convenience. Their team is consistently supportive, and using their services has made managing my finances much easier. From digital banking to in-person interactions, everything feels smooth and efficient. I highly recommend their service to anyone looking for reliability."
PRMX-7023-NFCW-5037,69,2005,yes,no,yes,2,144238.39,46736.2,Boston,Bank of America , Boylston Street,medium,low,"I've had an excellent experience with the bank's reward programs. Their team is consistently supportive, and using their services has made managing my finances much easier. From digital banking to in-person interactions, everything feels smooth and efficient. I highly recommend their service to anyone looking for reliability."
PZHH-1693-UBNH-7722,81,2016,no,yes,no,4,207761.78,292603.9,Miami,Wells Fargo , Brickell Avenue,medium,low,"My recent interactions with the bank have been disappointing, particularly related to loan approval frustration. Customer support was slow to respond, and I encountered multiple obstacles while trying to resolve basic issues. The overall banking experience left much to be desired, pushing me to consider alternatives."
BBXM-0766-NIMZ-5759,61,2010,yes,yes,yes,3,228287.73,164757.9,San Francisco,Bank of America , Embarcadero,low,low,"My experience with the bank has been generally fine, especially regarding standard credit card offers. There have been occasional issues but nothing too disruptive. Service is functional and gets the job done. I wouldn't call it exceptional, but it certainly meets most of my banking needs without much hassle."
NNDW-7462-ECJZ-6234,81,2022,yes,no,no,2,51369.65,427040.96,Los Angeles,Chase , Downtown LA,high,low,"My experience with the bank has been generally fine, especially regarding basic fraud alerts. There have been occasional issues but nothing too disruptive. Service is functional and gets the job done. I wouldn't call it exceptional, but it certainly meets most of my banking needs without much hassle."
TDMJ-7168-GKXC-8885,47,2014,yes,yes,no,2,117255.95,369072.89,Denver,Chase , Denver 16th Street,medium,medium,"I've had an excellent experience with the bank's quick mortgage approval. Their team is consistently supportive, and using their services has made managing my finances much easier. From digital banking to in-person interactions, everything feels smooth and efficient. I highly recommend their service to anyone looking for reliability."
JHGP-9510-RZZE-1201,77,1999,yes,no,yes,3,38910.22,230346.28,Seattle,Chase , Seattle Pike Street,low,high,"My recent interactions with the bank have been disappointing, particularly related to slow fraud resolution. Customer support was slow to respond, and I encountered multiple obstacles while trying to resolve basic issues. The overall banking experience left much to be desired, pushing me to consider alternatives."
LKVW-7012-FDYI-9862,67,2006,no,yes,no,5,184825.12,108256.52,Austin,Wells Fargo , Congress Avenue,medium,medium,"I've had an excellent experience with the bank's fraud protection efficiency. Their team is consistently supportive, and using their services has made managing my finances much easier. From digital banking to in-person interactions, everything feels smooth and efficient. I highly recommend their service to anyone looking for reliability."
RFXW-5250-PFRI-3903,20,2023,no,no,yes,2,133264.89,162158.81,Dallas,Wells Fargo , Main Street Dallas,medium,high,"I've had an excellent experience with the bank's helpful financial advice. Their team is consistently supportive, and using their services has made managing my finances much easier. From digital banking to in-person interactions, everything feels smooth and efficient. I highly recommend their service to anyone looking for reliability."
URXT-2630-GGGG-3497,38,2005,no,no,no,0,139098.17,490632.59,Chicago,Bank of America , Magnificent Mile,medium,low,"I've had an excellent experience with the bank's mobile app convenience. Their team is consistently supportive, and using their services has made managing my finances much easier. From digital banking to in-person interactions, everything feels smooth and efficient. I highly recommend their service to anyone looking for reliability."
CIWY-2742-XADH-6405,23,2020,no,no,no,0,17417.12,326351.33,Boston,Bank of America , Boylston Street,medium,high,"My experience with the bank has been generally fine, especially regarding average online experience. There have been occasional issues but nothing too disruptive. Service is functional and gets the job done. I wouldn't call it exceptional, but it certainly meets most of my banking needs without much hassle."
FPPU-9441-FMVF-5045,26,2017,no,yes,no,3,113128.7,69181.58,Los Angeles,Chase , Downtown LA,high,low,"I've had an excellent experience with the bank's Zelle payment speed. Their team is consistently supportive, and using their services has made managing my finances much easier. From digital banking to in-person interactions, everything feels smooth and efficient. I highly recommend their service to anyone looking for reliability."
MHGT-3538-EATA-6047,82,2020,yes,no,yes,2,136497.93,468063.26,Los Angeles,Chase , Downtown LA,medium,high,"My experience with the bank has been generally fine, especially regarding mobile deposit takes time. There have been occasional issues but nothing too disruptive. Service is functional and gets the job done. I wouldn't call it exceptional, but it certainly meets most of my banking needs without much hassle."
CUCE-4090-ZZJJ-7799,60,2013,yes,no,yes,2,200228.59,343652.08,Los Angeles,Chase , Downtown LA,high,low,"I've had an excellent experience with the bank's mobile app convenience. Their team is consistently supportive, and using their services has made managing my finances much easier. From digital banking to in-person interactions, everything feels smooth and efficient. I highly recommend their service to anyone looking for reliability."
BXMK-4323-WBCS-1458,71,1995,no,no,no,0,197480.24,157135.3,Austin,Wells Fargo , Congress Avenue,high,high,"I've had an excellent experience with the bank's mobile check deposits. Their team is consistently supportive, and using their services has made managing my finances much easier. From digital banking to in-person interactions, everything feels smooth and efficient. I highly recommend their service to anyone looking for reliability."
PCKF-1592-HUZF-0747,25,2020,no,no,no,0,74852.4,218167.1,San Francisco,Bank of America , Embarcadero,low,high,"I've had an excellent experience with the bank's Zelle payment speed. Their team is consistently supportive, and using their services has made managing my finances much easier. From digital banking to in-person interactions, everything feels smooth and efficient. I highly recommend their service to anyone looking for reliability."
LBRI-1416-SKSG-2926,51,1999,yes,no,yes,3,191151.11,65118.96,New York,Chase , 5th Avenue,high,low,"I've had an excellent experience with the bank's helpful financial advice. Their team is consistently supportive, and using their services has made managing my finances much easier. From digital banking to in-person interactions, everything feels smooth and efficient. I highly recommend their service to anyone looking for reliability."
VZTL-1561-AMMR-8111,40,2003,no,yes,yes,3,211440.4,415066.15,Chicago,Bank of America , Magnificent Mile,high,medium,"I've had an excellent experience with the bank's quick mortgage approval. Their team is consistently supportive, and using their services has made managing my finances much easier. From digital banking to in-person interactions, everything feels smooth and efficient. I highly recommend their service to anyone looking for reliability."
WRIY-1565-XZZA-6011,80,1996,no,yes,yes,2,52039.44,441520.44,Seattle,Chase , Seattle Pike Street,medium,low,"My experience with the bank has been generally fine, especially regarding long wait times sometimes. There have been occasional issues but nothing too disruptive. Service is functional and gets the job done. I wouldn't call it exceptional, but it certainly meets most of my banking needs without much hassle."
FMUK-4168-OKAU-6285,69,2004,yes,no,yes,3,211353.24,477676.96,Dallas,Wells Fargo , Main Street Dallas,low,low,"I've had an excellent experience with the bank's helpful financial advice. Their team is consistently supportive, and using their services has made managing my finances much easier. From digital banking to in-person interactions, everything feels smooth and efficient. I highly recommend their service to anyone looking for reliability."
RNSG-0161-EMKS-3696,21,2022,no,yes,yes,2,58330.41,198760.34,Denver,Chase , Denver 16th Street,medium,low,"I've had an excellent experience with the bank's quick mortgage approval. Their team is consistently supportive, and using their services has made managing my finances much easier. From digital banking to in-person interactions, everything feels smooth and efficient. I highly recommend their service to anyone looking for reliability."
JNSL-0840-UZFY-7557,21,2022,no,no,yes,1,204462.51,40192.53,New York,Chase , 5th Avenue,low,medium,"I've had an excellent experience with the bank's helpful financial advice. Their team is consistently supportive, and using their services has made managing my finances much easier. From digital banking to in-person interactions, everything feels smooth and efficient. I highly recommend their service to anyone looking for reliability."
RMMU-1406-QVKW-1224,22,2021,yes,yes,yes,3,211255.72,91769.9,New York,Chase , 5th Avenue,medium,medium,"I've had an excellent experience with the bank's mobile app convenience. Their team is consistently supportive, and using their services has made managing my finances much easier. From digital banking to in-person interactions, everything feels smooth and efficient. I highly recommend their service to anyone looking for reliability."
VPZU-8293-SGBO-0967,74,2000,no,no,no,0,230231.75,2664.69,Denver,Chase , Denver 16th Street,low,high,"I've had an excellent experience with the bank's friendly customer service. Their team is consistently supportive, and using their services has made managing my finances much easier. From digital banking to in-person interactions, everything feels smooth and efficient. I highly recommend their service to anyone looking for reliability."
QVOD-0321-IZQJ-6250,59,2006,yes,yes,no,4,186203.98,408811.83,New York,Chase , 5th Avenue,high,medium,"My recent interactions with the bank have been disappointing, particularly related to hidden banking fees. Customer support was slow to respond, and I encountered multiple obstacles while trying to resolve basic issues. The overall banking experience left much to be desired, pushing me to consider alternatives."
YGAF-9611-RLYI-1337,46,2004,yes,no,yes,3,57342.86,430589.49,Miami,Wells Fargo , Brickell Avenue,low,high,"My recent interactions with the bank have been disappointing, particularly related to confusing mortgage process. Customer support was slow to respond, and I encountered multiple obstacles while trying to resolve basic issues. The overall banking experience left much to be desired, pushing me to consider alternatives."
ADMD-3253-YWCK-8322,62,1993,no,no,yes,1,210154.62,359263.15,Miami,Wells Fargo , Brickell Avenue,medium,medium,"I've had an excellent experience with the bank's easy credit card replacement. Their team is consistently supportive, and using their services has made managing my finances much easier. From digital banking to in-person interactions, everything feels smooth and efficient. I highly recommend their service to anyone looking for reliability."
WYRD-8260-COJQ-1141,39,2009,no,yes,no,2,161505.74,313300.91,San Francisco,Bank of America , Embarcadero,medium,low,"I've had an excellent experience with the bank's Zelle payment speed. Their team is consistently supportive, and using their services has made managing my finances much easier. From digital banking to in-person interactions, everything feels smooth and efficient. I highly recommend their service to anyone looking for reliability."
VGZA-8051-DKDQ-4100,82,2024,no,no,yes,3,190823.17,496858.65,Austin,Wells Fargo , Congress Avenue,medium,low,"My recent interactions with the bank have been disappointing, particularly related to long branch lines. Customer support was slow to respond, and I encountered multiple obstacles while trying to resolve basic issues. The overall banking experience left much to be desired, pushing me to consider alternatives."
WZDM-3642-AGJB-0706,19,2024,yes,yes,yes,1,196337.1,452059.18,Chicago,Bank of America , Magnificent Mile,medium,low,"I've had an excellent experience with the bank's helpful financial advice. Their team is consistently supportive, and using their services has made managing my finances much easier. From digital banking to in-person interactions, everything feels smooth and efficient. I highly recommend their service to anyone looking for reliability."
QBAA-8266-GKFY-5552,51,2024,yes,yes,yes,1,96896.54,96214.25,Denver,Chase , Denver 16th Street,low,low,"I've had an excellent experience with the bank's reward programs. Their team is consistently supportive, and using their services has made managing my finances much easier. From digital banking to in-person interactions, everything feels smooth and efficient. I highly recommend their service to anyone looking for reliability."
GUUO-9162-EAMG-3435,63,1994,yes,yes,no,5,204259.75,172026.23,New York,Chase , 5th Avenue,low,low,"I've had an excellent experience with the bank's easy credit card replacement. Their team is consistently supportive, and using their services has made managing my finances much easier. From digital banking to in-person interactions, everything feels smooth and efficient. I highly recommend their service to anyone looking for reliability."
JBZZ-8957-DXOO-1209,61,2008,no,yes,yes,3,151510.39,406579.69,Denver,Chase , Denver 16th Street,high,medium,"My recent interactions with the bank have been disappointing, particularly related to credit card disputes delays. Customer support was slow to respond, and I encountered multiple obstacles while trying to resolve basic issues. The overall banking experience left much to be desired, pushing me to consider alternatives."
EKGZ-6586-TUBB-6633,49,2002,yes,no,yes,3,230997.06,296047.75,Los Angeles,Chase , Downtown LA,low,low,"My experience with the bank has been generally fine, especially regarding standard credit card offers. There have been occasional issues but nothing too disruptive. Service is functional and gets the job done. I wouldn't call it exceptional, but it certainly meets most of my banking needs without much hassle."
DCWW-3171-SSJL-2794,47,1997,yes,no,no,4,52997.69,289893.77,Boston,Bank of America , Boylston Street,medium,medium,"I've had an excellent experience with the bank's fraud protection efficiency. Their team is consistently supportive, and using their services has made managing my finances much easier. From digital banking to in-person interactions, everything feels smooth and efficient. I highly recommend their service to anyone looking for reliability."
HQUJ-8561-FTWE-9369,35,2008,yes,yes,yes,3,109349.8,37626.98,Denver,Chase , Denver 16th Street,medium,medium,"I've had an excellent experience with the bank's fraud protection efficiency. Their team is consistently supportive, and using their services has made managing my finances much easier. From digital banking to in-person interactions, everything feels smooth and efficient. I highly recommend their service to anyone looking for reliability."
CMMS-5909-JLEC-1898,38,2005,yes,no,yes,4,197095.38,134100.85,Denver,Chase , Denver 16th Street,low,high,"I've had an excellent experience with the bank's reward programs. Their team is consistently supportive, and using their services has made managing my finances much easier. From digital banking to in-person interactions, everything feels smooth and efficient. I highly recommend their service to anyone looking for reliability."
UENW-9955-EALO-5810,30,2013,yes,no,no,3,180202.8,49937.28,Los Angeles,Chase , Downtown LA,medium,low,"I've had an excellent experience with the bank's fraud protection efficiency. Their team is consistently supportive, and using their services has made managing my finances much easier. From digital banking to in-person interactions, everything feels smooth and efficient. I highly recommend their service to anyone looking for reliability."
UGMG-1455-VKLF-1597,53,2020,no,yes,no,2,105027.36,448649.55,Seattle,Chase , Seattle Pike Street,low,high,"I've had an excellent experience with the bank's seamless online banking. Their team is consistently supportive, and using their services has made managing my finances much easier. From digital banking to in-person interactions, everything feels smooth and efficient. I highly recommend their service to anyone looking for reliability."
UBLX-7761-ZQDH-7899,33,2018,yes,yes,yes,4,154376.5,329922.38,New York,Chase , 5th Avenue,high,medium,"My experience with the bank has been generally fine, especially regarding mobile deposit takes time. There have been occasional issues but nothing too disruptive. Service is functional and gets the job done. I wouldn't call it exceptional, but it certainly meets most of my banking needs without much hassle."
BREL-3634-LUEZ-2295,25,2018,yes,yes,yes,2,177404.56,430029.92,San Francisco,Bank of America , Embarcadero,medium,low,"I've had an excellent experience with the bank's reward programs. Their team is consistently supportive, and using their services has made managing my finances much easier. From digital banking to in-person interactions, everything feels smooth and efficient. I highly recommend their service to anyone looking for reliability."
RQJW-7302-MEBW-1246,44,1999,yes,yes,no,1,171554.74,24684.68,San Francisco,Bank of America , Embarcadero,medium,medium,"I've had an excellent experience with the bank's reward programs. Their team is consistently supportive, and using their services has made managing my finances much easier. From digital banking to in-person interactions, everything feels smooth and efficient. I highly recommend their service to anyone looking for reliability."
ABHI-5939-VONL-5812,51,2019,yes,no,no,1,51031.47,46712.16,Denver,Chase , Denver 16th Street,high,low,"I've had an excellent experience with the bank's quick mortgage approval. Their team is consistently supportive, and using their services has made managing my finances much easier. From digital banking to in-person interactions, everything feels smooth and efficient. I highly recommend their service to anyone looking for reliability."
XFZT-7359-IGRC-6769,32,2011,yes,no,no,3,24740.13,246354.65,Dallas,Wells Fargo , Main Street Dallas,medium,high,"My recent interactions with the bank have been disappointing, particularly related to app crashes during payment. Customer support was slow to respond, and I encountered multiple obstacles while trying to resolve basic issues. The overall banking experience left much to be desired, pushing me to consider alternatives."
WXOH-1054-JBRX-2708,39,2017,no,yes,no,4,236547.67,82964.58,Los Angeles,Chase , Downtown LA,medium,high,"I've had an excellent experience with the bank's easy credit card replacement. Their team is consistently supportive, and using their services has made managing my finances much easier. From digital banking to in-person interactions, everything feels smooth and efficient. I highly recommend their service to anyone looking for reliability."
HQRT-4494-JIIS-9966,73,2007,yes,no,no,5,138913.55,96052.72,Boston,Bank of America , Boylston Street,high,high,"My recent interactions with the bank have been disappointing, particularly related to loan approval frustration. Customer support was slow to respond, and I encountered multiple obstacles while trying to resolve basic issues. The overall banking experience left much to be desired, pushing me to consider alternatives."
CJDF-3856-YQNJ-1039,73,2020,yes,no,yes,2,188819.18,133062.74,Chicago,Bank of America , Magnificent Mile,medium,low,"My recent interactions with the bank have been disappointing, particularly related to app crashes during payment. Customer support was slow to respond, and I encountered multiple obstacles while trying to resolve basic issues. The overall banking experience left much to be desired, pushing me to consider alternatives."
YUUH-7632-NWTD-9385,64,2009,yes,no,no,2,199647.87,195895.06,Denver,Chase , Denver 16th Street,high,low,"My recent interactions with the bank have been disappointing, particularly related to unreliable mobile app. Customer support was slow to respond, and I encountered multiple obstacles while trying to resolve basic issues. The overall banking experience left much to be desired, pushing me to consider alternatives."
BAKZ-0089-ZTJV-7255,19,2024,yes,no,no,1,192879.25,494428.54,Chicago,Bank of America , Magnificent Mile,medium,low,"I've had an excellent experience with the bank's fraud protection efficiency. Their team is consistently supportive, and using their services has made managing my finances much easier. From digital banking to in-person interactions, everything feels smooth and efficient. I highly recommend their service to anyone looking for reliability."
YNLA-4389-RANJ-4345,50,2001,yes,yes,yes,1,72735.71,136763.48,Boston,Bank of America , Boylston Street,medium,high,"I've had an excellent experience with the bank's easy credit card replacement. Their team is consistently supportive, and using their services has made managing my finances much easier. From digital banking to in-person interactions, everything feels smooth and efficient. I highly recommend their service to anyone looking for reliability."
EYLF-8213-SWJR-5804,19,2024,no,no,yes,5,119195.25,67189.44,Denver,Chase , Denver 16th Street,medium,low,"I've had an excellent experience with the bank's mobile check deposits. Their team is consistently supportive, and using their services has made managing my finances much easier. From digital banking to in-person interactions, everything feels smooth and efficient. I highly recommend their service to anyone looking for reliability."
UZUB-1639-GKNO-9142,64,2017,yes,yes,yes,3,211449.16,323507.95,Dallas,Wells Fargo , Main Street Dallas,low,high,"I've had an excellent experience with the bank's mobile app convenience. Their team is consistently supportive, and using their services has made managing my finances much easier. From digital banking to in-person interactions, everything feels smooth and efficient. I highly recommend their service to anyone looking for reliability."
DJYH-5693-BZMJ-5495,24,2019,yes,yes,no,1,141604.68,88818.28,Los Angeles,Chase , Downtown LA,low,medium,"My experience with the bank has been generally fine, especially regarding long wait times sometimes. There have been occasional issues but nothing too disruptive. Service is functional and gets the job done. I wouldn't call it exceptional, but it certainly meets most of my banking needs without much hassle."
ADKW-4344-HZIG-2122,46,2014,yes,yes,no,5,233964.6,71783.08,Austin,Wells Fargo , Congress Avenue,medium,high,"I've had an excellent experience with the bank's friendly customer service. Their team is consistently supportive, and using their services has made managing my finances much easier. From digital banking to in-person interactions, everything feels smooth and efficient. I highly recommend their service to anyone looking for reliability."
EYKV-9210-VPUC-2124,53,2015,yes,no,yes,3,244269.87,435154.2,New York,Chase , 5th Avenue,medium,medium,"I've had an excellent experience with the bank's seamless online banking. Their team is consistently supportive, and using their services has made managing my finances much easier. From digital banking to in-person interactions, everything feels smooth and efficient. I highly recommend their service to anyone looking for reliability."
GGBY-9007-UJSW-6671,63,1990,yes,no,yes,3,55764.08,135688.45,Los Angeles,Chase , Downtown LA,low,medium,"My recent interactions with the bank have been disappointing, particularly related to poor loyalty offers. Customer support was slow to respond, and I encountered multiple obstacles while trying to resolve basic issues. The overall banking experience left much to be desired, pushing me to consider alternatives."
ECIE-3655-ZXHB-9648,46,1997,yes,yes,no,2,17921.24,468428.3,Seattle,Chase , Seattle Pike Street,high,medium,"My recent interactions with the bank have been disappointing, particularly related to unreliable mobile app. Customer support was slow to respond, and I encountered multiple obstacles while trying to resolve basic issues. The overall banking experience left much to be desired, pushing me to consider alternatives."
LCIA-0632-ZAVB-1685,73,2009,yes,yes,yes,3,97007.02,449964.09,Dallas,Wells Fargo , Main Street Dallas,medium,low,"My recent interactions with the bank have been disappointing, particularly related to poor customer service. Customer support was slow to respond, and I encountered multiple obstacles while trying to resolve basic issues. The overall banking experience left much to be desired, pushing me to consider alternatives."
UPIV-5434-LKLX-0627,77,2020,no,no,no,0,225159.47,376025.93,Los Angeles,Chase , Downtown LA,medium,high,"I've had an excellent experience with the bank's quick mortgage approval. Their team is consistently supportive, and using their services has made managing my finances much easier. From digital banking to in-person interactions, everything feels smooth and efficient. I highly recommend their service to anyone looking for reliability."
CFJA-7842-QVSU-5927,55,2001,yes,no,no,1,126244.65,429174,Los Angeles,Chase , Downtown LA,low,high,"I've had an excellent experience with the bank's mobile check deposits. Their team is consistently supportive, and using their services has made managing my finances much easier. From digital banking to in-person interactions, everything feels smooth and efficient. I highly recommend their service to anyone looking for reliability."
ENGQ-4071-QWOK-5978,29,2021,yes,yes,no,5,57946.75,441102.4,Boston,Bank of America , Boylston Street,medium,high,"I've had an excellent experience with the bank's mobile app convenience. Their team is consistently supportive, and using their services has made managing my finances much easier. From digital banking to in-person interactions, everything feels smooth and efficient. I highly recommend their service to anyone looking for reliability."
VNUA-0737-JFJV-8853,52,2007,yes,no,yes,1,78137.04,214200.32,Los Angeles,Chase , Downtown LA,medium,low,"I've had an excellent experience with the bank's reward programs. Their team is consistently supportive, and using their services has made managing my finances much easier. From digital banking to in-person interactions, everything feels smooth and efficient. I highly recommend their service to anyone looking for reliability."
GOYO-6836-KELN-5555,50,2018,yes,yes,no,2,196587.05,184861.56,Boston,Bank of America , Boylston Street,low,medium,"I've had an excellent experience with the bank's mobile check deposits. Their team is consistently supportive, and using their services has made managing my finances much easier. From digital banking to in-person interactions, everything feels smooth and efficient. I highly recommend their service to anyone looking for reliability."
CIFW-4282-SICO-1396,23,2020,no,yes,yes,4,116960.26,353048.91,Chicago,Bank of America , Magnificent Mile,low,high,"I've had an excellent experience with the bank's helpful financial advice. Their team is consistently supportive, and using their services has made managing my finances much easier. From digital banking to in-person interactions, everything feels smooth and efficient. I highly recommend their service to anyone looking for reliability."
JXGR-3444-WXZU-1116,61,2004,no,no,no,0,236747.53,87190.54,New York,Chase , 5th Avenue,medium,high,"I've had an excellent experience with the bank's mobile check deposits. Their team is consistently supportive, and using their services has made managing my finances much easier. From digital banking to in-person interactions, everything feels smooth and efficient. I highly recommend their service to anyone looking for reliability."
XMMJ-5186-IZCG-9218,20,2023,yes,no,yes,2,172910.98,24955.47,Dallas,Wells Fargo , Main Street Dallas,medium,high,"I've had an excellent experience with the bank's fraud protection efficiency. Their team is consistently supportive, and using their services has made managing my finances much easier. From digital banking to in-person interactions, everything feels smooth and efficient. I highly recommend their service to anyone looking for reliability."
FFYH-0558-GCBU-1772,55,2004,no,no,no,0,122403.56,198089.65,Seattle,Chase , Seattle Pike Street,medium,low,"My recent interactions with the bank have been disappointing, particularly related to poor customer service. Customer support was slow to respond, and I encountered multiple obstacles while trying to resolve basic issues. The overall banking experience left much to be desired, pushing me to consider alternatives."
SXKL-6716-ZDLT-2720,62,2016,no,no,no,0,174667.6,193849.72,Boston,Bank of America , Boylston Street,low,medium,"My recent interactions with the bank have been disappointing, particularly related to slow fraud resolution. Customer support was slow to respond, and I encountered multiple obstacles while trying to resolve basic issues. The overall banking experience left much to be desired, pushing me to consider alternatives."
SFPD-4137-SOZU-9867,56,1995,no,yes,yes,1,121410.7,462251.41,Boston,Bank of America , Boylston Street,low,high,"I've had an excellent experience with the bank's fraud protection efficiency. Their team is consistently supportive, and using their services has made managing my finances much easier. From digital banking to in-person interactions, everything feels smooth and efficient. I highly recommend their service to anyone looking for reliability."
JLXG-7643-PWDV-7113,57,2011,yes,no,no,2,83163.15,118093.95,Miami,Wells Fargo , Brickell Avenue,medium,medium,"I've had an excellent experience with the bank's helpful financial advice. Their team is consistently supportive, and using their services has made managing my finances much easier. From digital banking to in-person interactions, everything feels smooth and efficient. I highly recommend their service to anyone looking for reliability."
HZEP-3499-RRXO-6816,47,2005,no,no,no,0,134661.07,105637.01,New York,Chase , 5th Avenue,medium,medium,"I've had an excellent experience with the bank's mobile app convenience. Their team is consistently supportive, and using their services has made managing my finances much easier. From digital banking to in-person interactions, everything feels smooth and efficient. I highly recommend their service to anyone looking for reliability."
ZGXP-9732-XVDL-1501,20,2023,no,yes,yes,1,187700.46,210314.85,Austin,Wells Fargo , Congress Avenue,medium,high,"My recent interactions with the bank have been disappointing, particularly related to credit card disputes delays. Customer support was slow to respond, and I encountered multiple obstacles while trying to resolve basic issues. The overall banking experience left much to be desired, pushing me to consider alternatives."
WPLM-7887-MLFN-6118,20,2023,no,no,no,0,133059.62,164745.19,Dallas,Wells Fargo , Main Street Dallas,high,low,"My recent interactions with the bank have been disappointing, particularly related to poor customer service. Customer support was slow to respond, and I encountered multiple obstacles while trying to resolve basic issues. The overall banking experience left much to be desired, pushing me to consider alternatives."
QYLK-1235-TKQG-1778,71,2003,no,yes,no,3,20656.54,421917.31,Seattle,Chase , Seattle Pike Street,high,medium,"My experience with the bank has been generally fine, especially regarding standard credit card offers. There have been occasional issues but nothing too disruptive. Service is functional and gets the job done. I wouldn't call it exceptional, but it certainly meets most of my banking needs without much hassle."
UWAK-5247-DDXB-4572,35,2008,yes,no,yes,2,167259.25,280517.21,New York,Chase , 5th Avenue,high,low,"My recent interactions with the bank have been disappointing, particularly related to loan approval frustration. Customer support was slow to respond, and I encountered multiple obstacles while trying to resolve basic issues. The overall banking experience left much to be desired, pushing me to consider alternatives."
KWWG-7283-YBDK-9146,21,2022,no,yes,yes,4,194196.1,201109.57,Boston,Bank of America , Boylston Street,low,high,"I've had an excellent experience with the bank's Zelle payment speed. Their team is consistently supportive, and using their services has made managing my finances much easier. From digital banking to in-person interactions, everything feels smooth and efficient. I highly recommend their service to anyone looking for reliability."
KONH-4294-SRIM-9762,40,2022,yes,yes,no,3,147035.29,209339.78,New York,Chase , 5th Avenue,medium,low,"My experience with the bank has been generally fine, especially regarding standard credit card offers. There have been occasional issues but nothing too disruptive. Service is functional and gets the job done. I wouldn't call it exceptional, but it certainly meets most of my banking needs without much hassle."
ROHB-7468-PZKW-5605,76,1990,no,no,no,0,110227.91,145968.36,Los Angeles,Chase , Downtown LA,low,low,"I've had an excellent experience with the bank's friendly customer service. Their team is consistently supportive, and using their services has made managing my finances much easier. From digital banking to in-person interactions, everything feels smooth and efficient. I highly recommend their service to anyone looking for reliability."
AYAG-8775-NZEH-9953,29,2014,no,no,yes,5,81335.09,387543.71,Denver,Chase , Denver 16th Street,high,medium,"My experience with the bank has been generally fine, especially regarding standard credit card offers. There have been occasional issues but nothing too disruptive. Service is functional and gets the job done. I wouldn't call it exceptional, but it certainly meets most of my banking needs without much hassle."
DFTF-3375-ZQZX-8568,40,2003,no,no,yes,2,101448.14,498117.08,Austin,Wells Fargo , Congress Avenue,high,low,"I've had an excellent experience with the bank's seamless online banking. Their team is consistently supportive, and using their services has made managing my finances much easier. From digital banking to in-person interactions, everything feels smooth and efficient. I highly recommend their service to anyone looking for reliability."
EGUO-4282-RSAK-1281,83,2007,yes,yes,yes,5,174399.22,370190.44,Dallas,Wells Fargo , Main Street Dallas,medium,high,"I've had an excellent experience with the bank's helpful financial advice. Their team is consistently supportive, and using their services has made managing my finances much easier. From digital banking to in-person interactions, everything feels smooth and efficient. I highly recommend their service to anyone looking for reliability."
AZIA-1066-NBKZ-6052,78,2022,yes,no,no,5,78703.64,110897,Boston,Bank of America , Boylston Street,low,medium,"I've had an excellent experience with the bank's seamless online banking. Their team is consistently supportive, and using their services has made managing my finances much easier. From digital banking to in-person interactions, everything feels smooth and efficient. I highly recommend their service to anyone looking for reliability."
PCIZ-2292-JNKU-0767,31,2014,no,yes,yes,2,15346.08,469741.19,Boston,Bank of America , Boylston Street,low,low,"My experience with the bank has been generally fine, especially regarding average service quality. There have been occasional issues but nothing too disruptive. Service is functional and gets the job done. I wouldn't call it exceptional, but it certainly meets most of my banking needs without much hassle."
UWCD-7813-VZWZ-0468,37,2016,no,yes,no,1,62842.97,256588.74,Austin,Wells Fargo , Congress Avenue,high,low,"I've had an excellent experience with the bank's mobile check deposits. Their team is consistently supportive, and using their services has made managing my finances much easier. From digital banking to in-person interactions, everything feels smooth and efficient. I highly recommend their service to anyone looking for reliability."
DHQT-2361-NKLY-9761,76,2000,no,yes,yes,4,237279.26,275133.89,Boston,Bank of America , Boylston Street,high,medium,"My recent interactions with the bank have been disappointing, particularly related to poor customer service. Customer support was slow to respond, and I encountered multiple obstacles while trying to resolve basic issues. The overall banking experience left much to be desired, pushing me to consider alternatives."
OMEM-6499-OUAT-0021,21,2022,no,yes,no,4,58204.92,323422.93,Dallas,Wells Fargo , Main Street Dallas,high,medium,"My experience with the bank has been generally fine, especially regarding basic fraud alerts. There have been occasional issues but nothing too disruptive. Service is functional and gets the job done. I wouldn't call it exceptional, but it certainly meets most of my banking needs without much hassle."
FVMH-5230-MGZJ-8706,18,2025,yes,no,yes,1,202955.13,203072.26,Miami,Wells Fargo , Brickell Avenue,low,low,"I've had an excellent experience with the bank's seamless online banking. Their team is consistently supportive, and using their services has made managing my finances much easier. From digital banking to in-person interactions, everything feels smooth and efficient. I highly recommend their service to anyone looking for reliability."
SSYT-5927-XFYK-1277,35,2008,yes,yes,no,3,164366.62,402232.33,Boston,Bank of America , Boylston Street,medium,low,"I've had an excellent experience with the bank's helpful financial advice. Their team is consistently supportive, and using their services has made managing my finances much easier. From digital banking to in-person interactions, everything feels smooth and efficient. I highly recommend their service to anyone looking for reliability."
SNLX-7570-GFDZ-3194,45,2010,no,yes,no,2,249605.16,340233.4,Dallas,Wells Fargo , Main Street Dallas,medium,low,"I've had an excellent experience with the bank's reward programs. Their team is consistently supportive, and using their services has made managing my finances much easier. From digital banking to in-person interactions, everything feels smooth and efficient. I highly recommend their service to anyone looking for reliability."
PLII-3091-IELK-2930,55,1999,no,yes,no,1,110838.14,9283.68,Miami,Wells Fargo , Brickell Avenue,low,low,"I've had an excellent experience with the bank's mobile app convenience. Their team is consistently supportive, and using their services has made managing my finances much easier. From digital banking to in-person interactions, everything feels smooth and efficient. I highly recommend their service to anyone looking for reliability."
SYDO-6589-TRSQ-3316,49,1994,yes,no,no,3,208385.75,463422.45,Los Angeles,Chase , Downtown LA,low,low,"I've had an excellent experience with the bank's fraud protection efficiency. Their team is consistently supportive, and using their services has made managing my finances much easier. From digital banking to in-person interactions, everything feels smooth and efficient. I highly recommend their service to anyone looking for reliability."
YZGE-6351-FXFS-5422,18,2025,no,yes,no,2,46245.04,382427.56,Denver,Chase , Denver 16th Street,high,medium,"I've had an excellent experience with the bank's Zelle payment speed. Their team is consistently supportive, and using their services has made managing my finances much easier. From digital banking to in-person interactions, everything feels smooth and efficient. I highly recommend their service to anyone looking for reliability."
QAOF-0255-HZMY-9754,46,2017,no,yes,no,2,198037.85,139190.68,New York,Chase , 5th Avenue,low,low,"I've had an excellent experience with the bank's fraud protection efficiency. Their team is consistently supportive, and using their services has made managing my finances much easier. From digital banking to in-person interactions, everything feels smooth and efficient. I highly recommend their service to anyone looking for reliability."
TMRY-1461-QNQL-1305,83,2024,yes,yes,no,5,148939.56,499038.79,Seattle,Chase , Seattle Pike Street,low,high,"My recent interactions with the bank have been disappointing, particularly related to loan approval frustration. Customer support was slow to respond, and I encountered multiple obstacles while trying to resolve basic issues. The overall banking experience left much to be desired, pushing me to consider alternatives."
SLEY-9746-VBWZ-3530,70,1999,yes,yes,yes,3,24033.49,201616.08,San Francisco,Bank of America , Embarcadero,medium,high,"I've had an excellent experience with the bank's seamless online banking. Their team is consistently supportive, and using their services has made managing my finances much easier. From digital banking to in-person interactions, everything feels smooth and efficient. I highly recommend their service to anyone looking for reliability."
KWHT-7816-REBR-8234,54,1994,yes,no,no,4,206900.2,483895.31,Denver,Chase , Denver 16th Street,high,low,"My experience with the bank has been generally fine, especially regarding mobile deposit takes time. There have been occasional issues but nothing too disruptive. Service is functional and gets the job done. I wouldn't call it exceptional, but it certainly meets most of my banking needs without much hassle."
SEFN-8610-DSGK-4324,50,2001,no,yes,yes,3,147463.75,64405.43,Chicago,Bank of America , Magnificent Mile,medium,medium,"My recent interactions with the bank have been disappointing, particularly related to long branch lines. Customer support was slow to respond, and I encountered multiple obstacles while trying to resolve basic issues. The overall banking experience left much to be desired, pushing me to consider alternatives."
HKAW-6062-LVGN-5348,70,2001,yes,no,no,4,246537.68,454340.57,Seattle,Chase , Seattle Pike Street,high,high,"I've had an excellent experience with the bank's Zelle payment speed. Their team is consistently supportive, and using their services has made managing my finances much easier. From digital banking to in-person interactions, everything feels smooth and efficient. I highly recommend their service to anyone looking for reliability."
BTYW-8108-KZGJ-9966,49,2003,no,no,no,0,135970.45,355057.78,Chicago,Bank of America , Magnificent Mile,medium,high,"My experience with the bank has been generally fine, especially regarding ordinary mortgage process. There have been occasional issues but nothing too disruptive. Service is functional and gets the job done. I wouldn't call it exceptional, but it certainly meets most of my banking needs without much hassle."
YWEU-9522-YHFT-0208,19,2024,yes,yes,no,4,55576.65,261628.66,Chicago,Bank of America , Magnificent Mile,medium,high,"I've had an excellent experience with the bank's seamless online banking. Their team is consistently supportive, and using their services has made managing my finances much easier. From digital banking to in-person interactions, everything feels smooth and efficient. I highly recommend their service to anyone looking for reliability."
DJVY-8863-OXFB-5044,43,2023,yes,yes,yes,1,109575.97,14665.48,Los Angeles,Chase , Downtown LA,low,medium,"I've had an excellent experience with the bank's fraud protection efficiency. Their team is consistently supportive, and using their services has made managing my finances much easier. From digital banking to in-person interactions, everything feels smooth and efficient. I highly recommend their service to anyone looking for reliability."
IISN-1765-QMCL-2838,69,1999,yes,no,yes,1,219618.07,365544.59,Dallas,Wells Fargo , Main Street Dallas,high,low,"I've had an excellent experience with the bank's Zelle payment speed. Their team is consistently supportive, and using their services has made managing my finances much easier. From digital banking to in-person interactions, everything feels smooth and efficient. I highly recommend their service to anyone looking for reliability."
IENI-0671-ELNK-6063,20,2023,no,no,yes,5,213249.88,235038.66,Los Angeles,Chase , Downtown LA,low,high,"I've had an excellent experience with the bank's friendly customer service. Their team is consistently supportive, and using their services has made managing my finances much easier. From digital banking to in-person interactions, everything feels smooth and efficient. I highly recommend their service to anyone looking for reliability."
SFXL-0055-GIOL-2645,59,2014,no,yes,yes,2,228518.82,164753.26,Denver,Chase , Denver 16th Street,high,high,"My experience with the bank has been generally fine, especially regarding mobile deposit takes time. There have been occasional issues but nothing too disruptive. Service is functional and gets the job done. I wouldn't call it exceptional, but it certainly meets most of my banking needs without much hassle."
OLNJ-8028-FFMO-1531,41,2004,no,yes,yes,4,234134.69,496663.1,Chicago,Bank of America , Magnificent Mile,medium,high,"I've had an excellent experience with the bank's helpful financial advice. Their team is consistently supportive, and using their services has made managing my finances much easier. From digital banking to in-person interactions, everything feels smooth and efficient. I highly recommend their service to anyone looking for reliability."
FODE-0469-BZEM-2286,69,1998,yes,no,no,4,45951.52,2156.92,Miami,Wells Fargo , Brickell Avenue,medium,high,"My experience with the bank has been generally fine, especially regarding average online experience. There have been occasional issues but nothing too disruptive. Service is functional and gets the job done. I wouldn't call it exceptional, but it certainly meets most of my banking needs without much hassle."
WGAK-0130-KFHO-4537,75,2016,no,yes,no,4,93303.3,240145.95,San Francisco,Bank of America , Embarcadero,high,high,"I've had an excellent experience with the bank's mobile app convenience. Their team is consistently supportive, and using their services has made managing my finances much easier. From digital banking to in-person interactions, everything feels smooth and efficient. I highly recommend their service to anyone looking for reliability."
EJBN-3860-NSHW-1109,49,2009,no,no,yes,5,53391.2,112769.16,Dallas,Wells Fargo , Main Street Dallas,low,high,"I've had an excellent experience with the bank's reward programs. Their team is consistently supportive, and using their services has made managing my finances much easier. From digital banking to in-person interactions, everything feels smooth and efficient. I highly recommend their service to anyone looking for reliability."
LRNQ-2047-DIMX-1839,58,2015,yes,yes,yes,3,130195.12,98224.65,Los Angeles,Chase , Downtown LA,low,low,"My experience with the bank has been generally fine, especially regarding ordinary mortgage process. There have been occasional issues but nothing too disruptive. Service is functional and gets the job done. I wouldn't call it exceptional, but it certainly meets most of my banking needs without much hassle."
FJVV-3304-KNHA-2890,46,2016,yes,yes,yes,1,178327.3,416662.99,Austin,Wells Fargo , Congress Avenue,high,high,"I've had an excellent experience with the bank's mobile app convenience. Their team is consistently supportive, and using their services has made managing my finances much easier. From digital banking to in-person interactions, everything feels smooth and efficient. I highly recommend their service to anyone looking for reliability."
AKFF-1899-AHXH-1213,43,2023,no,yes,yes,3,24473.97,149134.99,Denver,Chase , Denver 16th Street,low,medium,"My recent interactions with the bank have been disappointing, particularly related to poor customer service. Customer support was slow to respond, and I encountered multiple obstacles while trying to resolve basic issues. The overall banking experience left much to be desired, pushing me to consider alternatives."
CIXP-8226-XZTX-9171,54,1990,no,no,no,0,119323.89,479384.5,Dallas,Wells Fargo , Main Street Dallas,medium,low,"I've had an excellent experience with the bank's Zelle payment speed. Their team is consistently supportive, and using their services has made managing my finances much easier. From digital banking to in-person interactions, everything feels smooth and efficient. I highly recommend their service to anyone looking for reliability."
EVCD-7244-RSQX-6699,18,2025,no,no,yes,4,31753.72,235608.5,Los Angeles,Chase , Downtown LA,low,high,"I've had an excellent experience with the bank's friendly customer service. Their team is consistently supportive, and using their services has made managing my finances much easier. From digital banking to in-person interactions, everything feels smooth and efficient. I highly recommend their service to anyone looking for reliability."
KAXC-8157-VCZE-3342,29,2020,yes,yes,no,5,77976.37,191763.33,Boston,Bank of America , Boylston Street,medium,low,"My recent interactions with the bank have been disappointing, particularly related to app crashes during payment. Customer support was slow to respond, and I encountered multiple obstacles while trying to resolve basic issues. The overall banking experience left much to be desired, pushing me to consider alternatives."
JMDB-1006-MSHT-0076,63,2022,yes,no,no,4,189367.09,364459.88,Denver,Chase , Denver 16th Street,low,medium,"I've had an excellent experience with the bank's helpful financial advice. Their team is consistently supportive, and using their services has made managing my finances much easier. From digital banking to in-person interactions, everything feels smooth and efficient. I highly recommend their service to anyone looking for reliability."
RZTO-3306-QNIA-3361,68,2013,yes,yes,no,1,166953.93,410629.08,Austin,Wells Fargo , Congress Avenue,low,low,"I've had an excellent experience with the bank's reward programs. Their team is consistently supportive, and using their services has made managing my finances much easier. From digital banking to in-person interactions, everything feels smooth and efficient. I highly recommend their service to anyone looking for reliability."
GAPK-2189-JKYH-4649,49,1994,no,no,no,0,141800.42,492356.02,Dallas,Wells Fargo , Main Street Dallas,low,high,"I've had an excellent experience with the bank's mobile check deposits. Their team is consistently supportive, and using their services has made managing my finances much easier. From digital banking to in-person interactions, everything feels smooth and efficient. I highly recommend their service to anyone looking for reliability."
BFZR-2201-WDGX-3394,28,2024,yes,yes,no,3,195702.18,383590.09,Boston,Bank of America , Boylston Street,high,high,"I've had an excellent experience with the bank's quick mortgage approval. Their team is consistently supportive, and using their services has made managing my finances much easier. From digital banking to in-person interactions, everything feels smooth and efficient. I highly recommend their service to anyone looking for reliability."
VGAS-0042-ZHMA-5159,65,2024,no,no,yes,5,119531.77,270242.45,New York,Chase , 5th Avenue,low,medium,"I've had an excellent experience with the bank's helpful financial advice. Their team is consistently supportive, and using their services has made managing my finances much easier. From digital banking to in-person interactions, everything feels smooth and efficient. I highly recommend their service to anyone looking for reliability."
FGBP-9229-YSBB-9072,61,1995,no,no,no,0,156073.59,433475.82,San Francisco,Bank of America , Embarcadero,high,low,"I've had an excellent experience with the bank's mobile check deposits. Their team is consistently supportive, and using their services has made managing my finances much easier. From digital banking to in-person interactions, everything feels smooth and efficient. I highly recommend their service to anyone looking for reliability."
XTKJ-8560-KFHW-8990,34,2009,yes,yes,no,2,76957.07,10332.51,San Francisco,Bank of America , Embarcadero,high,low,"My recent interactions with the bank have been disappointing, particularly related to hidden banking fees. Customer support was slow to respond, and I encountered multiple obstacles while trying to resolve basic issues. The overall banking experience left much to be desired, pushing me to consider alternatives."
VIUO-4852-YHVZ-3180,82,2020,yes,yes,yes,5,183175.1,299742.6,Seattle,Chase , Seattle Pike Street,high,low,"My experience with the bank has been generally fine, especially regarding average service quality. There have been occasional issues but nothing too disruptive. Service is functional and gets the job done. I wouldn't call it exceptional, but it certainly meets most of my banking needs without much hassle."
HGUB-2908-ELYJ-4133,46,1997,yes,yes,yes,3,103964.49,48124.25,Boston,Bank of America , Boylston Street,high,medium,"My recent interactions with the bank have been disappointing, particularly related to loan approval frustration. Customer support was slow to respond, and I encountered multiple obstacles while trying to resolve basic issues. The overall banking experience left much to be desired, pushing me to consider alternatives."
PBSJ-8663-WUHD-5597,24,2019,yes,no,yes,1,169662.8,55719.19,Boston,Bank of America , Boylston Street,high,medium,"I've had an excellent experience with the bank's helpful financial advice. Their team is consistently supportive, and using their services has made managing my finances much easier. From digital banking to in-person interactions, everything feels smooth and efficient. I highly recommend their service to anyone looking for reliability."
HMQC-5928-VAHJ-1978,38,2005,yes,no,yes,4,227671.2,339060.28,New York,Chase , 5th Avenue,medium,medium,"I've had an excellent experience with the bank's Zelle payment speed. Their team is consistently supportive, and using their services has made managing my finances much easier. From digital banking to in-person interactions, everything feels smooth and efficient. I highly recommend their service to anyone looking for reliability."
UXKB-2307-CVAQ-3429,55,2020,yes,yes,yes,5,119291.36,31761.71,Dallas,Wells Fargo , Main Street Dallas,medium,high,"I've had an excellent experience with the bank's reward programs. Their team is consistently supportive, and using their services has made managing my finances much easier. From digital banking to in-person interactions, everything feels smooth and efficient. I highly recommend their service to anyone looking for reliability."
WZOU-1905-YULK-0653,61,2005,no,no,no,0,249483.51,66135.26,Miami,Wells Fargo , Brickell Avenue,medium,low,"My experience with the bank has been generally fine, especially regarding ordinary mortgage process. There have been occasional issues but nothing too disruptive. Service is functional and gets the job done. I wouldn't call it exceptional, but it certainly meets most of my banking needs without much hassle."
CKJP-2507-UISA-6028,66,1990,no,yes,yes,1,191024.47,36836.22,Los Angeles,Chase , Downtown LA,high,medium,"I've had an excellent experience with the bank's mobile check deposits. Their team is consistently supportive, and using their services has made managing my finances much easier. From digital banking to in-person interactions, everything feels smooth and efficient. I highly recommend their service to anyone looking for reliability."
PBPQ-2763-YMKN-5901,80,2018,yes,yes,no,4,109301.92,165322.05,New York,Chase , 5th Avenue,low,medium,"I've had an excellent experience with the bank's fraud protection efficiency. Their team is consistently supportive, and using their services has made managing my finances much easier. From digital banking to in-person interactions, everything feels smooth and efficient. I highly recommend their service to anyone looking for reliability."
OHMU-1190-JFFZ-5827,68,2005,no,yes,no,1,45377.44,265450.92,Los Angeles,Chase , Downtown LA,high,low,"I've had an excellent experience with the bank's seamless online banking. Their team is consistently supportive, and using their services has made managing my finances much easier. From digital banking to in-person interactions, everything feels smooth and efficient. I highly recommend their service to anyone looking for reliability."
EPXB-6229-SOVC-5128,33,2010,yes,yes,yes,1,28795.03,370389.97,Seattle,Chase , Seattle Pike Street,high,low,"I've had an excellent experience with the bank's mobile app convenience. Their team is consistently supportive, and using their services has made managing my finances much easier. From digital banking to in-person interactions, everything feels smooth and efficient. I highly recommend their service to anyone looking for reliability."
VVEG-0455-BCQB-5856,20,2023,no,yes,yes,3,192889.39,284211.85,Chicago,Bank of America , Magnificent Mile,high,high,"I've had an excellent experience with the bank's quick mortgage approval. Their team is consistently supportive, and using their services has made managing my finances much easier. From digital banking to in-person interactions, everything feels smooth and efficient. I highly recommend their service to anyone looking for reliability."
IMRO-6257-HDTP-4980,41,2015,yes,yes,no,5,46266.27,483504.04,San Francisco,Bank of America , Embarcadero,medium,medium,"I've had an excellent experience with the bank's friendly customer service. Their team is consistently supportive, and using their services has made managing my finances much easier. From digital banking to in-person interactions, everything feels smooth and efficient. I highly recommend their service to anyone looking for reliability."
WNWK-5587-PRBT-3628,50,2007,yes,yes,no,2,190584.15,481322.15,Dallas,Wells Fargo , Main Street Dallas,medium,high,"My recent interactions with the bank have been disappointing, particularly related to app crashes during payment. Customer support was slow to respond, and I encountered multiple obstacles while trying to resolve basic issues. The overall banking experience left much to be desired, pushing me to consider alternatives."
EWGY-6346-DROA-9854,83,1995,yes,yes,yes,5,143785.64,194644.82,Dallas,Wells Fargo , Main Street Dallas,high,medium,"I've had an excellent experience with the bank's easy credit card replacement. Their team is consistently supportive, and using their services has made managing my finances much easier. From digital banking to in-person interactions, everything feels smooth and efficient. I highly recommend their service to anyone looking for reliability."
OMZN-3681-UQQA-6512,54,2011,no,no,yes,1,155322.72,342914.37,Boston,Bank of America , Boylston Street,low,low,"I've had an excellent experience with the bank's reward programs. Their team is consistently supportive, and using their services has made managing my finances much easier. From digital banking to in-person interactions, everything feels smooth and efficient. I highly recommend their service to anyone looking for reliability."
BBAY-2714-DOLQ-8164,24,2019,no,no,yes,1,242834.26,204194.4,Austin,Wells Fargo , Congress Avenue,medium,low,"My experience with the bank has been generally fine, especially regarding ok rewards. There have been occasional issues but nothing too disruptive. Service is functional and gets the job done. I wouldn't call it exceptional, but it certainly meets most of my banking needs without much hassle."
EIZW-7101-KYQG-3191,21,2022,yes,no,no,5,51251.89,210799.69,Dallas,Wells Fargo , Main Street Dallas,medium,low,"My experience with the bank has been generally fine, especially regarding mobile deposit takes time. There have been occasional issues but nothing too disruptive. Service is functional and gets the job done. I wouldn't call it exceptional, but it certainly meets most of my banking needs without much hassle."
GLSW-9998-RGHB-5403,26,2017,no,yes,yes,2,239399.82,340447.63,Chicago,Bank of America , Magnificent Mile,low,medium,"I've had an excellent experience with the bank's fraud protection efficiency. Their team is consistently supportive, and using their services has made managing my finances much easier. From digital banking to in-person interactions, everything feels smooth and efficient. I highly recommend their service to anyone looking for reliability."
GRAW-0158-THAS-7303,72,2021,yes,no,no,1,96512.34,220018.85,Los Angeles,Chase , Downtown LA,low,medium,"My recent interactions with the bank have been disappointing, particularly related to poor customer service. Customer support was slow to respond, and I encountered multiple obstacles while trying to resolve basic issues. The overall banking experience left much to be desired, pushing me to consider alternatives."
NTDT-6859-IEIV-5671,56,1994,yes,yes,no,2,118949.34,132674.14,Chicago,Bank of America , Magnificent Mile,high,medium,"I've had an excellent experience with the bank's reward programs. Their team is consistently supportive, and using their services has made managing my finances much easier. From digital banking to in-person interactions, everything feels smooth and efficient. I highly recommend their service to anyone looking for reliability."
GGCI-2175-XYRV-4645,45,1998,no,no,yes,2,184830.25,61554.12,Dallas,Wells Fargo , Main Street Dallas,high,low,"My recent interactions with the bank have been disappointing, particularly related to app crashes during payment. Customer support was slow to respond, and I encountered multiple obstacles while trying to resolve basic issues. The overall banking experience left much to be desired, pushing me to consider alternatives."
NLEN-9989-AWFC-0005,68,2017,no,no,yes,3,92572.96,442587.35,Boston,Bank of America , Boylston Street,high,low,"My recent interactions with the bank have been disappointing, particularly related to confusing mortgage process. Customer support was slow to respond, and I encountered multiple obstacles while trying to resolve basic issues. The overall banking experience left much to be desired, pushing me to consider alternatives."
ZKLK-3080-HKSB-4854,81,2006,no,no,yes,2,176366.22,24588.01,Los Angeles,Chase , Downtown LA,low,low,"I've had an excellent experience with the bank's mobile check deposits. Their team is consistently supportive, and using their services has made managing my finances much easier. From digital banking to in-person interactions, everything feels smooth and efficient. I highly recommend their service to anyone looking for reliability."
VXOU-0442-NBNO-8992,51,2005,yes,yes,yes,1,21000.36,179940.35,Austin,Wells Fargo , Congress Avenue,medium,low,"My experience with the bank has been generally fine, especially regarding long wait times sometimes. There have been occasional issues but nothing too disruptive. Service is functional and gets the job done. I wouldn't call it exceptional, but it certainly meets most of my banking needs without much hassle."
KPWD-4552-RUOR-5660,79,2003,yes,yes,no,2,75882.92,93021.65,Los Angeles,Chase , Downtown LA,high,low,"I've had an excellent experience with the bank's quick mortgage approval. Their team is consistently supportive, and using their services has made managing my finances much easier. From digital banking to in-person interactions, everything feels smooth and efficient. I highly recommend their service to anyone looking for reliability."
VPLK-7591-BUSM-3992,68,2019,no,yes,no,1,118234.57,459223.09,San Francisco,Bank of America , Embarcadero,high,high,"I've had an excellent experience with the bank's quick mortgage approval. Their team is consistently supportive, and using their services has made managing my finances much easier. From digital banking to in-person interactions, everything feels smooth and efficient. I highly recommend their service to anyone looking for reliability."
ULSE-9534-NUDC-0094,61,1999,yes,yes,yes,5,57854.81,287615.82,Chicago,Bank of America , Magnificent Mile,medium,high,"I've had an excellent experience with the bank's helpful financial advice. Their team is consistently supportive, and using their services has made managing my finances much easier. From digital banking to in-person interactions, everything feels smooth and efficient. I highly recommend their service to anyone looking for reliability."
OIUS-6333-TREJ-4340,42,2004,yes,no,no,1,64918.19,148461.22,New York,Chase , 5th Avenue,high,low,"I've had an excellent experience with the bank's seamless online banking. Their team is consistently supportive, and using their services has made managing my finances much easier. From digital banking to in-person interactions, everything feels smooth and efficient. I highly recommend their service to anyone looking for reliability."
VMPE-6634-JBIA-4248,37,2006,no,no,no,0,92140.09,134364.5,Denver,Chase , Denver 16th Street,medium,low,"My experience with the bank has been generally fine, especially regarding no major issues. There have been occasional issues but nothing too disruptive. Service is functional and gets the job done. I wouldn't call it exceptional, but it certainly meets most of my banking needs without much hassle."
NHVP-8743-XZRF-5422,59,2017,yes,yes,yes,3,21921.8,358310.5,Seattle,Chase , Seattle Pike Street,medium,medium,"I've had an excellent experience with the bank's Zelle payment speed. Their team is consistently supportive, and using their services has made managing my finances much easier. From digital banking to in-person interactions, everything feels smooth and efficient. I highly recommend their service to anyone looking for reliability."
SSQA-3999-MORS-8242,41,2017,yes,yes,no,3,124848.26,109171.96,Los Angeles,Chase , Downtown LA,low,medium,"I've had an excellent experience with the bank's quick mortgage approval. Their team is consistently supportive, and using their services has made managing my finances much easier. From digital banking to in-person interactions, everything feels smooth and efficient. I highly recommend their service to anyone looking for reliability."
ONNE-2980-NODY-9316,68,2015,no,no,yes,3,15810.52,279255.85,Boston,Bank of America , Boylston Street,low,low,"My recent interactions with the bank have been disappointing, particularly related to long branch lines. Customer support was slow to respond, and I encountered multiple obstacles while trying to resolve basic issues. The overall banking experience left much to be desired, pushing me to consider alternatives."
YOGZ-0572-UKRE-3154,58,2000,no,yes,no,2,186062.64,18796.78,Seattle,Chase , Seattle Pike Street,medium,high,"I've had an excellent experience with the bank's fraud protection efficiency. Their team is consistently supportive, and using their services has made managing my finances much easier. From digital banking to in-person interactions, everything feels smooth and efficient. I highly recommend their service to anyone looking for reliability."
QKSS-7177-EBFO-6967,34,2021,no,yes,no,3,198652.79,183411.94,Dallas,Wells Fargo , Main Street Dallas,low,medium,"My recent interactions with the bank have been disappointing, particularly related to long branch lines. Customer support was slow to respond, and I encountered multiple obstacles while trying to resolve basic issues. The overall banking experience left much to be desired, pushing me to consider alternatives."
ACNK-7537-OCTL-9684,65,1990,no,yes,yes,2,72600.91,202418.98,Austin,Wells Fargo , Congress Avenue,high,high,"I've had an excellent experience with the bank's quick mortgage approval. Their team is consistently supportive, and using their services has made managing my finances much easier. From digital banking to in-person interactions, everything feels smooth and efficient. I highly recommend their service to anyone looking for reliability."
IPSR-9759-MWKO-3997,51,2016,yes,no,no,2,89039.4,242850.6,San Francisco,Bank of America , Embarcadero,high,low,"My recent interactions with the bank have been disappointing, particularly related to hidden banking fees. Customer support was slow to respond, and I encountered multiple obstacles while trying to resolve basic issues. The overall banking experience left much to be desired, pushing me to consider alternatives."
IAYZ-2429-MNIJ-6216,80,2024,no,yes,no,4,229765.28,253043.05,Miami,Wells Fargo , Brickell Avenue,low,high,"My experience with the bank has been generally fine, especially regarding standard credit card offers. There have been occasional issues but nothing too disruptive. Service is functional and gets the job done. I wouldn't call it exceptional, but it certainly meets most of my banking needs without much hassle."
SAKL-3302-QNIL-6047,19,2024,yes,yes,no,3,84700.73,63779.49,Denver,Chase , Denver 16th Street,high,low,"I've had an excellent experience with the bank's fraud protection efficiency. Their team is consistently supportive, and using their services has made managing my finances much easier. From digital banking to in-person interactions, everything feels smooth and efficient. I highly recommend their service to anyone looking for reliability."
ODOS-4600-WLVN-3690,30,2013,yes,yes,yes,5,218750.63,52164.7,Denver,Chase , Denver 16th Street,high,medium,"I've had an excellent experience with the bank's seamless online banking. Their team is consistently supportive, and using their services has made managing my finances much easier. From digital banking to in-person interactions, everything feels smooth and efficient. I highly recommend their service to anyone looking for reliability."
BZVQ-2641-DKKQ-0948,50,1993,yes,yes,yes,5,120851.06,370656.25,Boston,Bank of America , Boylston Street,low,low,"I've had an excellent experience with the bank's easy credit card replacement. Their team is consistently supportive, and using their services has made managing my finances much easier. From digital banking to in-person interactions, everything feels smooth and efficient. I highly recommend their service to anyone looking for reliability."
BMCZ-9227-IZNN-8153,56,2021,no,yes,yes,2,108457.54,230547.58,Los Angeles,Chase , Downtown LA,high,high,"My experience with the bank has been generally fine, especially regarding no major issues. There have been occasional issues but nothing too disruptive. Service is functional and gets the job done. I wouldn't call it exceptional, but it certainly meets most of my banking needs without much hassle."
VTFI-9057-JQQG-2158,82,2023,yes,yes,yes,3,138577,273018.11,Austin,Wells Fargo , Congress Avenue,medium,low,"I've had an excellent experience with the bank's helpful financial advice. Their team is consistently supportive, and using their services has made managing my finances much easier. From digital banking to in-person interactions, everything feels smooth and efficient. I highly recommend their service to anyone looking for reliability."
SFUP-8079-XNPA-2000,55,1994,no,yes,no,5,33103.22,365643.64,San Francisco,Bank of America , Embarcadero,high,high,"My recent interactions with the bank have been disappointing, particularly related to poor loyalty offers. Customer support was slow to respond, and I encountered multiple obstacles while trying to resolve basic issues. The overall banking experience left much to be desired, pushing me to consider alternatives."
TDMN-3502-FBDA-8289,69,2009,no,no,no,0,191964.01,162283.65,Dallas,Wells Fargo , Main Street Dallas,medium,high,"My experience with the bank has been generally fine, especially regarding basic fraud alerts. There have been occasional issues but nothing too disruptive. Service is functional and gets the job done. I wouldn't call it exceptional, but it certainly meets most of my banking needs without much hassle."
CVEO-8291-UZTV-7594,67,2002,yes,yes,no,1,62312.69,401992.48,Austin,Wells Fargo , Congress Avenue,low,high,"My experience with the bank has been generally fine, especially regarding average online experience. There have been occasional issues but nothing too disruptive. Service is functional and gets the job done. I wouldn't call it exceptional, but it certainly meets most of my banking needs without much hassle."
FJNX-8798-AVWW-5626,71,1995,no,no,yes,5,38254.77,161325.76,New York,Chase , 5th Avenue,medium,high,"My experience with the bank has been generally fine, especially regarding good but glitchy app. There have been occasional issues but nothing too disruptive. Service is functional and gets the job done. I wouldn't call it exceptional, but it certainly meets most of my banking needs without much hassle."
RHKP-0435-GJDX-8307,70,2007,no,no,no,0,92027.89,379324.51,Austin,Wells Fargo , Congress Avenue,medium,medium,"My recent interactions with the bank have been disappointing, particularly related to poor loyalty offers. Customer support was slow to respond, and I encountered multiple obstacles while trying to resolve basic issues. The overall banking experience left much to be desired, pushing me to consider alternatives."
LSCD-8597-LPUK-4150,78,2017,no,yes,yes,3,105807.48,223205.41,Miami,Wells Fargo , Brickell Avenue,high,medium,"I've had an excellent experience with the bank's reward programs. Their team is consistently supportive, and using their services has made managing my finances much easier. From digital banking to in-person interactions, everything feels smooth and efficient. I highly recommend their service to anyone looking for reliability."
LHAW-9264-CCWO-7615,25,2018,yes,no,no,2,75008.19,53255.69,Boston,Bank of America , Boylston Street,low,medium,"I've had an excellent experience with the bank's reward programs. Their team is consistently supportive, and using their services has made managing my finances much easier. From digital banking to in-person interactions, everything feels smooth and efficient. I highly recommend their service to anyone looking for reliability."
UGEK-7937-ZAQW-3299,83,2020,no,yes,yes,1,62373.87,203267.95,Dallas,Wells Fargo , Main Street Dallas,high,medium,"I've had an excellent experience with the bank's friendly customer service. Their team is consistently supportive, and using their services has made managing my finances much easier. From digital banking to in-person interactions, everything feels smooth and efficient. I highly recommend their service to anyone looking for reliability."
WMWN-7758-KTXK-1292,58,2020,yes,yes,no,5,240207.9,204104.63,New York,Chase , 5th Avenue,low,high,"My experience with the bank has been generally fine, especially regarding standard credit card offers. There have been occasional issues but nothing too disruptive. Service is functional and gets the job done. I wouldn't call it exceptional, but it certainly meets most of my banking needs without much hassle."
HXEV-4368-KXQP-2212,45,2022,no,yes,yes,4,202368.7,166392.27,Dallas,Wells Fargo , Main Street Dallas,low,high,"I've had an excellent experience with the bank's quick mortgage approval. Their team is consistently supportive, and using their services has made managing my finances much easier. From digital banking to in-person interactions, everything feels smooth and efficient. I highly recommend their service to anyone looking for reliability."
KWZP-2546-SVQL-3746,46,1997,no,yes,yes,2,171973.76,6057.99,Denver,Chase , Denver 16th Street,medium,high,"My recent interactions with the bank have been disappointing, particularly related to poor loyalty offers. Customer support was slow to respond, and I encountered multiple obstacles while trying to resolve basic issues. The overall banking experience left much to be desired, pushing me to consider alternatives."
GVTZ-9939-WKFE-2769,80,2021,yes,no,no,1,145481.09,54757.94,Miami,Wells Fargo , Brickell Avenue,medium,medium,"My experience with the bank has been generally fine, especially regarding ok rewards. There have been occasional issues but nothing too disruptive. Service is functional and gets the job done. I wouldn't call it exceptional, but it certainly meets most of my banking needs without much hassle."
BGVR-7214-FNAK-3064,19,2024,no,yes,no,1,98175.31,385037,Denver,Chase , Denver 16th Street,high,medium,"I've had an excellent experience with the bank's helpful financial advice. Their team is consistently supportive, and using their services has made managing my finances much easier. From digital banking to in-person interactions, everything feels smooth and efficient. I highly recommend their service to anyone looking for reliability."
ZMNO-4391-REZW-6624,59,2021,yes,no,yes,2,152352.33,313968.66,Dallas,Wells Fargo , Main Street Dallas,high,low,"My experience with the bank has been generally fine, especially regarding average service quality. There have been occasional issues but nothing too disruptive. Service is functional and gets the job done. I wouldn't call it exceptional, but it certainly meets most of my banking needs without much hassle."
LCUF-2607-STAF-1064,18,2025,no,no,yes,5,219899.54,428306.72,Chicago,Bank of America , Magnificent Mile,low,low,"My recent interactions with the bank have been disappointing, particularly related to hidden banking fees. Customer support was slow to respond, and I encountered multiple obstacles while trying to resolve basic issues. The overall banking experience left much to be desired, pushing me to consider alternatives."
RRXV-0394-CHRS-7805,35,2011,no,yes,no,1,213430.25,76782.43,San Francisco,Bank of America , Embarcadero,low,low,"My experience with the bank has been generally fine, especially regarding ordinary mortgage process. There have been occasional issues but nothing too disruptive. Service is functional and gets the job done. I wouldn't call it exceptional, but it certainly meets most of my banking needs without much hassle."
WYDJ-1421-EZYG-1663,76,2020,no,no,no,0,158270.68,477833.76,Denver,Chase , Denver 16th Street,low,high,"My recent interactions with the bank have been disappointing, particularly related to slow fraud resolution. Customer support was slow to respond, and I encountered multiple obstacles while trying to resolve basic issues. The overall banking experience left much to be desired, pushing me to consider alternatives."
VXKZ-5177-FLRG-7616,72,2007,yes,yes,yes,4,137665.83,361954.39,Dallas,Wells Fargo , Main Street Dallas,high,medium,"I've had an excellent experience with the bank's helpful financial advice. Their team is consistently supportive, and using their services has made managing my finances much easier. From digital banking to in-person interactions, everything feels smooth and efficient. I highly recommend their service to anyone looking for reliability."
SDQD-9670-SRXD-1143,53,1996,no,yes,yes,5,195116.47,84157.63,Boston,Bank of America , Boylston Street,medium,low,"I've had an excellent experience with the bank's helpful financial advice. Their team is consistently supportive, and using their services has made managing my finances much easier. From digital banking to in-person interactions, everything feels smooth and efficient. I highly recommend their service to anyone looking for reliability."
NHMH-5395-NMHN-0786,66,2007,yes,no,no,3,83745.85,258176.87,San Francisco,Bank of America , Embarcadero,low,medium,"My recent interactions with the bank have been disappointing, particularly related to poor loyalty offers. Customer support was slow to respond, and I encountered multiple obstacles while trying to resolve basic issues. The overall banking experience left much to be desired, pushing me to consider alternatives."
NGXP-3789-EUET-7106,67,2015,yes,yes,yes,2,36684.09,405981.82,Los Angeles,Chase , Downtown LA,low,medium,"My recent interactions with the bank have been disappointing, particularly related to long branch lines. Customer support was slow to respond, and I encountered multiple obstacles while trying to resolve basic issues. The overall banking experience left much to be desired, pushing me to consider alternatives."
LFFT-5950-LSXU-3519,55,1999,no,no,no,0,88416.18,311428.77,Boston,Bank of America , Boylston Street,high,low,"My experience with the bank has been generally fine, especially regarding good but glitchy app. There have been occasional issues but nothing too disruptive. Service is functional and gets the job done. I wouldn't call it exceptional, but it certainly meets most of my banking needs without much hassle."
ZTTW-5189-OVUO-3783,35,2019,yes,yes,no,4,120822.84,251293.45,Seattle,Chase , Seattle Pike Street,high,low,"I've had an excellent experience with the bank's easy credit card replacement. Their team is consistently supportive, and using their services has made managing my finances much easier. From digital banking to in-person interactions, everything feels smooth and efficient. I highly recommend their service to anyone looking for reliability."
IRAZ-8391-RMVX-9335,78,1993,yes,no,no,2,220136.46,357233.68,Chicago,Bank of America , Magnificent Mile,high,high,"I've had an excellent experience with the bank's easy credit card replacement. Their team is consistently supportive, and using their services has made managing my finances much easier. From digital banking to in-person interactions, everything feels smooth and efficient. I highly recommend their service to anyone looking for reliability."
BOUV-3354-JNRJ-2799,53,2019,no,no,no,0,162373.18,222585.01,Austin,Wells Fargo , Congress Avenue,medium,medium,"I've had an excellent experience with the bank's helpful financial advice. Their team is consistently supportive, and using their services has made managing my finances much easier. From digital banking to in-person interactions, everything feels smooth and efficient. I highly recommend their service to anyone looking for reliability."
FVDY-7026-YWJM-3463,85,1994,yes,no,yes,3,135834.26,176371.18,San Francisco,Bank of America , Embarcadero,low,medium,"I've had an excellent experience with the bank's mobile check deposits. Their team is consistently supportive, and using their services has made managing my finances much easier. From digital banking to in-person interactions, everything feels smooth and efficient. I highly recommend their service to anyone looking for reliability."
SUSI-3292-IMPU-3724,56,2013,no,yes,no,4,64373,131787.27,Austin,Wells Fargo , Congress Avenue,high,medium,"My experience with the bank has been generally fine, especially regarding average service quality. There have been occasional issues but nothing too disruptive. Service is functional and gets the job done. I wouldn't call it exceptional, but it certainly meets most of my banking needs without much hassle."
TRKB-6927-MTJO-7755,20,2023,yes,no,no,2,50470.35,296838.91,Seattle,Chase , Seattle Pike Street,high,low,"I've had an excellent experience with the bank's helpful financial advice. Their team is consistently supportive, and using their services has made managing my finances much easier. From digital banking to in-person interactions, everything feels smooth and efficient. I highly recommend their service to anyone looking for reliability."
LAJA-8255-GFMT-0661,21,2022,yes,yes,yes,4,167054.56,270010.19,Chicago,Bank of America , Magnificent Mile,high,medium,"I've had an excellent experience with the bank's mobile check deposits. Their team is consistently supportive, and using their services has made managing my finances much easier. From digital banking to in-person interactions, everything feels smooth and efficient. I highly recommend their service to anyone looking for reliability."
TTZL-0474-GUND-8498,21,2022,yes,no,no,5,193699.9,482862.02,Miami,Wells Fargo , Brickell Avenue,low,low,"My experience with the bank has been generally fine, especially regarding good but glitchy app. There have been occasional issues but nothing too disruptive. Service is functional and gets the job done. I wouldn't call it exceptional, but it certainly meets most of my banking needs without much hassle."
NRNE-9853-SDCH-8075,34,2009,no,yes,yes,3,145020.63,446732.79,New York,Chase , 5th Avenue,low,medium,"I've had an excellent experience with the bank's mobile check deposits. Their team is consistently supportive, and using their services has made managing my finances much easier. From digital banking to in-person interactions, everything feels smooth and efficient. I highly recommend their service to anyone looking for reliability."
KHCM-2309-ZJTL-3266,56,2019,yes,yes,no,5,113869.94,163951.82,Boston,Bank of America , Boylston Street,high,high,"My recent interactions with the bank have been disappointing, particularly related to hidden banking fees. Customer support was slow to respond, and I encountered multiple obstacles while trying to resolve basic issues. The overall banking experience left much to be desired, pushing me to consider alternatives."
NLZP-5129-KOWZ-9212,42,2011,no,no,yes,3,118930.91,369867.54,Seattle,Chase , Seattle Pike Street,low,high,"My experience with the bank has been generally fine, especially regarding standard credit card offers. There have been occasional issues but nothing too disruptive. Service is functional and gets the job done. I wouldn't call it exceptional, but it certainly meets most of my banking needs without much hassle."
GDJD-6842-CZKR-4106,60,2011,yes,no,no,5,227691.05,178738.2,Los Angeles,Chase , Downtown LA,high,low,"I've had an excellent experience with the bank's fraud protection efficiency. Their team is consistently supportive, and using their services has made managing my finances much easier. From digital banking to in-person interactions, everything feels smooth and efficient. I highly recommend their service to anyone looking for reliability."
IONU-6870-UZLB-8037,46,2023,no,no,no,0,88127.21,490927.79,Boston,Bank of America , Boylston Street,high,low,"My experience with the bank has been generally fine, especially regarding ordinary mortgage process. There have been occasional issues but nothing too disruptive. Service is functional and gets the job done. I wouldn't call it exceptional, but it certainly meets most of my banking needs without much hassle."
SSMH-7267-YPLA-0918,26,2017,no,yes,yes,1,235009.12,488888.44,Miami,Wells Fargo , Brickell Avenue,medium,low,"I've had an excellent experience with the bank's reward programs. Their team is consistently supportive, and using their services has made managing my finances much easier. From digital banking to in-person interactions, everything feels smooth and efficient. I highly recommend their service to anyone looking for reliability."
GQQO-9585-FCQM-9132,74,1997,no,no,yes,5,23806.5,319435.06,Los Angeles,Chase , Downtown LA,medium,high,"I've had an excellent experience with the bank's helpful financial advice. Their team is consistently supportive, and using their services has made managing my finances much easier. From digital banking to in-person interactions, everything feels smooth and efficient. I highly recommend their service to anyone looking for reliability."
HNOC-8119-JPQN-6032,36,2007,no,no,no,0,135408.86,131702.29,Austin,Wells Fargo , Congress Avenue,medium,high,"My experience with the bank has been generally fine, especially regarding average service quality. There have been occasional issues but nothing too disruptive. Service is functional and gets the job done. I wouldn't call it exceptional, but it certainly meets most of my banking needs without much hassle."
TPPQ-6337-XWMB-4188,72,2017,no,yes,yes,3,66213.36,67356.28,Dallas,Wells Fargo , Main Street Dallas,medium,medium,"I've had an excellent experience with the bank's easy credit card replacement. Their team is consistently supportive, and using their services has made managing my finances much easier. From digital banking to in-person interactions, everything feels smooth and efficient. I highly recommend their service to anyone looking for reliability."
OMWI-5645-WBSZ-5461,82,2003,yes,no,no,2,121456.41,458498.25,Los Angeles,Chase , Downtown LA,high,high,"My recent interactions with the bank have been disappointing, particularly related to slow fraud resolution. Customer support was slow to respond, and I encountered multiple obstacles while trying to resolve basic issues. The overall banking experience left much to be desired, pushing me to consider alternatives."
JBTT-0219-ZPUR-9996,47,1996,no,yes,yes,1,147759.69,44364.12,Chicago,Bank of America , Magnificent Mile,high,medium,"My recent interactions with the bank have been disappointing, particularly related to slow fraud resolution. Customer support was slow to respond, and I encountered multiple obstacles while trying to resolve basic issues. The overall banking experience left much to be desired, pushing me to consider alternatives."
VRJE-6671-VYVT-8084,47,2004,yes,no,yes,3,215816.06,368194,Dallas,Wells Fargo , Main Street Dallas,low,high,"My recent interactions with the bank have been disappointing, particularly related to unreliable mobile app. Customer support was slow to respond, and I encountered multiple obstacles while trying to resolve basic issues. The overall banking experience left much to be desired, pushing me to consider alternatives."
RTGZ-0941-TOMG-2575,49,2017,no,yes,no,1,85474.41,397354.58,San Francisco,Bank of America , Embarcadero,medium,high,"My recent interactions with the bank have been disappointing, particularly related to loan approval frustration. Customer support was slow to respond, and I encountered multiple obstacles while trying to resolve basic issues. The overall banking experience left much to be desired, pushing me to consider alternatives."
EETV-1653-QXGY-1381,33,2012,no,no,yes,5,129458.2,370361.84,Dallas,Wells Fargo , Main Street Dallas,high,low,"I've had an excellent experience with the bank's quick mortgage approval. Their team is consistently supportive, and using their services has made managing my finances much easier. From digital banking to in-person interactions, everything feels smooth and efficient. I highly recommend their service to anyone looking for reliability."
HOPX-4842-IAPK-8632,18,2025,yes,yes,yes,3,135700.77,47021.67,Seattle,Chase , Seattle Pike Street,high,high,"I've had an excellent experience with the bank's Zelle payment speed. Their team is consistently supportive, and using their services has made managing my finances much easier. From digital banking to in-person interactions, everything feels smooth and efficient. I highly recommend their service to anyone looking for reliability."
FWOA-8902-UTYT-3279,30,2013,no,no,no,0,179276.86,29286.81,Miami,Wells Fargo , Brickell Avenue,high,medium,"My recent interactions with the bank have been disappointing, particularly related to loan approval frustration. Customer support was slow to respond, and I encountered multiple obstacles while trying to resolve basic issues. The overall banking experience left much to be desired, pushing me to consider alternatives."
KAUC-0858-VYVT-6320,75,2008,yes,yes,yes,4,110191,332218.96,Boston,Bank of America , Boylston Street,low,low,"I've had an excellent experience with the bank's Zelle payment speed. Their team is consistently supportive, and using their services has made managing my finances much easier. From digital banking to in-person interactions, everything feels smooth and efficient. I highly recommend their service to anyone looking for reliability."
QRCX-7834-YCVB-2608,62,1991,no,yes,yes,4,224312.55,207808.06,New York,Chase , 5th Avenue,medium,medium,"I've had an excellent experience with the bank's seamless online banking. Their team is consistently supportive, and using their services has made managing my finances much easier. From digital banking to in-person interactions, everything feels smooth and efficient. I highly recommend their service to anyone looking for reliability."
CMXJ-9044-FZNN-9086,71,2016,no,yes,yes,1,249384.74,373302.74,Miami,Wells Fargo , Brickell Avenue,low,medium,"My experience with the bank has been generally fine, especially regarding mobile deposit takes time. There have been occasional issues but nothing too disruptive. Service is functional and gets the job done. I wouldn't call it exceptional, but it certainly meets most of my banking needs without much hassle."
IXKL-1387-XRFM-3924,34,2009,yes,no,yes,1,226416.43,104378.39,Chicago,Bank of America , Magnificent Mile,medium,medium,"I've had an excellent experience with the bank's quick mortgage approval. Their team is consistently supportive, and using their services has made managing my finances much easier. From digital banking to in-person interactions, everything feels smooth and efficient. I highly recommend their service to anyone looking for reliability."
UAGL-4461-QPBG-0294,80,2012,yes,yes,no,3,159353.02,163698.92,Boston,Bank of America , Boylston Street,high,medium,"I've had an excellent experience with the bank's seamless online banking. Their team is consistently supportive, and using their services has made managing my finances much easier. From digital banking to in-person interactions, everything feels smooth and efficient. I highly recommend their service to anyone looking for reliability."
AKPY-7833-TXDL-5652,53,2008,yes,yes,yes,1,197563.06,175230.93,Dallas,Wells Fargo , Main Street Dallas,medium,medium,"I've had an excellent experience with the bank's friendly customer service. Their team is consistently supportive, and using their services has made managing my finances much easier. From digital banking to in-person interactions, everything feels smooth and efficient. I highly recommend their service to anyone looking for reliability."
XAMM-9779-UTIQ-8449,57,1998,no,yes,yes,4,105176.57,244808.13,Seattle,Chase , Seattle Pike Street,low,medium,"I've had an excellent experience with the bank's seamless online banking. Their team is consistently supportive, and using their services has made managing my finances much easier. From digital banking to in-person interactions, everything feels smooth and efficient. I highly recommend their service to anyone looking for reliability."
CGFF-9757-FGEQ-7248,63,2014,no,no,yes,5,57936.31,342654.55,Los Angeles,Chase , Downtown LA,medium,medium,"I've had an excellent experience with the bank's mobile check deposits. Their team is consistently supportive, and using their services has made managing my finances much easier. From digital banking to in-person interactions, everything feels smooth and efficient. I highly recommend their service to anyone looking for reliability."
BQGY-6233-MWWP-9002,23,2020,yes,no,yes,1,189593.51,167261.28,Miami,Wells Fargo , Brickell Avenue,low,high,"I've had an excellent experience with the bank's mobile check deposits. Their team is consistently supportive, and using their services has made managing my finances much easier. From digital banking to in-person interactions, everything feels smooth and efficient. I highly recommend their service to anyone looking for reliability."
CHNM-8182-JSME-4400,50,2015,no,yes,yes,4,228992.17,114346.91,Los Angeles,Chase , Downtown LA,low,medium,"I've had an excellent experience with the bank's reward programs. Their team is consistently supportive, and using their services has made managing my finances much easier. From digital banking to in-person interactions, everything feels smooth and efficient. I highly recommend their service to anyone looking for reliability."
UWFV-0734-AQTL-2642,47,1996,no,no,no,0,186835.54,347878.25,Austin,Wells Fargo , Congress Avenue,medium,high,"My recent interactions with the bank have been disappointing, particularly related to credit card disputes delays. Customer support was slow to respond, and I encountered multiple obstacles while trying to resolve basic issues. The overall banking experience left much to be desired, pushing me to consider alternatives."
PNWA-4247-CLQG-8791,43,2000,no,yes,yes,2,178720.34,294180.11,Austin,Wells Fargo , Congress Avenue,high,high,"I've had an excellent experience with the bank's mobile check deposits. Their team is consistently supportive, and using their services has made managing my finances much easier. From digital banking to in-person interactions, everything feels smooth and efficient. I highly recommend their service to anyone looking for reliability."
ZDDE-0482-HRQT-1907,45,1998,yes,yes,no,5,152043.28,142707.45,Austin,Wells Fargo , Congress Avenue,medium,medium,"My experience with the bank has been generally fine, especially regarding basic fraud alerts. There have been occasional issues but nothing too disruptive. Service is functional and gets the job done. I wouldn't call it exceptional, but it certainly meets most of my banking needs without much hassle."
CQAV-4871-DNQX-9701,83,2002,yes,no,yes,5,38477.74,348355.13,Seattle,Chase , Seattle Pike Street,medium,low,"I've had an excellent experience with the bank's friendly customer service. Their team is consistently supportive, and using their services has made managing my finances much easier. From digital banking to in-person interactions, everything feels smooth and efficient. I highly recommend their service to anyone looking for reliability."
YOCG-1798-JNNM-9755,28,2015,yes,yes,no,1,116786.53,267430.34,Miami,Wells Fargo , Brickell Avenue,low,high,"I've had an excellent experience with the bank's easy credit card replacement. Their team is consistently supportive, and using their services has made managing my finances much easier. From digital banking to in-person interactions, everything feels smooth and efficient. I highly recommend their service to anyone looking for reliability."
OPAL-8618-KZKS-0972,27,2019,yes,yes,no,5,138258.79,211622.34,Miami,Wells Fargo , Brickell Avenue,low,medium,"I've had an excellent experience with the bank's Zelle payment speed. Their team is consistently supportive, and using their services has made managing my finances much easier. From digital banking to in-person interactions, everything feels smooth and efficient. I highly recommend their service to anyone looking for reliability."
ITRH-4701-PABS-8771,18,2025,no,yes,yes,5,31943.97,471032.85,Austin,Wells Fargo , Congress Avenue,low,high,"I've had an excellent experience with the bank's seamless online banking. Their team is consistently supportive, and using their services has made managing my finances much easier. From digital banking to in-person interactions, everything feels smooth and efficient. I highly recommend their service to anyone looking for reliability."
TGSU-2137-KLYH-9985,22,2021,yes,yes,yes,1,240350.34,215868.61,Los Angeles,Chase , Downtown LA,medium,high,"I've had an excellent experience with the bank's seamless online banking. Their team is consistently supportive, and using their services has made managing my finances much easier. From digital banking to in-person interactions, everything feels smooth and efficient. I highly recommend their service to anyone looking for reliability."
AQPP-4182-KUKE-5170,59,1998,yes,no,yes,1,82979.88,76701.27,San Francisco,Bank of America , Embarcadero,medium,medium,"My recent interactions with the bank have been disappointing, particularly related to long branch lines. Customer support was slow to respond, and I encountered multiple obstacles while trying to resolve basic issues. The overall banking experience left much to be desired, pushing me to consider alternatives."
HINV-5992-VXKZ-5925,58,1994,no,no,yes,3,37430.39,429958.14,Austin,Wells Fargo , Congress Avenue,medium,low,"I've had an excellent experience with the bank's friendly customer service. Their team is consistently supportive, and using their services has made managing my finances much easier. From digital banking to in-person interactions, everything feels smooth and efficient. I highly recommend their service to anyone looking for reliability."
PJQS-9666-SQIA-9479,36,2007,yes,yes,no,4,22404.18,159758.06,Los Angeles,Chase , Downtown LA,high,low,"My recent interactions with the bank have been disappointing, particularly related to poor loyalty offers. Customer support was slow to respond, and I encountered multiple obstacles while trying to resolve basic issues. The overall banking experience left much to be desired, pushing me to consider alternatives."
WVOU-0855-BAVL-6976,24,2019,no,yes,yes,4,240806.87,369580.1,Chicago,Bank of America , Magnificent Mile,low,low,"My recent interactions with the bank have been disappointing, particularly related to unreliable mobile app. Customer support was slow to respond, and I encountered multiple obstacles while trying to resolve basic issues. The overall banking experience left much to be desired, pushing me to consider alternatives."
HDIP-7231-RJSM-8854,50,2024,no,yes,yes,4,38741.76,113912.46,Miami,Wells Fargo , Brickell Avenue,low,medium,"My recent interactions with the bank have been disappointing, particularly related to credit card disputes delays. Customer support was slow to respond, and I encountered multiple obstacles while trying to resolve basic issues. The overall banking experience left much to be desired, pushing me to consider alternatives."
EGTJ-0563-VGQZ-0668,32,2011,yes,yes,no,2,210614.9,205860.22,Chicago,Bank of America , Magnificent Mile,medium,medium,"My experience with the bank has been generally fine, especially regarding mobile deposit takes time. There have been occasional issues but nothing too disruptive. Service is functional and gets the job done. I wouldn't call it exceptional, but it certainly meets most of my banking needs without much hassle."
LBWT-4229-HACJ-2591,41,2022,no,no,no,0,119038.83,396525.64,Chicago,Bank of America , Magnificent Mile,low,medium,"I've had an excellent experience with the bank's reward programs. Their team is consistently supportive, and using their services has made managing my finances much easier. From digital banking to in-person interactions, everything feels smooth and efficient. I highly recommend their service to anyone looking for reliability."
BFCM-3288-GNCV-2191,72,2002,no,yes,yes,5,205406.36,475377.78,Denver,Chase , Denver 16th Street,low,medium,"My experience with the bank has been generally fine, especially regarding mobile deposit takes time. There have been occasional issues but nothing too disruptive. Service is functional and gets the job done. I wouldn't call it exceptional, but it certainly meets most of my banking needs without much hassle."
ZYSW-9621-YYQZ-2228,49,2007,no,yes,no,1,98709.67,417419.6,Austin,Wells Fargo , Congress Avenue,low,medium,"My recent interactions with the bank have been disappointing, particularly related to slow fraud resolution. Customer support was slow to respond, and I encountered multiple obstacles while trying to resolve basic issues. The overall banking experience left much to be desired, pushing me to consider alternatives."
AWGC-3868-PHUE-4601,65,2011,yes,no,no,3,240703.68,184865.97,Chicago,Bank of America , Magnificent Mile,low,high,"I've had an excellent experience with the bank's seamless online banking. Their team is consistently supportive, and using their services has made managing my finances much easier. From digital banking to in-person interactions, everything feels smooth and efficient. I highly recommend their service to anyone looking for reliability."
QADS-4068-WLHI-8317,71,2016,no,yes,no,3,198947.72,184736.96,Boston,Bank of America , Boylston Street,low,medium,"I've had an excellent experience with the bank's mobile check deposits. Their team is consistently supportive, and using their services has made managing my finances much easier. From digital banking to in-person interactions, everything feels smooth and efficient. I highly recommend their service to anyone looking for reliability."
BIDD-1206-ULMY-8812,38,2008,no,no,no,0,184124.61,333461.68,Denver,Chase , Denver 16th Street,medium,low,"My recent interactions with the bank have been disappointing, particularly related to app crashes during payment. Customer support was slow to respond, and I encountered multiple obstacles while trying to resolve basic issues. The overall banking experience left much to be desired, pushing me to consider alternatives."
CXAG-5091-ZNRW-8077,34,2011,yes,yes,no,1,221195.99,353537.04,Boston,Bank of America , Boylston Street,medium,medium,"My experience with the bank has been generally fine, especially regarding mobile deposit takes time. There have been occasional issues but nothing too disruptive. Service is functional and gets the job done. I wouldn't call it exceptional, but it certainly meets most of my banking needs without much hassle."
CKJB-9470-JIQB-6995,31,2012,no,yes,yes,5,122551.65,322430.65,Denver,Chase , Denver 16th Street,medium,low,"I've had an excellent experience with the bank's reward programs. Their team is consistently supportive, and using their services has made managing my finances much easier. From digital banking to in-person interactions, everything feels smooth and efficient. I highly recommend their service to anyone looking for reliability."
DNTK-9309-ZUJD-5966,52,2003,no,no,no,0,191034.48,123175.5,Boston,Bank of America , Boylston Street,high,low,"I've had an excellent experience with the bank's fraud protection efficiency. Their team is consistently supportive, and using their services has made managing my finances much easier. From digital banking to in-person interactions, everything feels smooth and efficient. I highly recommend their service to anyone looking for reliability."
UBZX-5530-LVCX-8333,36,2008,no,yes,yes,3,37602.65,430222.07,Seattle,Chase , Seattle Pike Street,high,high,"I've had an excellent experience with the bank's seamless online banking. Their team is consistently supportive, and using their services has made managing my finances much easier. From digital banking to in-person interactions, everything feels smooth and efficient. I highly recommend their service to anyone looking for reliability."
ZJMU-8180-ZPDT-2494,83,2002,no,yes,yes,1,20433.54,403201.53,Miami,Wells Fargo , Brickell Avenue,medium,low,"I've had an excellent experience with the bank's seamless online banking. Their team is consistently supportive, and using their services has made managing my finances much easier. From digital banking to in-person interactions, everything feels smooth and efficient. I highly recommend their service to anyone looking for reliability."
VXDB-5594-FOLT-1835,39,2004,yes,no,no,3,240347.58,451917.98,Seattle,Chase , Seattle Pike Street,low,high,"I've had an excellent experience with the bank's Zelle payment speed. Their team is consistently supportive, and using their services has made managing my finances much easier. From digital banking to in-person interactions, everything feels smooth and efficient. I highly recommend their service to anyone looking for reliability."
